ID,Produto,Marca,Vendas,Valor Unitário,Categoria,Data da Venda,Nome do Cliente,Cidade do Cliente
1,Máquina de Lavar,Panasonic,2,370.25,Linha Branca,2025-04-04,Dra. Alexia Novaes,Viana do Sul
2,Ar-Condicionado,Britânia,4,3520.01,Climatização,2024-06-08,Letícia Porto,da Rocha de Cardoso
3,Aspirador de Pó,Philco,3,5874.38,Eletroportáteis,2023-12-19,Dra. Maria Sophia Porto,Araújo
4,Cafeteira,Brastemp,1,286.77,Eletroportáteis,2023-08-28,Ana Beatriz Cunha,Viana
5,Geladeira,Panasonic,3,781.0,Linha Branca,2024-10-13,Lucas Gabriel Ribeiro,Melo de Martins
6,Televisão,Philco,5,5661.64,Eletrônicos,2024-11-05,João Felipe Peixoto,Caldeira
7,Aspirador de Pó,Brastemp,2,5598.93,Eletroportáteis,2025-05-15,Lorena da Rocha,Peixoto da Praia
8,Ar-Condicionado,Consul,3,5458.43,Climatização,2023-10-20,Larissa da Cruz,Melo de Gomes
9,Televisão,LG,4,5118.49,Eletrônicos,2025-06-15,Eduarda das Neves,Gomes
10,Secadora,Mondial,5,2232.68,Linha Branca,2023-12-23,Benício Rocha,Freitas
11,Ar-Condicionado,Britânia,3,3490.21,Climatização,2025-07-03,Davi Lucca Nogueira,Pereira do Campo
12,Liquidificador,Brastemp,4,3506.15,Eletroportáteis,2024-06-17,Marcela Dias,Vieira do Amparo
13,Máquina de Lavar,Electrolux,3,2215.17,Linha Branca,2024-03-09,João Felipe Mendes,Vieira
14,Cafeteira,Brastemp,4,2235.28,Eletroportáteis,2025-01-02,Pedro Miguel Freitas,Nogueira da Serra
15,Geladeira,Mondial,5,240.56,Linha Branca,2024-08-02,Sofia Ribeiro,Aragão de Farias
16,Micro-ondas,Philco,5,1537.49,Eletroportáteis,2024-04-08,Renan da Cruz,Castro de Moura
17,Fogão,Philco,4,2600.07,Linha Branca,2023-11-15,Dr. Paulo Castro,Lima da Mata
18,Liquidificador,Mondial,1,5554.31,Eletroportáteis,2024-07-21,Sra. Mirella Duarte,Cardoso
19,Aspirador de Pó,Britânia,3,1107.85,Eletroportáteis,2023-12-27,Bruna Dias,Santos
20,Micro-ondas,Consul,5,1061.96,Eletroportáteis,2024-11-16,Luigi Teixeira,Silva de Castro
21,Fogão,Panasonic,4,318.39,Linha Branca,2024-11-23,Danilo Pinto,Peixoto
22,Ar-Condicionado,Mondial,3,919.13,Climatização,2023-12-02,Vicente da Mota,da Conceição do Galho
23,Máquina de Lavar,Mondial,2,4490.66,Linha Branca,2025-06-18,Sofia Cardoso,Silveira
24,Liquidificador,Brastemp,5,5399.02,Eletroportáteis,2025-04-08,Ana Vitória Lima,da Cruz
25,Ar-Condicionado,Brastemp,5,5359.27,Climatização,2024-08-30,Yago Nascimento,Sales do Campo
26,Televisão,Mondial,2,5178.56,Eletrônicos,2024-06-10,Gustavo Barros,Barbosa
27,Liquidificador,Britânia,5,1678.65,Eletroportáteis,2025-03-27,Emanuelly Barros,Pires Paulista
28,Aspirador de Pó,Midea,2,2775.31,Eletroportáteis,2024-02-25,Gabrielly Farias,Ribeiro do Campo
29,Micro-ondas,Philco,2,1866.6,Eletroportáteis,2025-03-06,Clarice Correia,Lopes
30,Cafeteira,Philco,5,810.67,Eletroportáteis,2025-05-13,Ana Clara Moraes,da Costa do Galho
31,Geladeira,Mondial,1,2114.95,Linha Branca,2024-07-21,Davi Lucas Ferreira,Mendes da Prata
32,Liquidificador,Midea,4,5490.5,Eletroportáteis,2023-07-27,Stella Ramos,Barros
33,Máquina de Lavar,Consul,1,3511.35,Linha Branca,2025-03-23,Vitor Mendes,Nascimento de Barros
34,Máquina de Lavar,Consul,4,3340.59,Linha Branca,2024-12-30,Natália Teixeira,Cardoso das Pedras
35,Liquidificador,Electrolux,4,724.45,Eletroportáteis,2024-07-20,Sabrina Alves,Ramos
36,Máquina de Lavar,Britânia,5,4352.37,Linha Branca,2024-08-04,Danilo Peixoto,Moreira
37,Secadora,Samsung,4,3873.37,Linha Branca,2023-07-31,Beatriz Martins,Pereira de Pires
38,Ar-Condicionado,Electrolux,1,5339.11,Climatização,2024-11-23,Vinicius da Conceição,Azevedo
39,Máquina de Lavar,Philco,4,321.95,Linha Branca,2024-02-28,Dr. Danilo Rocha,Azevedo
40,Aspirador de Pó,Philco,2,5839.99,Eletroportáteis,2024-05-06,Luiz Gustavo Pereira,da Conceição
41,Liquidificador,Electrolux,4,3542.46,Eletroportáteis,2024-06-07,Sr. Juan Silva,Azevedo Paulista
42,Secadora,Britânia,5,667.27,Linha Branca,2024-03-01,Levi Silva,Rezende de Minas
43,Máquina de Lavar,Philco,5,3069.22,Linha Branca,2024-01-01,Anthony Lopes,da Mota
44,Geladeira,Britânia,4,1258.92,Linha Branca,2025-01-21,Olivia Melo,Aragão
45,Máquina de Lavar,Midea,1,2116.23,Linha Branca,2024-11-11,Rafael Jesus,Oliveira
46,Cafeteira,Samsung,4,1970.48,Eletroportáteis,2025-02-04,Dra. Emanuella Gomes,Moraes de da Rosa
47,Máquina de Lavar,LG,1,1659.73,Linha Branca,2023-11-12,Ana Vitória Dias,Azevedo de da Paz
48,Secadora,Mondial,1,3885.57,Linha Branca,2025-05-11,Isadora Freitas,Jesus de Goiás
49,Televisão,Samsung,5,695.92,Eletrônicos,2023-10-01,Ian da Mota,da Costa de Monteiro
50,Micro-ondas,Consul,5,5497.91,Eletroportáteis,2023-10-23,Cecília da Conceição,Ramos
51,Liquidificador,Electrolux,5,1498.36,Eletroportáteis,2023-07-26,Maria Luiza da Mata,Alves
52,Micro-ondas,Consul,5,1553.69,Eletroportáteis,2024-07-17,Maysa Dias,da Conceição
53,Ar-Condicionado,Electrolux,3,516.48,Climatização,2025-03-02,João Lucas da Luz,Caldeira Verde
54,Cafeteira,Britânia,1,5257.21,Eletroportáteis,2024-11-30,Ana Carolina Fernandes,Nascimento do Galho
55,Cafeteira,Britânia,4,4776.6,Eletroportáteis,2024-04-26,Igor Farias,Fernandes do Amparo
56,Micro-ondas,Consul,5,5877.17,Eletroportáteis,2024-11-24,Maria Eduarda Silva,Ferreira de Silveira
57,Fogão,Electrolux,5,2646.02,Linha Branca,2024-10-01,Daniela da Paz,Moura
58,Geladeira,Panasonic,5,2113.33,Linha Branca,2023-11-14,Sra. Kamilly Nogueira,Almeida
59,Máquina de Lavar,Electrolux,3,2563.61,Linha Branca,2025-03-20,Thales Azevedo,Monteiro
60,Fogão,Consul,4,3994.07,Linha Branca,2024-07-03,Marcos Vinicius Lopes,Nogueira da Prata
61,Fogão,Electrolux,2,2932.88,Linha Branca,2024-12-09,Alana Silveira,Viana Alegre
62,Geladeira,Panasonic,5,2166.52,Linha Branca,2025-04-03,Laís Duarte,Pires
63,Micro-ondas,Consul,5,2426.57,Eletroportáteis,2024-10-25,Maria Julia Almeida,Melo dos Dourados
64,Micro-ondas,LG,5,647.58,Eletroportáteis,2025-03-18,João Lucas Silva,Viana da Prata
65,Ar-Condicionado,Electrolux,2,5134.2,Climatização,2024-04-25,Maitê Azevedo,Carvalho da Serra
66,Ar-Condicionado,LG,3,4002.48,Climatização,2023-07-22,Julia Silva,da Costa
67,Cafeteira,Philco,4,2369.9,Eletroportáteis,2023-07-16,Felipe Ribeiro,da Mota Alegre
68,Máquina de Lavar,Electrolux,2,2616.04,Linha Branca,2023-09-24,Luiz Henrique Viana,Ramos do Sul
69,Máquina de Lavar,Samsung,1,2530.69,Linha Branca,2024-02-02,Thales Carvalho,da Luz da Mata
70,Aspirador de Pó,Mondial,1,3807.02,Eletroportáteis,2024-05-04,Pedro Lucas Melo,Nunes
71,Televisão,Panasonic,5,1607.96,Eletrônicos,2024-07-16,Sr. Davi Lucas Melo,Rodrigues Paulista
72,Televisão,Mondial,2,1136.78,Eletrônicos,2025-02-10,Heloísa Lima,Araújo da Praia
73,Fogão,Samsung,3,4636.69,Linha Branca,2024-12-01,Pedro Miguel Barros,Teixeira
74,Fogão,Samsung,1,5354.87,Linha Branca,2024-12-18,Sra. Kamilly Rodrigues,Castro
75,Fogão,Panasonic,2,4042.32,Linha Branca,2023-09-26,Laís Pires,Freitas das Flores
76,Cafeteira,Panasonic,2,5274.25,Eletroportáteis,2025-02-28,Dra. Laís Silveira,Pereira
77,Micro-ondas,Electrolux,4,5849.02,Eletroportáteis,2025-05-06,Luigi Duarte,Cardoso de Araújo
78,Cafeteira,Brastemp,5,4375.95,Eletroportáteis,2024-06-17,Luigi Araújo,Monteiro do Amparo
79,Micro-ondas,Consul,1,5355.61,Eletroportáteis,2023-10-04,Luana Melo,Viana
80,Cafeteira,Brastemp,3,4246.38,Eletroportáteis,2025-04-12,Enzo da Rosa,Farias
81,Micro-ondas,Consul,4,1626.38,Eletroportáteis,2024-02-23,Dr. Caio Farias,Moraes do Campo
82,Máquina de Lavar,Consul,3,885.9,Linha Branca,2024-08-19,Alice Pinto,da Conceição das Pedras
83,Máquina de Lavar,Philco,5,5655.46,Linha Branca,2024-02-18,Dra. Alice Ferreira,Costela das Flores
84,Máquina de Lavar,Consul,2,2791.74,Linha Branca,2024-06-02,Diogo da Conceição,Ramos
85,Televisão,Britânia,5,2040.63,Eletrônicos,2025-01-11,Joana Moraes,Porto da Prata
86,Fogão,LG,3,4351.76,Linha Branca,2024-09-26,Maria Eduarda Cardoso,Cunha de Ferreira
87,Secadora,Philco,5,214.11,Linha Branca,2023-10-31,Bruna das Neves,Lopes
88,Secadora,Consul,5,2636.98,Linha Branca,2024-01-19,Laura Jesus,Rodrigues
89,Aspirador de Pó,Samsung,4,4557.74,Eletroportáteis,2024-08-20,Samuel Oliveira,Araújo das Pedras
90,Liquidificador,Consul,5,1536.29,Eletroportáteis,2024-08-29,Erick Vieira,Peixoto
91,Máquina de Lavar,Consul,1,5362.44,Linha Branca,2023-11-27,Sra. Sarah Caldeira,Fogaça do Amparo
92,Micro-ondas,Mondial,4,5463.02,Eletroportáteis,2024-08-01,Sr. Pedro Miguel Nogueira,Ferreira das Pedras
93,Aspirador de Pó,Midea,4,4131.75,Eletroportáteis,2025-04-14,Rafael Santos,Costa
94,Fogão,Samsung,1,3214.77,Linha Branca,2025-05-06,Dr. Breno Vieira,Sales de Lopes
95,Ar-Condicionado,Midea,3,3924.51,Climatização,2024-08-03,Guilherme Castro,Lima de Rocha
96,Aspirador de Pó,Philco,1,262.0,Eletroportáteis,2025-06-11,Ana Azevedo,Araújo
97,Secadora,Brastemp,4,3703.47,Linha Branca,2024-07-08,João Gabriel Monteiro,Martins
98,Geladeira,LG,4,3514.21,Linha Branca,2025-03-13,Vitória das Neves,Fogaça
99,Secadora,Midea,5,2841.23,Linha Branca,2024-08-22,Evelyn Nascimento,Moraes
100,Cafeteira,Samsung,4,2026.43,Eletroportáteis,2023-10-11,Clara da Mota,Barbosa
101,Ar-Condicionado,LG,2,5100.29,Climatização,2024-05-21,Laura Teixeira,Gonçalves
102,Liquidificador,Brastemp,3,4343.16,Eletroportáteis,2023-09-26,João Lucas da Conceição,Correia Paulista
103,Fogão,Brastemp,3,3059.39,Linha Branca,2025-03-19,Anthony Lima,Vieira
104,Televisão,Electrolux,5,535.87,Eletrônicos,2024-11-16,Stella Araújo,Pinto das Flores
105,Liquidificador,Philco,4,557.62,Eletroportáteis,2024-04-29,Ana Júlia Costela,Nascimento de da Rosa
106,Aspirador de Pó,Samsung,5,650.11,Eletroportáteis,2023-09-11,Marina Peixoto,das Neves de Minas
107,Televisão,LG,5,286.93,Eletrônicos,2023-11-15,Maria Fernanda Sales,da Cruz do Campo
108,Fogão,LG,4,3097.47,Linha Branca,2025-07-06,Ana Carolina Moraes,Lima Paulista
109,Aspirador de Pó,Consul,2,1983.56,Eletroportáteis,2025-02-15,Clarice Cavalcanti,da Luz dos Dourados
110,Aspirador de Pó,Britânia,4,5915.8,Eletroportáteis,2024-08-28,Nina Campos,da Paz Grande
111,Aspirador de Pó,Mondial,5,2790.89,Eletroportáteis,2024-08-26,Ana Aragão,Mendes
112,Televisão,Philco,5,3904.8,Eletrônicos,2023-09-11,Dr. Leonardo da Paz,Rezende
113,Fogão,Mondial,4,4164.22,Linha Branca,2023-09-26,Emanuel Fogaça,da Paz do Campo
114,Aspirador de Pó,Samsung,2,1047.01,Eletroportáteis,2024-04-04,João Miguel da Mota,Silva
115,Liquidificador,Midea,5,5118.76,Eletroportáteis,2025-05-13,Noah das Neves,Barbosa
116,Aspirador de Pó,Consul,2,1738.44,Eletroportáteis,2025-04-09,Cauê da Paz,Moreira
117,Micro-ondas,Britânia,5,2364.14,Eletroportáteis,2023-11-16,Isabella Azevedo,Santos
118,Máquina de Lavar,Panasonic,2,1414.36,Linha Branca,2023-09-18,Nina Porto,Correia
119,Secadora,Midea,1,4807.29,Linha Branca,2025-04-13,Maitê Nascimento,Oliveira
120,Geladeira,Brastemp,4,3347.4,Linha Branca,2024-07-22,Pedro Henrique Viana,Porto de Almeida
121,Fogão,Samsung,2,3609.39,Linha Branca,2023-12-13,Francisco da Cunha,Moreira do Norte
122,Máquina de Lavar,Philco,5,5704.27,Linha Branca,2023-09-25,Stephany Mendes,Pereira
123,Liquidificador,LG,2,5667.39,Eletroportáteis,2023-12-04,Sra. Ana Sophia da Paz,Gonçalves das Pedras
124,Aspirador de Pó,Consul,2,5804.65,Eletroportáteis,2024-01-06,Pedro Miguel Monteiro,Cardoso Verde
125,Liquidificador,Mondial,1,5567.4,Eletroportáteis,2023-09-06,Sra. Heloísa Rocha,Moreira de Sales
126,Máquina de Lavar,Consul,4,3795.72,Linha Branca,2024-08-28,Amanda Santos,Souza
127,Micro-ondas,LG,5,877.11,Eletroportáteis,2025-07-09,Laura Vieira,Ramos
128,Aspirador de Pó,Philco,2,4488.9,Eletroportáteis,2023-10-13,Raul Pereira,da Rosa
129,Ar-Condicionado,Philco,3,2096.99,Climatização,2024-04-10,Vitória Cardoso,Gonçalves
130,Micro-ondas,Brastemp,1,5274.82,Eletroportáteis,2023-12-10,Caroline Aragão,da Conceição
131,Liquidificador,Brastemp,5,2626.96,Eletroportáteis,2024-10-04,Luana Martins,Porto do Sul
132,Ar-Condicionado,Samsung,4,3013.14,Climatização,2023-11-17,Luiz Miguel Silveira,Gonçalves do Galho
133,Micro-ondas,Electrolux,1,4504.76,Eletroportáteis,2024-05-07,João da Cunha,Nunes do Oeste
134,Secadora,Philco,2,1181.57,Linha Branca,2023-11-03,Srta. Ana Beatriz Ferreira,Campos
135,Máquina de Lavar,Consul,4,1548.44,Linha Branca,2024-08-25,Júlia Martins,Fernandes
136,Máquina de Lavar,Mondial,2,4586.33,Linha Branca,2023-10-13,Bernardo da Rocha,Costa
137,Fogão,Mondial,2,2462.08,Linha Branca,2024-01-25,Isaac Caldeira,Monteiro Verde
138,Máquina de Lavar,Consul,2,3612.61,Linha Branca,2024-04-01,Pietro da Conceição,Vieira
139,Liquidificador,Samsung,3,5153.32,Eletroportáteis,2025-02-18,Cauã Duarte,Souza
140,Secadora,Midea,2,3145.63,Linha Branca,2025-05-13,Heloísa Oliveira,Fernandes da Mata
141,Máquina de Lavar,Midea,1,3348.96,Linha Branca,2024-05-30,Enrico Cavalcanti,da Mata de Peixoto
142,Geladeira,Mondial,5,3025.81,Linha Branca,2025-01-20,Fernanda Gomes,das Neves
143,Geladeira,Mondial,5,1939.74,Linha Branca,2024-01-20,Benício Monteiro,Moreira
144,Fogão,Panasonic,2,5937.24,Linha Branca,2024-03-01,Eduarda Lopes,Almeida
145,Micro-ondas,LG,5,3662.62,Eletroportáteis,2024-12-12,Ana Costa,Souza Verde
146,Liquidificador,Panasonic,1,5573.44,Eletroportáteis,2024-08-26,Maria Eduarda Silva,Costa da Mata
147,Aspirador de Pó,Samsung,4,5374.04,Eletroportáteis,2023-09-21,Pietra Moraes,Alves da Prata
148,Cafeteira,Panasonic,5,4237.49,Eletroportáteis,2024-06-06,Alana Ribeiro,Souza das Pedras
149,Aspirador de Pó,Panasonic,4,4617.95,Eletroportáteis,2023-08-24,Antônio Peixoto,Sales Alegre
150,Máquina de Lavar,Britânia,2,1885.18,Linha Branca,2025-01-01,Lara da Conceição,Castro das Pedras
151,Micro-ondas,Brastemp,1,5623.37,Eletroportáteis,2025-06-29,Sra. Bruna Moraes,Jesus
152,Liquidificador,Midea,1,1811.75,Eletroportáteis,2025-01-28,Emilly Novaes,da Cruz
153,Geladeira,LG,4,3327.96,Linha Branca,2025-06-15,Marcelo Peixoto,Costela
154,Televisão,Midea,4,4675.63,Eletrônicos,2024-11-10,Agatha Ramos,Porto de Minas
155,Ar-Condicionado,Brastemp,2,3059.52,Climatização,2023-11-19,Felipe da Rocha,Silva
156,Máquina de Lavar,Britânia,4,4994.88,Linha Branca,2023-12-05,Giovanna Souza,Barbosa
157,Micro-ondas,Consul,4,3974.01,Eletroportáteis,2025-02-10,Raul Santos,da Rosa
158,Ar-Condicionado,Brastemp,4,3306.27,Climatização,2025-02-20,Bruno Cardoso,Rezende
159,Aspirador de Pó,Samsung,3,3770.35,Eletroportáteis,2024-05-20,Nathan Santos,Mendes do Norte
160,Secadora,Electrolux,1,4397.93,Linha Branca,2024-05-19,Luiz Felipe da Luz,Porto de Oliveira
161,Máquina de Lavar,LG,3,1961.34,Linha Branca,2024-07-24,Dr. Luigi Freitas,Nogueira
162,Cafeteira,Brastemp,4,5594.77,Eletroportáteis,2025-01-02,Maria Cecília Ribeiro,Novaes
163,Geladeira,Consul,4,3673.04,Linha Branca,2025-03-22,Sophia Mendes,Lima
164,Ar-Condicionado,Consul,3,1848.24,Climatização,2024-07-26,Rodrigo da Rosa,Nunes
165,Secadora,Midea,1,5143.48,Linha Branca,2024-04-30,Davi Lucca Gonçalves,Teixeira
166,Cafeteira,Panasonic,3,1153.16,Eletroportáteis,2024-08-21,Renan Cunha,Nogueira Verde
167,Fogão,Brastemp,3,3335.78,Linha Branca,2023-12-13,Dr. Levi Gonçalves,Carvalho
168,Ar-Condicionado,Midea,3,576.04,Climatização,2024-02-06,Camila Araújo,Cavalcanti
169,Cafeteira,Electrolux,5,3798.4,Eletroportáteis,2024-02-17,Davi Duarte,da Luz da Praia
170,Geladeira,Consul,5,1995.2,Linha Branca,2023-11-13,Lucas Gabriel Moura,Aragão da Mata
171,Cafeteira,Mondial,2,3347.11,Eletroportáteis,2024-05-19,Daniel Moreira,Duarte do Campo
172,Micro-ondas,Brastemp,3,5141.36,Eletroportáteis,2025-03-23,Erick Porto,Viana das Flores
173,Aspirador de Pó,Electrolux,3,4243.95,Eletroportáteis,2024-04-06,Kevin da Cunha,Costa
174,Cafeteira,Electrolux,2,5250.36,Eletroportáteis,2023-10-14,Levi da Luz,Peixoto
175,Fogão,Midea,5,4639.73,Linha Branca,2023-10-10,Francisco Costa,Costa
176,Secadora,Samsung,2,2578.34,Linha Branca,2024-08-16,Esther Santos,Novaes da Serra
177,Secadora,Mondial,4,1007.94,Linha Branca,2024-08-12,Pietro Rodrigues,da Costa da Serra
178,Liquidificador,Electrolux,4,4846.76,Eletroportáteis,2024-11-30,Marcelo Gonçalves,Peixoto das Pedras
179,Fogão,LG,4,5002.05,Linha Branca,2023-08-15,Mariana Lima,Dias de Barbosa
180,Secadora,Brastemp,5,1244.15,Linha Branca,2023-08-27,Luna Correia,Barbosa
181,Secadora,Mondial,4,251.81,Linha Branca,2024-03-19,Sr. Enrico Viana,Freitas
182,Secadora,Brastemp,3,3711.98,Linha Branca,2024-09-05,Srta. Luana Novaes,Moura dos Dourados
183,Aspirador de Pó,Brastemp,1,4194.63,Eletroportáteis,2025-01-26,Paulo Vieira,Sales
184,Geladeira,Philco,5,2665.0,Linha Branca,2023-12-01,Guilherme Moreira,Correia
185,Fogão,Consul,5,5693.25,Linha Branca,2023-09-08,Carolina Freitas,Mendes
186,Máquina de Lavar,Panasonic,1,2754.11,Linha Branca,2025-04-26,Lorena Santos,Caldeira da Serra
187,Fogão,Mondial,3,4219.72,Linha Branca,2023-11-11,Srta. Camila Ferreira,da Costa
188,Cafeteira,Brastemp,3,5671.08,Eletroportáteis,2024-04-26,Dr. Kevin Moreira,Gomes Grande
189,Televisão,Panasonic,1,2465.79,Eletrônicos,2024-11-23,Davi Luiz Duarte,Caldeira da Prata
190,Ar-Condicionado,Consul,1,896.57,Climatização,2024-07-07,Brenda Fogaça,Mendes de Goiás
191,Liquidificador,Electrolux,5,4758.93,Eletroportáteis,2023-12-04,Julia Ribeiro,Pereira do Amparo
192,Secadora,Brastemp,2,4249.66,Linha Branca,2023-12-10,Ana Beatriz Nogueira,da Costa
193,Micro-ondas,Consul,4,1646.28,Eletroportáteis,2025-06-29,Bernardo da Conceição,Silva do Norte
194,Geladeira,Panasonic,1,4279.95,Linha Branca,2024-11-30,Dr. Igor Gonçalves,Jesus
195,Geladeira,Philco,2,1720.28,Linha Branca,2023-10-01,Ana Luiza Pinto,Souza da Prata
196,Aspirador de Pó,LG,3,2458.75,Eletroportáteis,2023-09-06,Ana Lívia Moura,Caldeira do Campo
197,Aspirador de Pó,Panasonic,4,3282.16,Eletroportáteis,2025-03-30,Sr. Rafael Teixeira,das Neves
198,Aspirador de Pó,Consul,1,1719.58,Eletroportáteis,2024-11-07,Davi da Cunha,Farias do Norte
199,Micro-ondas,Britânia,2,2232.71,Eletroportáteis,2025-06-05,Luna Ferreira,da Rocha
200,Máquina de Lavar,Electrolux,1,5889.85,Linha Branca,2023-07-28,Maria Eduarda Martins,Costa
201,Ar-Condicionado,Midea,3,288.83,Climatização,2025-01-12,Marcela Nascimento,Araújo
202,Liquidificador,Samsung,3,2389.96,Eletroportáteis,2023-11-16,Agatha Viana,da Paz
203,Cafeteira,Britânia,2,1643.74,Eletroportáteis,2025-04-06,Bernardo da Luz,Rodrigues de Goiás
204,Micro-ondas,Panasonic,2,5149.75,Eletroportáteis,2024-06-14,Helena da Paz,da Mota da Prata
205,Liquidificador,Brastemp,4,5610.97,Eletroportáteis,2023-10-21,Pedro Pereira,Alves de Lima
206,Aspirador de Pó,Britânia,4,2773.14,Eletroportáteis,2024-06-03,Maria Sophia Porto,Freitas do Norte
207,Secadora,Midea,5,1378.79,Linha Branca,2024-11-27,Pietra Costela,Barros Verde
208,Máquina de Lavar,Britânia,1,5694.88,Linha Branca,2023-12-19,Breno Costa,das Neves
209,Micro-ondas,Panasonic,4,1040.68,Eletroportáteis,2024-04-22,Thiago Pires,Melo do Oeste
210,Micro-ondas,LG,3,5953.5,Eletroportáteis,2024-02-17,Milena Porto,da Paz
211,Cafeteira,Philco,4,5646.56,Eletroportáteis,2025-01-16,Sarah Monteiro,Silva
212,Cafeteira,Panasonic,1,5649.69,Eletroportáteis,2024-08-03,Ana Júlia Ferreira,da Cruz da Prata
213,Máquina de Lavar,Britânia,5,5342.33,Linha Branca,2025-04-12,Fernando Silva,Duarte de Lopes
214,Ar-Condicionado,Midea,2,975.56,Climatização,2025-05-24,Caio Araújo,Vieira
215,Televisão,Brastemp,1,2232.26,Eletrônicos,2025-07-08,Stella Lopes,Lima
216,Máquina de Lavar,Panasonic,1,1792.79,Linha Branca,2023-08-01,Ana Lívia Aragão,Campos de Fogaça
217,Aspirador de Pó,LG,1,1888.66,Eletroportáteis,2025-02-05,Heitor Moreira,Rocha de Araújo
218,Fogão,Samsung,2,5790.68,Linha Branca,2025-03-24,Dr. Cauê da Paz,da Cruz
219,Liquidificador,LG,1,5895.82,Eletroportáteis,2024-04-03,Laís Barbosa,Moraes de Rezende
220,Liquidificador,Electrolux,2,1019.12,Eletroportáteis,2023-11-11,Luiz Otávio Dias,Dias das Flores
221,Cafeteira,Philco,4,3309.93,Eletroportáteis,2023-08-02,Emilly Caldeira,da Rosa de Nascimento
222,Liquidificador,Philco,1,866.41,Eletroportáteis,2025-06-01,Rafael Araújo,Lopes Alegre
223,Liquidificador,Panasonic,3,3375.07,Eletroportáteis,2023-08-26,Vicente Martins,Cardoso do Norte
224,Aspirador de Pó,Samsung,3,1738.92,Eletroportáteis,2025-01-24,Mirella da Luz,da Luz de Minas
225,Cafeteira,Britânia,3,1473.6,Eletroportáteis,2023-10-22,Vitor Ribeiro,das Neves das Flores
226,Geladeira,Philco,3,1396.19,Linha Branca,2023-11-08,Sra. Brenda Pereira,Ribeiro do Campo
227,Televisão,Philco,5,3346.54,Eletrônicos,2024-12-27,Sr. Juan Carvalho,Cavalcanti de Goiás
228,Micro-ondas,Electrolux,1,2586.1,Eletroportáteis,2024-06-23,Otávio Carvalho,Carvalho de Goiás
229,Aspirador de Pó,Electrolux,2,324.58,Eletroportáteis,2023-10-28,Pedro Miguel Farias,Porto da Mata
230,Geladeira,Samsung,4,3912.69,Linha Branca,2024-09-12,Srta. Maitê Gomes,Moreira
231,Televisão,Electrolux,2,5527.64,Eletrônicos,2025-01-23,Laura da Rocha,Cardoso
232,Micro-ondas,Consul,5,5606.72,Eletroportáteis,2024-05-17,Melissa da Paz,Teixeira
233,Aspirador de Pó,Panasonic,4,493.29,Eletroportáteis,2024-04-03,Maria Luiza Gonçalves,Lima do Amparo
234,Aspirador de Pó,Electrolux,2,1073.58,Eletroportáteis,2024-10-01,Dra. Luna Freitas,da Luz Alegre
235,Secadora,Brastemp,3,5207.31,Linha Branca,2024-08-09,Enzo Costela,Castro
236,Ar-Condicionado,Brastemp,5,4081.78,Climatização,2024-08-22,Dr. Daniel Viana,da Cruz de da Rocha
237,Geladeira,Samsung,3,336.96,Linha Branca,2025-03-01,Carlos Eduardo Ribeiro,Vieira
238,Cafeteira,Mondial,3,4740.72,Eletroportáteis,2023-09-14,Luiza Pinto,Barbosa
239,Micro-ondas,Consul,1,5844.89,Eletroportáteis,2023-12-22,Agatha da Cruz,Peixoto Paulista
240,Aspirador de Pó,Mondial,5,2995.38,Eletroportáteis,2025-07-06,Bruna Nunes,Cunha
241,Cafeteira,Mondial,4,2384.75,Eletroportáteis,2024-09-14,Maria Cecília Souza,Azevedo de da Cunha
242,Geladeira,LG,3,4514.41,Linha Branca,2024-04-11,Larissa Farias,Teixeira
243,Liquidificador,Britânia,5,3283.85,Eletroportáteis,2025-02-23,Bruno Caldeira,Azevedo de Vieira
244,Televisão,Philco,3,2865.84,Eletrônicos,2025-04-15,Nathan Silveira,Viana
245,Secadora,Electrolux,3,2949.64,Linha Branca,2023-11-07,Danilo Freitas,Cavalcanti
246,Geladeira,LG,2,1488.66,Linha Branca,2023-07-30,Sr. Bryan Vieira,Aragão de Goiás
247,Micro-ondas,Brastemp,3,3926.0,Eletroportáteis,2024-08-15,Sra. Manuela Viana,Barbosa
248,Geladeira,Philco,1,4644.56,Linha Branca,2025-04-17,Nina Viana,Moreira
249,Liquidificador,Brastemp,4,1385.68,Eletroportáteis,2023-12-23,Ana Luiza da Cunha,Peixoto do Amparo
250,Secadora,Consul,5,5320.16,Linha Branca,2023-07-21,Enzo Almeida,Monteiro do Campo
251,Fogão,Philco,1,838.65,Linha Branca,2025-05-27,Sr. Kaique Rezende,da Cunha
252,Geladeira,Panasonic,5,2439.64,Linha Branca,2024-01-24,Benjamin da Conceição,Araújo da Praia
253,Geladeira,Panasonic,3,491.74,Linha Branca,2025-05-28,Dra. Maria Cecília da Costa,Freitas do Norte
254,Fogão,Consul,5,2944.12,Linha Branca,2024-11-04,Bárbara Castro,Nascimento do Campo
255,Liquidificador,Samsung,3,3086.36,Eletroportáteis,2024-02-16,Sr. Otávio das Neves,Martins do Norte
256,Geladeira,Samsung,4,3311.67,Linha Branca,2023-08-17,Pedro da Luz,Cavalcanti Paulista
257,Televisão,Philco,4,4637.86,Eletrônicos,2024-10-02,João Sales,Costela
258,Micro-ondas,Philco,2,1496.38,Eletroportáteis,2024-07-25,Juan Aragão,Moreira
259,Máquina de Lavar,Midea,2,1425.19,Linha Branca,2024-09-05,Emanuelly da Mota,Gonçalves
260,Micro-ondas,Philco,3,1885.42,Eletroportáteis,2024-10-13,Dra. Mariane Farias,Barros da Praia
261,Ar-Condicionado,LG,5,2881.54,Climatização,2025-06-03,Luiz Gustavo Moreira,Teixeira
262,Geladeira,Britânia,3,2767.13,Linha Branca,2024-03-22,Sr. Levi Teixeira,Moraes
263,Ar-Condicionado,Mondial,5,4240.17,Climatização,2024-04-08,Eduarda Fernandes,da Costa da Serra
264,Cafeteira,Philco,1,2489.7,Eletroportáteis,2023-07-23,Marcos Vinicius Cavalcanti,Novaes do Sul
265,Secadora,LG,3,3308.26,Linha Branca,2024-07-12,Sr. Henrique Silveira,Vieira Paulista
266,Fogão,Mondial,3,3387.06,Linha Branca,2023-11-03,João Vitor Cardoso,Silva Paulista
267,Micro-ondas,Britânia,3,2930.33,Eletroportáteis,2023-12-08,Ana Sophia da Rosa,Azevedo de Caldeira
268,Liquidificador,Consul,4,3805.19,Eletroportáteis,2024-02-28,Heitor Fernandes,da Mota
269,Micro-ondas,Brastemp,2,4796.45,Eletroportáteis,2025-02-17,João Guilherme Nunes,das Neves de Castro
270,Liquidificador,Philco,2,2214.57,Eletroportáteis,2023-09-12,Felipe Ribeiro,Pereira
271,Aspirador de Pó,Electrolux,2,2160.64,Eletroportáteis,2024-05-19,Fernanda Caldeira,Rocha Verde
272,Aspirador de Pó,Electrolux,4,672.44,Eletroportáteis,2023-12-01,Luana da Cruz,Gomes das Flores
273,Televisão,Britânia,3,1840.32,Eletrônicos,2024-01-09,Ana Júlia da Luz,Silva de Castro
274,Máquina de Lavar,Midea,5,1892.01,Linha Branca,2025-01-18,Nathan da Cruz,Rodrigues da Serra
275,Televisão,Brastemp,5,5881.71,Eletrônicos,2024-10-23,Larissa Lopes,Fernandes
276,Aspirador de Pó,Samsung,3,275.46,Eletroportáteis,2024-05-25,Manuela Cunha,Gomes Paulista
277,Cafeteira,Electrolux,2,5269.68,Eletroportáteis,2024-02-01,Benício Pereira,Moreira
278,Aspirador de Pó,Samsung,1,3082.24,Eletroportáteis,2023-10-10,Luiz Otávio Fernandes,da Paz do Amparo
279,Liquidificador,Electrolux,1,4569.39,Eletroportáteis,2024-04-05,Joana Pires,Porto Verde
280,Micro-ondas,Samsung,1,1943.98,Eletroportáteis,2023-10-13,Anthony Silveira,Lopes
281,Fogão,Consul,1,2503.48,Linha Branca,2024-11-01,Sabrina Novaes,Costa
282,Televisão,Britânia,1,2188.28,Eletrônicos,2024-03-21,Davi Luiz Viana,da Paz
283,Liquidificador,Mondial,5,1015.86,Eletroportáteis,2023-11-19,Beatriz Moreira,Fernandes
284,Máquina de Lavar,Philco,4,4038.9,Linha Branca,2023-11-04,Dr. Lorenzo Costa,Lopes
285,Máquina de Lavar,Philco,4,1436.9,Linha Branca,2024-02-12,Elisa Cavalcanti,da Paz do Amparo
286,Televisão,Panasonic,2,880.71,Eletrônicos,2024-06-09,Carolina da Mata,Lima do Sul
287,Liquidificador,LG,5,5297.17,Eletroportáteis,2024-02-13,Emilly Pires,Silveira de Almeida
288,Ar-Condicionado,Britânia,3,2798.16,Climatização,2023-12-27,Maria Sophia Rodrigues,Martins
289,Fogão,Panasonic,1,2691.49,Linha Branca,2023-08-06,Juliana Nogueira,Silveira de Gonçalves
290,Ar-Condicionado,Mondial,5,4010.44,Climatização,2023-09-16,Luiz Otávio Barbosa,Nunes das Flores
291,Geladeira,LG,3,2120.3,Linha Branca,2025-03-05,Lívia Costela,Barbosa de da Luz
292,Televisão,Electrolux,5,4751.41,Eletrônicos,2023-07-15,Camila Silveira,Barros do Oeste
293,Secadora,Britânia,3,1025.69,Linha Branca,2023-10-28,Dra. Sophie Cavalcanti,Barbosa da Serra
294,Máquina de Lavar,LG,1,1502.64,Linha Branca,2024-05-07,Noah Nogueira,da Cunha
295,Cafeteira,Samsung,5,5689.67,Eletroportáteis,2024-09-15,Mirella Silveira,Lima
296,Micro-ondas,LG,3,1605.18,Eletroportáteis,2024-10-18,Sr. Luiz Miguel Farias,Gomes
297,Máquina de Lavar,Electrolux,3,3944.97,Linha Branca,2025-05-09,Nicole Vieira,Campos
298,Secadora,Britânia,3,204.56,Linha Branca,2024-04-26,Clara Farias,Silveira
299,Secadora,Midea,1,827.77,Linha Branca,2025-06-07,Dr. Paulo Santos,Nogueira de Costa
300,Televisão,LG,2,3261.48,Eletrônicos,2025-07-04,João Gabriel da Rosa,Duarte
301,Micro-ondas,Midea,3,2408.17,Eletroportáteis,2024-09-20,Antônio Farias,Ferreira Verde
302,Televisão,Britânia,1,3769.76,Eletrônicos,2023-08-11,João Miguel da Rocha,Santos
303,Fogão,Philco,1,4035.14,Linha Branca,2024-03-15,Enrico Ramos,Azevedo da Serra
304,Televisão,Philco,4,2881.89,Eletrônicos,2025-02-22,Igor Aragão,Novaes
305,Secadora,Consul,5,4191.85,Linha Branca,2024-07-16,Milena Porto,Moreira
306,Liquidificador,Midea,2,2550.87,Eletroportáteis,2023-07-29,Eduardo Santos,Barbosa
307,Cafeteira,LG,5,5361.62,Eletroportáteis,2025-02-16,Catarina Caldeira,Rodrigues da Serra
308,Geladeira,Electrolux,3,5403.96,Linha Branca,2025-05-07,Lucas Gabriel Santos,da Mata dos Dourados
309,Aspirador de Pó,Midea,2,2897.33,Eletroportáteis,2024-08-15,Dra. Maria Alice Pinto,da Cruz
310,Fogão,LG,3,2829.43,Linha Branca,2024-01-01,Lucas da Conceição,Santos do Campo
311,Aspirador de Pó,Mondial,1,3460.42,Eletroportáteis,2023-11-21,Carolina Porto,Azevedo de da Rosa
312,Cafeteira,Panasonic,3,1284.6,Eletroportáteis,2024-11-10,Joaquim da Costa,Souza
313,Fogão,Philco,3,956.86,Linha Branca,2023-08-06,Vitor Lima,Costela das Flores
314,Cafeteira,Consul,2,3220.63,Eletroportáteis,2025-02-02,Natália Farias,Novaes das Flores
315,Cafeteira,Electrolux,5,406.62,Eletroportáteis,2023-07-27,Dr. Antônio Almeida,Ferreira
316,Cafeteira,Consul,2,3734.29,Eletroportáteis,2024-08-14,Leonardo das Neves,Monteiro do Campo
317,Geladeira,Brastemp,3,920.15,Linha Branca,2025-02-21,Helena Almeida,Porto
318,Cafeteira,Consul,5,2964.33,Eletroportáteis,2024-06-12,Renan Freitas,Freitas de Cardoso
319,Micro-ondas,Mondial,5,2417.02,Eletroportáteis,2024-03-06,Isabella da Costa,Ramos de Farias
320,Micro-ondas,Philco,1,3425.42,Eletroportáteis,2024-12-31,Juan Nascimento,Castro
321,Fogão,Mondial,2,1327.04,Linha Branca,2024-12-23,Ana Beatriz Silva,Ramos das Pedras
322,Máquina de Lavar,Brastemp,5,4399.38,Linha Branca,2025-05-17,Sr. Luiz Otávio Monteiro,Nogueira Paulista
323,Micro-ondas,Brastemp,2,356.12,Eletroportáteis,2024-03-07,Dr. Noah Nunes,Silveira
324,Cafeteira,Britânia,3,832.82,Eletroportáteis,2024-11-13,Sra. Sabrina da Cruz,Cardoso de Lima
325,Cafeteira,Consul,2,312.09,Eletroportáteis,2024-09-11,Paulo da Luz,Moraes
326,Secadora,Philco,4,2504.67,Linha Branca,2024-08-01,Dra. Ana Lívia Nunes,Almeida de Ferreira
327,Máquina de Lavar,Britânia,1,1814.93,Linha Branca,2023-07-28,Laura Rodrigues,Sales da Mata
328,Liquidificador,Philco,1,2057.45,Eletroportáteis,2025-05-23,Sra. Ana Carolina Freitas,Araújo Paulista
329,Micro-ondas,Samsung,3,5042.33,Eletroportáteis,2024-06-11,Elisa Rezende,Dias
330,Ar-Condicionado,Samsung,5,2727.05,Climatização,2024-02-07,Srta. Helena Barros,Nogueira de Ribeiro
331,Máquina de Lavar,Samsung,4,4356.64,Linha Branca,2024-03-31,Luiz Otávio Castro,Carvalho
332,Ar-Condicionado,Britânia,5,3405.5,Climatização,2024-09-19,Maria Vitória Nascimento,Ferreira Verde
333,Micro-ondas,Philco,1,4040.86,Eletroportáteis,2024-05-20,Maria Julia Dias,Dias do Oeste
334,Secadora,Mondial,2,5629.09,Linha Branca,2023-12-01,Vitor Castro,Rodrigues
335,Secadora,Midea,4,4344.46,Linha Branca,2024-02-07,Lívia Barbosa,Oliveira
336,Fogão,Consul,1,1697.8,Linha Branca,2024-07-31,Maria Luiza das Neves,Teixeira de Viana
337,Secadora,Samsung,2,1971.6,Linha Branca,2023-12-29,Bernardo Fernandes,Novaes do Sul
338,Micro-ondas,LG,1,5858.94,Eletroportáteis,2025-03-06,Maria Alice Campos,Ribeiro da Prata
339,Micro-ondas,Samsung,3,528.94,Eletroportáteis,2024-11-24,Yago Novaes,Souza
340,Televisão,Midea,1,2455.66,Eletrônicos,2023-07-18,Isabelly Dias,Almeida de da Rosa
341,Liquidificador,Brastemp,5,5496.0,Eletroportáteis,2023-10-20,Emanuel da Mota,Correia da Mata
342,Secadora,Philco,3,4080.26,Linha Branca,2025-05-05,João Miguel Nunes,Ferreira do Amparo
343,Fogão,Brastemp,1,5767.54,Linha Branca,2025-01-11,Dra. Manuela Campos,Sales das Pedras
344,Geladeira,Brastemp,3,1976.88,Linha Branca,2024-05-22,Luigi Santos,Azevedo
345,Liquidificador,LG,4,2800.08,Eletroportáteis,2024-03-28,Dra. Maria Vitória Silva,Gonçalves
346,Fogão,Consul,5,271.84,Linha Branca,2023-09-04,Dr. João Vitor Duarte,Carvalho Grande
347,Secadora,Samsung,2,5499.57,Linha Branca,2025-02-08,Bryan Moura,Mendes Alegre
348,Liquidificador,Mondial,4,1086.18,Eletroportáteis,2023-08-06,Breno Cunha,Barbosa
349,Geladeira,Panasonic,4,2260.92,Linha Branca,2024-02-02,Emilly Cavalcanti,Cavalcanti do Campo
350,Fogão,Panasonic,3,695.21,Linha Branca,2025-06-07,Rafaela Costa,Cardoso de Cardoso
351,Micro-ondas,LG,1,4139.1,Eletroportáteis,2023-08-19,João Guilherme da Rosa,Farias da Praia
352,Liquidificador,Britânia,5,2902.27,Eletroportáteis,2023-07-26,Vicente Jesus,Carvalho do Norte
353,Micro-ondas,Panasonic,1,3865.08,Eletroportáteis,2023-10-01,Gabriel Novaes,Moraes
354,Aspirador de Pó,Samsung,2,447.73,Eletroportáteis,2023-10-13,Ana Carolina Moura,Fogaça de Goiás
355,Ar-Condicionado,Brastemp,4,2359.46,Climatização,2024-05-24,Nicolas Rodrigues,Costela
356,Aspirador de Pó,Samsung,5,1885.68,Eletroportáteis,2024-05-28,Pietro Cavalcanti,Azevedo
357,Ar-Condicionado,Philco,2,4242.55,Climatização,2023-12-09,Sarah Fernandes,da Rocha
358,Ar-Condicionado,Samsung,3,1808.51,Climatização,2024-05-10,Stella da Mota,Barbosa da Serra
359,Liquidificador,LG,5,3097.28,Eletroportáteis,2024-06-05,Sr. Davi Souza,Cardoso
360,Fogão,Mondial,5,4549.26,Linha Branca,2023-11-22,Levi Nascimento,Nogueira
361,Aspirador de Pó,Philco,3,1228.13,Eletroportáteis,2024-10-13,João Felipe Cavalcanti,Novaes da Mata
362,Micro-ondas,Philco,2,1335.84,Eletroportáteis,2024-07-22,Enzo Cavalcanti,Jesus de Vieira
363,Cafeteira,LG,3,1599.63,Eletroportáteis,2023-12-23,Dra. Evelyn Fernandes,Nogueira
364,Secadora,LG,4,5788.27,Linha Branca,2023-09-14,Benício Correia,Duarte da Praia
365,Fogão,Midea,5,5969.55,Linha Branca,2024-09-09,Dr. Luiz Miguel Gomes,Oliveira
366,Micro-ondas,Electrolux,5,3371.32,Eletroportáteis,2024-12-03,Emanuella Araújo,Cardoso
367,Ar-Condicionado,Mondial,5,1193.03,Climatização,2024-08-14,Pedro Henrique Barros,Moreira de Aragão
368,Liquidificador,Samsung,2,3779.78,Eletroportáteis,2024-01-19,Ana Julia da Paz,Santos
369,Televisão,Britânia,1,367.74,Eletrônicos,2025-06-30,Erick Costela,Teixeira
370,Aspirador de Pó,Electrolux,2,3279.83,Eletroportáteis,2023-09-15,Rodrigo Fogaça,Cardoso da Mata
371,Geladeira,Samsung,4,547.84,Linha Branca,2024-08-10,Sr. Gustavo Henrique Moura,da Conceição
372,Secadora,Electrolux,1,1658.32,Linha Branca,2025-06-02,Benício Fogaça,Barros de Goiás
373,Fogão,Britânia,3,2046.92,Linha Branca,2024-08-30,Lorena Rodrigues,Peixoto
374,Fogão,Brastemp,2,4447.31,Linha Branca,2023-07-12,Alexia Freitas,Teixeira do Galho
375,Ar-Condicionado,Midea,2,4860.08,Climatização,2024-10-20,Vitor Farias,Ferreira Paulista
376,Liquidificador,Britânia,5,429.68,Eletroportáteis,2025-01-08,Maria Fernanda Moraes,Silveira
377,Fogão,Mondial,3,848.24,Linha Branca,2023-09-22,Pedro Henrique da Cruz,Fernandes
378,Ar-Condicionado,Midea,1,5582.19,Climatização,2024-08-13,Ana Julia Barros,Nunes do Campo
379,Ar-Condicionado,Brastemp,4,4652.42,Climatização,2023-09-16,Dr. Matheus Moraes,Porto
380,Televisão,Brastemp,1,2105.83,Eletrônicos,2025-04-12,João Gabriel Nunes,Vieira
381,Aspirador de Pó,Midea,1,1213.49,Eletroportáteis,2024-12-03,Marina Pinto,Lopes
382,Máquina de Lavar,Britânia,2,2180.49,Linha Branca,2025-02-26,Stella Peixoto,Cavalcanti dos Dourados
383,Liquidificador,Samsung,1,1399.88,Eletroportáteis,2023-12-05,Caio Ramos,Ferreira de Alves
384,Fogão,Consul,3,1432.22,Linha Branca,2024-08-10,Rafaela Rocha,da Cruz dos Dourados
385,Liquidificador,Brastemp,5,553.97,Eletroportáteis,2024-12-01,Guilherme Rezende,Duarte Paulista
386,Televisão,Philco,2,1007.71,Eletrônicos,2024-10-16,Pietro Melo,Nascimento
387,Aspirador de Pó,LG,1,1028.91,Eletroportáteis,2024-06-17,Dr. Marcelo Alves,Cardoso
388,Geladeira,Britânia,5,1133.22,Linha Branca,2023-12-11,Srta. Maria Carvalho,Moura
389,Liquidificador,Mondial,3,4112.03,Eletroportáteis,2023-10-05,Enrico Rezende,Porto
390,Micro-ondas,Midea,2,1683.74,Eletroportáteis,2024-11-16,Yasmin Rezende,Oliveira de Sales
391,Aspirador de Pó,Electrolux,2,2576.88,Eletroportáteis,2024-07-15,Bryan Araújo,Lima
392,Liquidificador,Samsung,5,3431.98,Eletroportáteis,2025-01-02,Caroline Fogaça,Aragão
393,Geladeira,Britânia,2,2579.16,Linha Branca,2024-05-30,Juliana Lopes,Freitas
394,Secadora,Electrolux,1,3302.28,Linha Branca,2023-10-01,Vitor Gabriel Sales,da Mata
395,Cafeteira,Consul,1,4415.05,Eletroportáteis,2024-12-03,Bianca Dias,Almeida de da Cunha
396,Secadora,LG,3,2068.0,Linha Branca,2023-12-13,Dra. Julia da Cunha,Rezende das Flores
397,Micro-ondas,Mondial,3,4949.42,Eletroportáteis,2025-06-18,Ana Luiza Araújo,das Neves
398,Ar-Condicionado,LG,4,2768.99,Climatização,2025-03-26,Sofia da Cunha,Porto
399,Cafeteira,Philco,1,4213.6,Eletroportáteis,2024-11-26,João Lucas Pinto,da Rocha da Mata
400,Liquidificador,Electrolux,4,769.01,Eletroportáteis,2025-01-28,Melissa Martins,Gonçalves
401,Micro-ondas,Panasonic,2,3361.78,Eletroportáteis,2024-09-28,Rebeca Barbosa,Lopes Alegre
402,Liquidificador,Consul,4,3593.82,Eletroportáteis,2023-11-16,João Miguel Peixoto,Araújo
403,Máquina de Lavar,Brastemp,4,5200.73,Linha Branca,2024-08-24,Agatha Sales,Souza de Campos
404,Ar-Condicionado,Midea,2,3882.79,Climatização,2025-06-28,Daniela Moraes,Melo do Galho
405,Cafeteira,Britânia,3,1829.6,Eletroportáteis,2024-04-30,Ana Laura Rodrigues,Jesus
406,Ar-Condicionado,LG,3,3739.72,Climatização,2023-08-14,Pedro Lucas das Neves,Rocha do Norte
407,Micro-ondas,Electrolux,1,4947.71,Eletroportáteis,2025-04-05,Sr. André Novaes,da Luz
408,Fogão,Brastemp,4,1250.47,Linha Branca,2024-10-22,Larissa Cardoso,Mendes do Sul
409,Fogão,Samsung,4,2120.6,Linha Branca,2023-09-17,Maria Sophia Peixoto,Moura de Jesus
410,Geladeira,Consul,5,4650.02,Linha Branca,2025-02-16,Cauã Novaes,Porto Grande
411,Televisão,Brastemp,1,5709.43,Eletrônicos,2023-12-13,Stella da Luz,Novaes
412,Geladeira,Brastemp,3,5269.53,Linha Branca,2024-02-02,Emanuella Novaes,Mendes Verde
413,Fogão,Midea,4,5433.54,Linha Branca,2025-06-21,Raquel da Paz,Farias Alegre
414,Ar-Condicionado,Britânia,2,1666.62,Climatização,2023-10-11,Dr. Erick da Rocha,Costa
415,Ar-Condicionado,Philco,1,4741.73,Climatização,2024-05-17,Camila Moura,Ferreira do Campo
416,Liquidificador,Samsung,5,4364.8,Eletroportáteis,2025-03-17,João Miguel Duarte,Moraes
417,Micro-ondas,Mondial,4,2979.33,Eletroportáteis,2025-06-28,Dr. Guilherme Farias,Moreira
418,Geladeira,Panasonic,2,5504.53,Linha Branca,2025-03-16,Guilherme Aragão,Martins do Campo
419,Fogão,Brastemp,5,5669.45,Linha Branca,2024-07-23,Alexia Aragão,Martins
420,Aspirador de Pó,Panasonic,4,2128.87,Eletroportáteis,2023-08-14,Enzo da Rosa,Almeida
421,Cafeteira,LG,3,3303.88,Eletroportáteis,2025-05-03,Fernanda Vieira,da Costa
422,Fogão,Samsung,3,3663.58,Linha Branca,2024-08-14,Lucca Moura,da Rosa
423,Televisão,Samsung,5,4531.9,Eletrônicos,2023-10-29,Kaique da Mata,Caldeira Verde
424,Geladeira,Britânia,1,3078.15,Linha Branca,2025-02-20,Ian Ribeiro,Costa de Almeida
425,Geladeira,Panasonic,5,966.03,Linha Branca,2024-10-21,Juan Fernandes,Ribeiro
426,Secadora,Samsung,4,4204.51,Linha Branca,2023-08-27,Alexia Lima,Sales da Serra
427,Televisão,Consul,5,2506.49,Eletrônicos,2023-10-10,Yasmin Fogaça,Rodrigues das Flores
428,Aspirador de Pó,Samsung,2,4935.53,Eletroportáteis,2024-03-28,Dr. Marcelo da Costa,Alves
429,Liquidificador,Electrolux,1,3937.96,Eletroportáteis,2025-02-12,Vicente Pereira,Pereira
430,Aspirador de Pó,Consul,1,911.29,Eletroportáteis,2023-08-05,Kevin da Mata,Fogaça do Galho
431,Liquidificador,Samsung,4,5899.71,Eletroportáteis,2024-12-28,Rebeca Sales,Oliveira de da Luz
432,Aspirador de Pó,Electrolux,4,5870.86,Eletroportáteis,2024-06-10,André Sales,Duarte da Mata
433,Micro-ondas,Samsung,4,1406.65,Eletroportáteis,2023-12-09,Maria Alice da Paz,Jesus
434,Fogão,Midea,2,2099.01,Linha Branca,2024-12-18,Nicolas Moura,da Conceição
435,Fogão,Samsung,5,440.78,Linha Branca,2025-07-04,Dr. Leonardo Costa,Mendes Alegre
436,Secadora,Electrolux,4,2477.61,Linha Branca,2024-06-16,Pietra Aragão,Nogueira de Caldeira
437,Cafeteira,Brastemp,1,3480.91,Eletroportáteis,2024-12-26,Ryan Viana,Ferreira da Prata
438,Secadora,Electrolux,4,4867.95,Linha Branca,2024-11-13,Augusto Campos,Carvalho
439,Aspirador de Pó,Brastemp,4,4102.95,Eletroportáteis,2025-07-04,Dr. Daniel Cunha,da Paz de Fernandes
440,Televisão,Britânia,4,3630.12,Eletrônicos,2024-05-14,Ana Júlia da Cunha,Rodrigues da Prata
441,Liquidificador,Philco,4,3001.34,Eletroportáteis,2024-04-19,Sra. Alice Melo,Peixoto Verde
442,Geladeira,Samsung,2,469.98,Linha Branca,2023-12-26,Valentina da Costa,Duarte
443,Cafeteira,Electrolux,2,1950.27,Eletroportáteis,2023-11-11,Isabelly Costela,Lima do Campo
444,Fogão,Panasonic,4,447.45,Linha Branca,2025-06-14,Yago Jesus,Duarte do Oeste
445,Televisão,Brastemp,1,5367.8,Eletrônicos,2024-02-08,Stephany Vieira,Pinto
446,Micro-ondas,LG,5,1462.66,Eletroportáteis,2024-12-18,Lívia da Mota,das Neves da Serra
447,Cafeteira,Samsung,3,1170.51,Eletroportáteis,2025-05-11,Dr. João Pedro Gomes,Moreira
448,Ar-Condicionado,LG,3,1474.36,Climatização,2025-03-13,Dra. Heloísa Moreira,Azevedo
449,Liquidificador,Electrolux,2,1874.84,Eletroportáteis,2025-04-22,Theo Moura,Peixoto da Serra
450,Geladeira,Consul,3,231.02,Linha Branca,2024-01-16,Erick Alves,Cardoso da Mata
451,Fogão,Electrolux,2,5182.8,Linha Branca,2024-01-14,Caio Martins,Martins do Sul
452,Fogão,Mondial,5,5813.06,Linha Branca,2024-05-14,Lorena da Conceição,Oliveira
453,Fogão,Philco,1,1752.65,Linha Branca,2023-10-22,Matheus Aragão,da Costa
454,Ar-Condicionado,LG,2,4952.74,Climatização,2025-02-10,Esther Barbosa,Fernandes
455,Geladeira,Consul,5,4836.24,Linha Branca,2025-04-09,Sarah Araújo,Nascimento do Campo
456,Ar-Condicionado,Midea,2,4014.15,Climatização,2024-12-24,Bryan da Paz,Costela Verde
457,Fogão,Britânia,3,4940.16,Linha Branca,2025-07-09,Noah Oliveira,da Conceição
458,Liquidificador,Consul,4,1008.97,Eletroportáteis,2023-11-22,Luiz Henrique Castro,Ramos das Flores
459,Televisão,Britânia,2,5049.13,Eletrônicos,2024-07-26,Cauã Ferreira,Alves de Alves
460,Cafeteira,Britânia,3,5027.83,Eletroportáteis,2024-03-06,Dr. Isaac Moura,Oliveira
461,Ar-Condicionado,Britânia,3,215.52,Climatização,2024-05-10,Srta. Júlia Alves,Viana
462,Máquina de Lavar,Electrolux,1,5627.15,Linha Branca,2024-06-30,Breno da Costa,da Luz
463,Liquidificador,Midea,4,4886.42,Eletroportáteis,2024-03-10,Dr. Arthur Pires,da Luz de da Conceição
464,Micro-ondas,Consul,5,2187.42,Eletroportáteis,2025-04-06,Sr. João Lucas Ribeiro,Rocha
465,Cafeteira,Britânia,1,729.96,Eletroportáteis,2024-05-16,Ana Clara da Paz,Farias
466,Liquidificador,Panasonic,1,3845.73,Eletroportáteis,2024-12-23,Luiz Gustavo da Cruz,Barbosa
467,Secadora,Panasonic,3,1677.89,Linha Branca,2025-07-07,Vinicius Souza,Rezende
468,Cafeteira,LG,3,5339.28,Eletroportáteis,2023-09-13,Maysa Fogaça,Novaes
469,Ar-Condicionado,Panasonic,5,5305.4,Climatização,2023-12-22,Lara Martins,Caldeira de Goiás
470,Secadora,Britânia,2,4587.45,Linha Branca,2024-11-04,Luana Peixoto,Barbosa
471,Fogão,Consul,1,2056.38,Linha Branca,2023-08-26,Marcelo Silva,Monteiro
472,Aspirador de Pó,Midea,5,1241.32,Eletroportáteis,2024-06-30,Lucas Gabriel Silveira,Lima
473,Televisão,Midea,3,1002.53,Eletrônicos,2025-06-24,Ana Clara Costa,Costa
474,Geladeira,Midea,2,5838.43,Linha Branca,2025-06-24,Lívia da Paz,Fernandes
475,Geladeira,Electrolux,1,863.12,Linha Branca,2024-09-15,Pietro Novaes,Gonçalves
476,Secadora,Mondial,3,5151.98,Linha Branca,2023-12-28,Dr. João Gabriel Araújo,Lima
477,Aspirador de Pó,Samsung,4,5453.06,Eletroportáteis,2023-12-16,Melissa Dias,Nogueira
478,Ar-Condicionado,Samsung,5,5708.13,Climatização,2025-03-09,Lucas Gabriel Alves,Teixeira
479,Geladeira,Samsung,5,4916.76,Linha Branca,2024-11-14,Raul Cunha,Correia
480,Cafeteira,Midea,4,4810.39,Eletroportáteis,2025-01-12,Nathan Moreira,Araújo
481,Ar-Condicionado,LG,3,5777.98,Climatização,2024-07-15,Carlos Eduardo Caldeira,Moura de Souza
482,Televisão,Brastemp,1,1967.76,Eletrônicos,2025-05-24,Maria Cecília Jesus,da Mata dos Dourados
483,Liquidificador,Panasonic,3,3311.54,Eletroportáteis,2024-10-06,Carlos Eduardo Moreira,Alves da Mata
484,Fogão,Electrolux,5,4508.7,Linha Branca,2024-05-20,Gabrielly Cavalcanti,Freitas do Galho
485,Máquina de Lavar,Mondial,1,1973.06,Linha Branca,2023-08-23,Cauê Rodrigues,Rocha
486,Aspirador de Pó,Electrolux,2,3134.1,Eletroportáteis,2023-11-08,Miguel Novaes,da Cunha
487,Fogão,Midea,1,1497.13,Linha Branca,2024-10-25,Sra. Juliana Oliveira,Cunha de Pereira
488,Liquidificador,LG,4,3207.38,Eletroportáteis,2025-06-05,Mariana Santos,Pinto Grande
489,Fogão,Midea,1,4096.74,Linha Branca,2023-12-14,Felipe Gomes,Porto da Prata
490,Liquidificador,Panasonic,3,3050.29,Eletroportáteis,2024-04-08,Matheus da Mata,Moura
491,Máquina de Lavar,LG,4,4989.34,Linha Branca,2024-12-31,Laura Silva,Dias
492,Máquina de Lavar,Electrolux,3,690.49,Linha Branca,2024-07-03,Ana Julia Costa,Caldeira de Jesus
493,Máquina de Lavar,Panasonic,3,3812.17,Linha Branca,2023-11-16,Srta. Julia Correia,Sales de Mendes
494,Cafeteira,Mondial,4,5201.64,Eletroportáteis,2024-08-14,Kamilly Oliveira,Farias
495,Geladeira,Brastemp,1,1476.97,Linha Branca,2024-07-16,Maria Fernanda Jesus,da Rocha do Campo
496,Cafeteira,Mondial,2,2730.7,Eletroportáteis,2025-05-25,Marcelo Rezende,da Cunha do Sul
497,Máquina de Lavar,Electrolux,2,5841.92,Linha Branca,2024-08-27,Nicolas Correia,da Rocha
498,Máquina de Lavar,LG,5,5667.98,Linha Branca,2025-05-28,Caroline das Neves,Santos
499,Aspirador de Pó,Consul,1,4997.37,Eletroportáteis,2025-06-21,Augusto Vieira,Novaes
500,Liquidificador,Mondial,5,3701.44,Eletroportáteis,2023-10-06,Lorena Costela,Teixeira
501,Máquina de Lavar,Midea,4,4885.26,Linha Branca,2024-02-12,Guilherme da Conceição,da Rosa
502,Máquina de Lavar,Samsung,1,470.3,Linha Branca,2024-01-16,Dr. Caio Moreira,Novaes de Novaes
503,Secadora,Panasonic,2,3502.5,Linha Branca,2024-10-13,Dr. Luiz Henrique das Neves,Moraes
504,Ar-Condicionado,Philco,2,916.63,Climatização,2024-04-05,Catarina Melo,Gomes
505,Televisão,Electrolux,5,273.82,Eletrônicos,2024-09-20,Dr. Danilo Costela,Castro
506,Geladeira,Britânia,1,5041.11,Linha Branca,2024-10-11,Leonardo Monteiro,Cavalcanti
507,Televisão,Mondial,2,3677.57,Eletrônicos,2024-03-31,Ana Laura Aragão,Moreira
508,Micro-ondas,Mondial,2,2258.61,Eletroportáteis,2023-11-29,Thiago Cunha,Viana Grande
509,Micro-ondas,Panasonic,1,3057.65,Eletroportáteis,2024-12-26,Cauã Castro,Caldeira do Norte
510,Máquina de Lavar,Midea,4,2839.61,Linha Branca,2024-09-16,Mirella Castro,Araújo
511,Ar-Condicionado,Britânia,2,5293.52,Climatização,2024-06-06,Lavínia Rezende,Lopes de Peixoto
512,Fogão,Samsung,2,4700.33,Linha Branca,2023-10-19,João Felipe Ferreira,Mendes do Oeste
513,Televisão,Electrolux,3,3457.11,Eletrônicos,2025-02-08,Valentina Fernandes,da Mota Alegre
514,Geladeira,Panasonic,1,2253.51,Linha Branca,2024-04-07,Breno Duarte,Aragão
515,Liquidificador,Philco,1,702.22,Eletroportáteis,2024-06-01,Nina Pereira,Melo de Duarte
516,Televisão,Mondial,1,2501.71,Eletrônicos,2024-06-16,Laura Fogaça,Cardoso de Rodrigues
517,Micro-ondas,Samsung,1,3422.26,Eletroportáteis,2024-11-19,Davi Lucas Silveira,Cavalcanti
518,Micro-ondas,Samsung,2,3257.83,Eletroportáteis,2024-01-13,Sophia Castro,Carvalho
519,Aspirador de Pó,Mondial,1,5673.74,Eletroportáteis,2024-11-14,Carlos Eduardo Barros,da Luz Verde
520,Ar-Condicionado,Mondial,2,2581.5,Climatização,2024-06-17,Gabriel Silva,Gomes de Goiás
521,Televisão,Electrolux,2,1400.93,Eletrônicos,2024-12-16,Marcela Araújo,Almeida
522,Aspirador de Pó,Brastemp,3,3901.07,Eletroportáteis,2024-09-24,Dra. Ana Júlia das Neves,Cavalcanti do Norte
523,Televisão,LG,3,5192.16,Eletrônicos,2023-10-26,Srta. Cecília da Rosa,Costela
524,Cafeteira,Electrolux,1,4048.11,Eletroportáteis,2024-07-18,Emanuelly Martins,Santos
525,Aspirador de Pó,Mondial,4,1045.57,Eletroportáteis,2023-08-21,Agatha Aragão,da Costa Alegre
526,Micro-ondas,Samsung,3,1506.64,Eletroportáteis,2024-10-26,Theo Peixoto,Santos de Porto
527,Fogão,Samsung,2,2529.11,Linha Branca,2023-08-29,Srta. Maria Eduarda Aragão,Pinto do Oeste
528,Micro-ondas,Brastemp,5,481.63,Eletroportáteis,2023-11-07,Raquel Moreira,da Costa de Santos
529,Liquidificador,Mondial,2,702.4,Eletroportáteis,2024-07-06,Kamilly da Luz,Lima do Sul
530,Fogão,Consul,5,804.34,Linha Branca,2023-08-17,Stephany da Luz,da Rocha
531,Micro-ondas,Electrolux,4,1199.56,Eletroportáteis,2025-03-27,Maitê Campos,Vieira do Amparo
532,Cafeteira,Electrolux,1,5606.45,Eletroportáteis,2023-09-19,Alana Fogaça,Nunes de Novaes
533,Liquidificador,Midea,4,2435.89,Eletroportáteis,2025-06-13,Miguel Sales,da Mota da Serra
534,Aspirador de Pó,LG,4,1848.91,Eletroportáteis,2024-04-22,Sra. Sophie Rezende,Araújo
535,Máquina de Lavar,Samsung,3,3487.65,Linha Branca,2025-03-28,Yasmin Freitas,da Conceição
536,Aspirador de Pó,Mondial,5,1523.54,Eletroportáteis,2024-10-19,Bernardo Porto,Moreira do Amparo
537,Máquina de Lavar,Consul,1,3048.58,Linha Branca,2023-11-22,Lara Souza,Moraes de Sales
538,Máquina de Lavar,LG,3,3205.98,Linha Branca,2025-01-29,Dr. Rodrigo Farias,Pereira do Oeste
539,Cafeteira,Philco,2,3352.15,Eletroportáteis,2023-09-16,Dr. Luiz Henrique Moura,Azevedo Verde
540,Geladeira,Midea,3,1496.06,Linha Branca,2024-09-16,Sra. Clarice Ferreira,Pereira
541,Cafeteira,Philco,3,4967.63,Eletroportáteis,2025-01-27,Clarice da Rocha,Rezende
542,Aspirador de Pó,Panasonic,2,5495.19,Eletroportáteis,2024-12-27,Larissa das Neves,Mendes
543,Cafeteira,Mondial,2,2709.91,Eletroportáteis,2024-08-07,Catarina Moraes,Fernandes da Mata
544,Fogão,LG,4,674.23,Linha Branca,2024-08-13,Davi da Luz,Moreira do Campo
545,Fogão,Midea,2,5129.52,Linha Branca,2024-05-14,João Gabriel da Cruz,Nogueira de Rocha
546,Fogão,Samsung,5,217.81,Linha Branca,2025-03-25,Sr. Augusto Moreira,Ramos
547,Máquina de Lavar,Midea,4,274.28,Linha Branca,2025-05-31,Bernardo da Paz,Alves
548,Fogão,Panasonic,5,5845.1,Linha Branca,2023-10-19,Sr. Pedro Lucas Ribeiro,Correia
549,Televisão,Samsung,2,4117.81,Eletrônicos,2024-03-26,Isabella da Luz,Gomes
550,Micro-ondas,Britânia,3,2732.05,Eletroportáteis,2025-04-12,Joaquim Castro,Azevedo do Campo
551,Cafeteira,Consul,3,5314.97,Eletroportáteis,2025-01-19,Srta. Mirella Rocha,Caldeira das Flores
552,Secadora,Mondial,1,1598.34,Linha Branca,2024-05-01,Renan Gomes,das Neves
553,Ar-Condicionado,LG,5,2648.62,Climatização,2024-12-14,Maria Julia Oliveira,Fernandes
554,Ar-Condicionado,Panasonic,1,3640.09,Climatização,2025-04-11,Emilly da Mota,Peixoto
555,Geladeira,Consul,3,4543.28,Linha Branca,2023-09-30,Anthony Nogueira,Oliveira de Pinto
556,Aspirador de Pó,Britânia,3,1738.26,Eletroportáteis,2024-06-07,Gabriela Mendes,da Mota
557,Aspirador de Pó,Philco,2,4791.32,Eletroportáteis,2025-02-16,Dra. Maria Vitória Cardoso,Farias
558,Fogão,LG,5,4255.73,Linha Branca,2024-12-25,Carolina das Neves,Jesus de Nunes
559,Liquidificador,Consul,5,1844.18,Eletroportáteis,2024-02-17,João Miguel Costela,Costa
560,Televisão,LG,5,2776.93,Eletrônicos,2024-09-26,Esther das Neves,Monteiro
561,Máquina de Lavar,Samsung,3,5419.52,Linha Branca,2024-11-16,Marina das Neves,Rodrigues
562,Televisão,Midea,5,2266.48,Eletrônicos,2024-06-20,Ana da Conceição,Caldeira
563,Televisão,Brastemp,2,4412.09,Eletrônicos,2024-07-02,Dra. Maria Alice Almeida,da Mata Paulista
564,Aspirador de Pó,Consul,2,5999.55,Eletroportáteis,2025-06-03,Luiz Fernando Freitas,Silveira
565,Secadora,Samsung,2,2927.68,Linha Branca,2024-04-13,Diego Oliveira,Viana de Fogaça
566,Geladeira,Panasonic,2,4492.85,Linha Branca,2024-10-20,Esther Cardoso,Barros do Sul
567,Ar-Condicionado,Samsung,5,5215.11,Climatização,2025-06-23,Luiz Miguel Campos,Oliveira
568,Liquidificador,Samsung,2,1727.17,Eletroportáteis,2025-06-22,Juliana da Cruz,Jesus de Novaes
569,Geladeira,Samsung,1,657.36,Linha Branca,2024-05-09,João Pedro da Mata,Gonçalves
570,Micro-ondas,Electrolux,1,3006.09,Eletroportáteis,2025-04-01,Pedro Miguel Teixeira,Mendes Grande
571,Ar-Condicionado,Samsung,1,4495.51,Climatização,2024-12-17,Sr. João Guilherme Rezende,Fernandes
572,Máquina de Lavar,Midea,3,3761.43,Linha Branca,2024-03-04,Davi Luiz Gomes,Freitas
573,Liquidificador,Philco,2,5093.24,Eletroportáteis,2023-08-06,Leonardo Castro,Nogueira
574,Micro-ondas,Electrolux,1,4252.77,Eletroportáteis,2023-11-13,Bernardo Viana,Azevedo
575,Micro-ondas,Midea,3,605.17,Eletroportáteis,2024-02-24,Pedro Lucas Dias,Rocha
576,Aspirador de Pó,Philco,4,4463.31,Eletroportáteis,2023-07-15,Alexandre Dias,Cavalcanti
577,Televisão,Mondial,1,3712.01,Eletrônicos,2023-11-09,Maitê Azevedo,Rocha de Barros
578,Ar-Condicionado,Midea,4,4328.13,Climatização,2024-10-22,Daniel Ramos,Gonçalves das Flores
579,Televisão,Panasonic,1,3188.28,Eletrônicos,2024-06-01,Pedro Miguel Gonçalves,Vieira da Mata
580,Aspirador de Pó,Mondial,3,5403.66,Eletroportáteis,2024-10-21,Dra. Helena da Costa,da Mata do Sul
581,Fogão,Samsung,4,2391.23,Linha Branca,2025-01-22,Caio Dias,Nunes
582,Televisão,Mondial,2,1178.69,Eletrônicos,2023-09-07,Marina Campos,Nogueira Verde
583,Aspirador de Pó,Brastemp,1,1546.31,Eletroportáteis,2024-04-24,Ana Beatriz Nascimento,Dias
584,Aspirador de Pó,Panasonic,1,718.93,Eletroportáteis,2023-08-10,Davi Luiz da Mata,da Cunha
585,Ar-Condicionado,Philco,2,1997.09,Climatização,2024-05-24,Nathan Melo,Rocha
586,Micro-ondas,Consul,1,1213.3,Eletroportáteis,2023-11-10,Emilly das Neves,Aragão
587,Fogão,Britânia,1,2968.59,Linha Branca,2023-08-27,Valentina Lima,Lopes
588,Liquidificador,Panasonic,1,5036.79,Eletroportáteis,2023-12-06,Ana Julia Azevedo,Campos do Norte
589,Geladeira,Consul,1,4011.89,Linha Branca,2024-09-12,Otávio Duarte,Ferreira
590,Micro-ondas,Electrolux,4,1369.31,Eletroportáteis,2024-01-05,Eloah Aragão,Barbosa Alegre
591,Cafeteira,Britânia,2,3433.65,Eletroportáteis,2024-12-18,Erick Cunha,Melo do Norte
592,Cafeteira,Panasonic,3,5761.59,Eletroportáteis,2024-11-18,Sr. Erick da Rocha,Barbosa da Prata
593,Cafeteira,Electrolux,3,3725.15,Eletroportáteis,2024-07-11,Juliana Novaes,Gonçalves
594,Ar-Condicionado,Panasonic,1,1034.45,Climatização,2025-06-04,Arthur Monteiro,Farias do Sul
595,Fogão,Philco,2,4300.43,Linha Branca,2024-08-17,Sra. Emanuella Cardoso,Gonçalves de Duarte
596,Geladeira,Brastemp,1,2495.48,Linha Branca,2025-06-01,Paulo Fernandes,da Rocha do Galho
597,Geladeira,Mondial,2,5461.75,Linha Branca,2024-11-10,Sr. Vitor Hugo Dias,da Cunha
598,Liquidificador,Samsung,4,4537.53,Eletroportáteis,2024-05-31,Carolina Sales,Correia de Porto
599,Liquidificador,Brastemp,1,5737.99,Eletroportáteis,2024-11-20,Ana Laura da Rosa,Nunes
600,Secadora,Midea,5,4411.64,Linha Branca,2024-07-25,Vitor Costa,Silva do Oeste
601,Ar-Condicionado,Panasonic,4,3871.23,Climatização,2023-10-19,Enrico Carvalho,Novaes de Martins
602,Secadora,Mondial,3,3226.22,Linha Branca,2024-06-25,Maria Julia da Paz,Barros
603,Secadora,Britânia,2,3761.97,Linha Branca,2023-11-01,Miguel Vieira,Carvalho da Praia
604,Secadora,Philco,1,3036.87,Linha Branca,2025-01-18,Marcela Araújo,Moraes
605,Geladeira,Consul,2,2700.16,Linha Branca,2024-05-22,Anthony Oliveira,Nogueira
606,Máquina de Lavar,Philco,4,3198.39,Linha Branca,2023-08-08,Srta. Ana Clara da Costa,da Cruz
607,Aspirador de Pó,LG,5,5550.78,Eletroportáteis,2024-01-01,Thomas Jesus,Campos Paulista
608,Fogão,Samsung,5,2223.78,Linha Branca,2025-02-05,Thales Barbosa,da Paz Verde
609,Aspirador de Pó,Midea,3,461.42,Eletroportáteis,2024-09-26,Giovanna Ferreira,Castro Alegre
610,Máquina de Lavar,Panasonic,1,1911.28,Linha Branca,2024-12-25,Milena Costa,Cardoso de Goiás
611,Secadora,Philco,2,2566.4,Linha Branca,2024-12-18,Yago Almeida,Dias do Oeste
612,Micro-ondas,Electrolux,1,3441.89,Eletroportáteis,2023-09-13,Maria Cecília Cardoso,Teixeira
613,Secadora,Brastemp,2,209.73,Linha Branca,2024-06-20,Ana Laura Azevedo,Sales
614,Ar-Condicionado,Britânia,5,2106.25,Climatização,2025-02-19,Alexandre Rezende,da Cunha das Flores
615,Liquidificador,Mondial,1,5949.13,Eletroportáteis,2025-06-22,Giovanna Nunes,da Rosa
616,Ar-Condicionado,Electrolux,4,4368.9,Climatização,2024-10-02,Agatha Araújo,Moreira
617,Micro-ondas,Consul,1,5055.97,Eletroportáteis,2024-12-21,Caroline Dias,Cunha do Oeste
618,Secadora,Mondial,4,5062.39,Linha Branca,2025-06-29,Maitê Oliveira,Novaes do Norte
619,Máquina de Lavar,Samsung,5,4806.83,Linha Branca,2025-03-26,André Nascimento,Pinto
620,Televisão,Consul,2,1421.13,Eletrônicos,2024-09-28,Cauê Silva,Aragão
621,Cafeteira,Samsung,3,283.78,Eletroportáteis,2024-10-06,Diego da Paz,Campos do Norte
622,Micro-ondas,Electrolux,1,5820.08,Eletroportáteis,2024-03-03,Julia Cunha,Caldeira
623,Ar-Condicionado,Samsung,2,910.06,Climatização,2024-01-12,Esther Fernandes,Freitas de das Neves
624,Cafeteira,Electrolux,2,1202.9,Eletroportáteis,2024-06-18,Otávio Silva,Cardoso do Campo
625,Fogão,Consul,2,3694.38,Linha Branca,2023-10-12,Cecília Cunha,Ramos de Minas
626,Geladeira,Samsung,2,4256.9,Linha Branca,2024-12-14,Dra. Ana Laura Costa,Freitas
627,Televisão,Mondial,1,4506.2,Eletrônicos,2023-09-28,Daniela da Paz,Monteiro do Norte
628,Secadora,Midea,5,3140.72,Linha Branca,2023-07-22,Guilherme Azevedo,da Mata de Goiás
629,Geladeira,Samsung,5,1768.89,Linha Branca,2024-03-03,Sra. Ana Vitória Teixeira,Caldeira de Carvalho
630,Aspirador de Pó,Consul,4,4009.35,Eletroportáteis,2024-12-16,Calebe Peixoto,Cardoso do Galho
631,Televisão,Brastemp,3,2116.62,Eletrônicos,2023-10-12,Alana da Paz,Santos
632,Geladeira,Samsung,1,5375.17,Linha Branca,2023-11-10,Enzo Ramos,Souza
633,Televisão,Midea,3,4320.55,Eletrônicos,2025-05-19,Sofia Silva,da Mata
634,Ar-Condicionado,Britânia,5,4132.09,Climatização,2025-04-04,Thales Novaes,Aragão
635,Fogão,Philco,2,1871.1,Linha Branca,2025-02-20,Mariane Fogaça,Rodrigues
636,Televisão,LG,5,259.72,Eletrônicos,2024-04-21,Vicente Silveira,Correia
637,Ar-Condicionado,Britânia,1,3919.65,Climatização,2025-07-02,Alice Oliveira,da Paz
638,Cafeteira,Brastemp,3,5595.64,Eletroportáteis,2025-01-14,Pietro Fernandes,Pires
639,Máquina de Lavar,Mondial,2,3139.95,Linha Branca,2025-06-11,Luiz Henrique Caldeira,Costela
640,Secadora,Panasonic,2,5496.99,Linha Branca,2023-10-02,Lorenzo Castro,Rodrigues
641,Secadora,Samsung,5,1318.89,Linha Branca,2024-04-16,Maria Alice Nascimento,Araújo
642,Máquina de Lavar,Samsung,4,5676.32,Linha Branca,2025-01-18,Fernando da Cunha,Gonçalves de Alves
643,Aspirador de Pó,Panasonic,2,5591.34,Eletroportáteis,2024-06-27,Lorena Azevedo,Santos
644,Micro-ondas,Britânia,5,5207.25,Eletroportáteis,2023-09-03,Sra. Lívia Duarte,Teixeira
645,Geladeira,Mondial,3,3303.09,Linha Branca,2024-02-21,Luana Cavalcanti,Teixeira de Goiás
646,Televisão,LG,2,4506.52,Eletrônicos,2023-12-17,Alexia Gomes,Lima
647,Televisão,Philco,3,3719.95,Eletrônicos,2023-10-06,Amanda da Mata,Ramos das Pedras
648,Liquidificador,Britânia,3,5274.72,Eletroportáteis,2023-07-29,Stella Almeida,Viana
649,Secadora,Midea,1,306.72,Linha Branca,2024-06-13,Sra. Camila Pereira,Vieira dos Dourados
650,Secadora,Samsung,5,1034.66,Linha Branca,2024-08-06,Luigi da Cruz,Gonçalves do Norte
651,Máquina de Lavar,LG,2,4130.82,Linha Branca,2025-01-12,Guilherme Pires,Teixeira de Melo
652,Aspirador de Pó,Midea,1,4410.09,Eletroportáteis,2025-01-22,Dr. Cauê Ramos,da Mota
653,Televisão,Consul,4,3506.41,Eletrônicos,2023-08-17,Fernando Nogueira,Cavalcanti
654,Televisão,Philco,1,2275.79,Eletrônicos,2024-06-04,Valentina Dias,Caldeira de Goiás
655,Liquidificador,Mondial,1,1452.12,Eletroportáteis,2024-11-01,Luiz Henrique Ramos,Almeida do Campo
656,Aspirador de Pó,LG,1,5202.54,Eletroportáteis,2024-06-17,Nina Monteiro,Barros do Amparo
657,Micro-ondas,Electrolux,4,5090.25,Eletroportáteis,2024-07-09,Pedro Miguel Silva,Ribeiro de das Neves
658,Máquina de Lavar,Brastemp,3,1686.92,Linha Branca,2024-01-12,Isaac da Paz,Araújo do Galho
659,Secadora,Samsung,4,3486.71,Linha Branca,2025-01-29,Arthur Costa,Barros Alegre
660,Máquina de Lavar,Midea,1,2303.7,Linha Branca,2024-06-23,Srta. Juliana da Rosa,Cunha de Minas
661,Máquina de Lavar,LG,5,1061.23,Linha Branca,2025-03-10,Dra. Amanda da Cruz,Cardoso
662,Secadora,Electrolux,2,2018.44,Linha Branca,2024-05-10,Srta. Lívia Sales,da Paz da Serra
663,Aspirador de Pó,Britânia,2,3789.44,Eletroportáteis,2024-08-03,Renan Pires,Melo Grande
664,Cafeteira,Mondial,5,4353.51,Eletroportáteis,2023-10-30,Noah Costela,Moreira
665,Televisão,Philco,3,2393.13,Eletrônicos,2023-10-31,Eduarda Sales,Pires
666,Secadora,Panasonic,5,1382.88,Linha Branca,2024-04-16,Luiz Miguel Moura,da Conceição de das Neves
667,Ar-Condicionado,Samsung,2,3454.89,Climatização,2023-07-24,João Pedro Martins,Santos da Prata
668,Ar-Condicionado,Midea,3,1704.32,Climatização,2023-11-01,Dr. Raul da Paz,Campos de Viana
669,Secadora,Midea,4,3452.08,Linha Branca,2024-08-16,Miguel Barros,Silva da Praia
670,Ar-Condicionado,Brastemp,1,2376.91,Climatização,2024-11-04,Marcelo Melo,da Costa do Norte
671,Micro-ondas,Mondial,3,2927.13,Eletroportáteis,2025-06-25,Emilly Almeida,Pinto
672,Geladeira,Consul,2,1368.58,Linha Branca,2024-01-22,Marcos Vinicius Pires,da Cunha dos Dourados
673,Máquina de Lavar,Brastemp,3,407.19,Linha Branca,2024-03-10,Gustavo Henrique Lima,Novaes
674,Máquina de Lavar,Midea,1,4316.17,Linha Branca,2025-03-19,Dr. Antônio Moreira,Cavalcanti
675,Ar-Condicionado,Samsung,5,4127.74,Climatização,2024-01-30,Vicente Silveira,Pires de Minas
676,Máquina de Lavar,Brastemp,3,783.34,Linha Branca,2023-10-02,Enrico Souza,Gomes de da Conceição
677,Fogão,Consul,5,5776.9,Linha Branca,2024-11-13,Alexandre Dias,Silveira da Serra
678,Geladeira,Brastemp,3,3124.13,Linha Branca,2023-12-30,Júlia Almeida,Monteiro
679,Micro-ondas,Mondial,1,2513.44,Eletroportáteis,2024-09-19,Sr. Luiz Fernando Aragão,da Rocha da Prata
680,Aspirador de Pó,Mondial,3,2426.6,Eletroportáteis,2024-09-25,Laura Araújo,Nogueira
681,Secadora,Brastemp,4,4178.64,Linha Branca,2024-10-17,Rafaela Jesus,Ribeiro Grande
682,Televisão,Samsung,3,1940.19,Eletrônicos,2024-07-26,Ana Beatriz Costela,da Cunha de Correia
683,Ar-Condicionado,Samsung,5,1481.67,Climatização,2025-06-23,Joaquim Novaes,da Mata da Praia
684,Micro-ondas,Britânia,3,2329.54,Eletroportáteis,2025-04-08,Stephany Teixeira,Silveira
685,Televisão,Samsung,3,2386.13,Eletrônicos,2024-11-29,Vitor Araújo,Novaes
686,Micro-ondas,Consul,4,4072.4,Eletroportáteis,2024-06-09,Bruno da Mata,Rocha
687,Secadora,Philco,4,983.95,Linha Branca,2023-11-30,Gabrielly Barbosa,Monteiro
688,Fogão,Mondial,5,1787.0,Linha Branca,2024-08-17,Luiz Otávio Fernandes,Moreira
689,Secadora,Electrolux,5,3784.04,Linha Branca,2025-05-23,Clarice Oliveira,da Costa
690,Máquina de Lavar,Midea,2,1798.01,Linha Branca,2024-02-10,Lavínia Rezende,Nogueira
691,Ar-Condicionado,Samsung,2,3395.97,Climatização,2024-08-25,Danilo Carvalho,Martins das Pedras
692,Aspirador de Pó,Mondial,5,1474.56,Eletroportáteis,2024-01-03,Isaac Viana,Carvalho
693,Aspirador de Pó,Britânia,4,1577.66,Eletroportáteis,2024-08-07,Srta. Isadora Farias,Souza
694,Ar-Condicionado,LG,5,4695.6,Climatização,2024-01-21,Rafaela Teixeira,Viana
695,Liquidificador,Electrolux,2,3597.27,Eletroportáteis,2025-05-06,Yuri Ramos,Aragão Grande
696,Cafeteira,Panasonic,3,5661.81,Eletroportáteis,2025-04-12,Nathan Alves,Rodrigues
697,Máquina de Lavar,Electrolux,2,2493.23,Linha Branca,2024-02-06,Maria Clara da Costa,Sales do Oeste
698,Liquidificador,Brastemp,3,1530.43,Eletroportáteis,2024-10-30,Esther da Mata,Peixoto
699,Micro-ondas,Mondial,4,5823.63,Eletroportáteis,2025-01-15,Letícia das Neves,Vieira da Prata
700,Geladeira,Mondial,1,5139.88,Linha Branca,2024-05-10,Enrico Nascimento,Ferreira do Norte
701,Geladeira,Midea,4,1304.59,Linha Branca,2024-08-07,Luiz Fernando Fernandes,Cardoso dos Dourados
702,Fogão,Electrolux,2,2365.03,Linha Branca,2023-12-02,Helena Cavalcanti,Silveira do Oeste
703,Aspirador de Pó,Consul,2,2168.92,Eletroportáteis,2025-06-27,Srta. Beatriz Lopes,Barros do Amparo
704,Aspirador de Pó,Mondial,5,4900.89,Eletroportáteis,2023-09-04,Nina Moura,Carvalho do Sul
705,Televisão,Philco,5,1046.0,Eletrônicos,2024-10-17,Dra. Ana Julia da Paz,das Neves
706,Fogão,Samsung,1,1158.93,Linha Branca,2025-02-19,João Vitor Nogueira,Fogaça Paulista
707,Secadora,Midea,1,3740.15,Linha Branca,2023-12-29,Murilo da Cunha,Duarte das Flores
708,Geladeira,Mondial,1,1569.65,Linha Branca,2025-07-02,Luiza das Neves,Silveira
709,Aspirador de Pó,Philco,3,4329.66,Eletroportáteis,2024-11-30,Alana da Mota,Costela
710,Geladeira,Midea,1,5738.33,Linha Branca,2025-04-28,Heitor Duarte,das Neves
711,Fogão,Samsung,3,2466.53,Linha Branca,2024-10-17,João Nascimento,Rocha
712,Micro-ondas,Samsung,1,2582.97,Eletroportáteis,2024-07-19,Rebeca Caldeira,Oliveira
713,Ar-Condicionado,Brastemp,2,1947.19,Climatização,2023-08-20,João Miguel Silveira,Barbosa
714,Micro-ondas,Britânia,2,5874.5,Eletroportáteis,2024-04-15,Lara Nunes,da Costa
715,Ar-Condicionado,Mondial,5,860.56,Climatização,2024-11-02,Sr. Francisco Almeida,Lopes de Fernandes
716,Fogão,Britânia,5,5021.76,Linha Branca,2025-02-19,Dr. Renan Ribeiro,Dias
717,Ar-Condicionado,Philco,4,1124.03,Climatização,2025-01-08,Bruno Gomes,Rezende do Amparo
718,Ar-Condicionado,LG,3,2285.61,Climatização,2025-03-31,Srta. Milena Monteiro,Sales
719,Aspirador de Pó,Brastemp,1,3591.58,Eletroportáteis,2023-10-29,Diego Farias,Caldeira do Norte
720,Ar-Condicionado,Britânia,3,868.5,Climatização,2024-04-05,Thiago Viana,Teixeira
721,Fogão,Consul,5,2203.29,Linha Branca,2025-03-31,Sarah Ribeiro,Oliveira
722,Aspirador de Pó,Philco,2,1710.94,Eletroportáteis,2024-12-20,Levi Caldeira,Cavalcanti de Costela
723,Ar-Condicionado,Philco,1,4282.64,Climatização,2024-10-24,Benjamin Lopes,Monteiro do Campo
724,Liquidificador,Panasonic,2,4777.06,Eletroportáteis,2023-10-22,Dr. Kevin Fogaça,da Rocha do Galho
725,Fogão,Britânia,4,3530.95,Linha Branca,2024-07-28,Arthur Peixoto,da Rocha
726,Geladeira,Consul,4,808.37,Linha Branca,2023-07-27,Nicole Duarte,Cavalcanti
727,Máquina de Lavar,LG,1,4885.7,Linha Branca,2023-07-27,João Martins,Barbosa do Galho
728,Máquina de Lavar,Philco,2,5998.42,Linha Branca,2024-03-16,Sr. Pedro Lucas da Cunha,Araújo de da Rosa
729,Ar-Condicionado,Midea,1,2236.4,Climatização,2023-07-25,Dra. Sabrina Oliveira,Fernandes dos Dourados
730,Máquina de Lavar,Mondial,3,462.56,Linha Branca,2023-07-23,João Miguel Barros,Moura
731,Micro-ondas,Brastemp,4,1643.49,Eletroportáteis,2024-03-20,Benjamin Melo,Porto das Pedras
732,Secadora,Electrolux,4,2330.1,Linha Branca,2023-12-17,Maria Alice Costa,Moraes de Castro
733,Fogão,LG,5,3757.65,Linha Branca,2023-09-26,Isabel Pires,Pinto
734,Cafeteira,Midea,2,916.29,Eletroportáteis,2024-11-01,Nicolas Fogaça,Caldeira da Prata
735,Fogão,Midea,1,5355.69,Linha Branca,2025-03-09,Breno Lima,Vieira da Prata
736,Secadora,Panasonic,3,4348.51,Linha Branca,2023-10-03,Samuel Ferreira,Nascimento
737,Liquidificador,Samsung,2,4776.87,Eletroportáteis,2024-08-01,Dr. Emanuel da Mota,Caldeira
738,Cafeteira,Midea,5,4523.69,Eletroportáteis,2025-06-02,Dra. Marcela Nogueira,Monteiro
739,Máquina de Lavar,LG,5,4652.52,Linha Branca,2025-05-29,Ana Julia Azevedo,Moreira
740,Aspirador de Pó,Mondial,1,4300.89,Eletroportáteis,2025-03-20,Bruna Cunha,Almeida
741,Televisão,Mondial,1,2569.33,Eletrônicos,2024-10-11,Davi Gonçalves,Costela
742,Cafeteira,Philco,1,1560.31,Eletroportáteis,2024-07-29,Eduardo Aragão,Aragão Grande
743,Ar-Condicionado,Philco,3,453.0,Climatização,2025-03-18,Marcos Vinicius Peixoto,da Rosa de da Paz
744,Aspirador de Pó,Britânia,4,3897.84,Eletroportáteis,2025-06-09,Sr. João Gabriel Duarte,Vieira
745,Ar-Condicionado,Mondial,3,5819.63,Climatização,2025-07-09,Pedro Lucas da Paz,Cavalcanti de Monteiro
746,Aspirador de Pó,Panasonic,2,3568.87,Eletroportáteis,2024-10-30,Natália Caldeira,Correia dos Dourados
747,Fogão,Philco,3,4697.97,Linha Branca,2024-01-27,Enzo Gabriel da Costa,Teixeira
748,Secadora,Mondial,2,5155.08,Linha Branca,2024-09-19,André Lopes,Gonçalves da Prata
749,Fogão,Mondial,5,3025.61,Linha Branca,2023-09-20,Francisco Dias,Mendes
750,Micro-ondas,LG,4,568.65,Eletroportáteis,2025-03-04,Antônio Almeida,Martins da Mata
751,Liquidificador,Britânia,1,395.23,Eletroportáteis,2025-01-10,Valentina da Cunha,Fogaça
752,Cafeteira,Midea,3,833.31,Eletroportáteis,2024-09-19,Alexia Cunha,Castro do Galho
753,Aspirador de Pó,Britânia,2,861.01,Eletroportáteis,2024-11-01,Miguel Lima,Moreira de Pinto
754,Secadora,Britânia,5,3722.58,Linha Branca,2024-07-30,Cecília Alves,Cardoso
755,Liquidificador,Panasonic,5,262.75,Eletroportáteis,2024-04-02,Sr. Danilo Sales,Pereira de Castro
756,Cafeteira,Midea,2,5841.69,Eletroportáteis,2023-10-07,Emilly Costa,Jesus
757,Fogão,Mondial,3,4038.07,Linha Branca,2025-04-03,Pedro Henrique da Mota,Rezende
758,Ar-Condicionado,Midea,2,589.7,Climatização,2024-07-12,Brenda Nunes,Lopes
759,Micro-ondas,Panasonic,5,1101.66,Eletroportáteis,2025-04-20,Joaquim Almeida,da Conceição dos Dourados
760,Máquina de Lavar,Consul,2,5058.54,Linha Branca,2024-08-19,Elisa Campos,da Costa da Serra
761,Liquidificador,Midea,2,3017.88,Eletroportáteis,2025-07-07,Dra. Ana Beatriz Nunes,Monteiro
762,Máquina de Lavar,Britânia,4,5740.88,Linha Branca,2023-10-06,Gustavo Henrique Ramos,Costa da Mata
763,Televisão,Consul,5,3938.55,Eletrônicos,2023-11-19,Sarah Moura,Oliveira do Amparo
764,Cafeteira,Consul,1,4312.15,Eletroportáteis,2025-01-18,Mariana Almeida,Ramos
765,Aspirador de Pó,Samsung,3,3135.76,Eletroportáteis,2024-09-18,Otávio Oliveira,Santos de Goiás
766,Geladeira,Consul,5,1281.05,Linha Branca,2024-03-18,Sra. Gabriela Oliveira,Moraes
767,Ar-Condicionado,Philco,5,1089.81,Climatização,2023-09-30,Ana Beatriz Jesus,Sales Grande
768,Micro-ondas,LG,1,685.23,Eletroportáteis,2023-08-07,Alícia Fernandes,Pires das Pedras
769,Televisão,Brastemp,2,1278.52,Eletrônicos,2024-02-11,Srta. Giovanna Costa,Porto
770,Micro-ondas,Panasonic,2,3065.4,Eletroportáteis,2025-01-29,Juliana Moraes,da Cunha de Minas
771,Geladeira,Brastemp,3,4459.03,Linha Branca,2025-01-10,Ana Beatriz Vieira,Nascimento
772,Aspirador de Pó,Brastemp,4,2046.45,Eletroportáteis,2025-06-03,Emanuella Viana,Ramos
773,Liquidificador,Philco,1,5212.48,Eletroportáteis,2025-06-28,Ana Carolina Pereira,Gomes
774,Ar-Condicionado,Samsung,4,5109.46,Climatização,2024-01-11,Isabella Moreira,Jesus
775,Aspirador de Pó,Panasonic,2,4794.6,Eletroportáteis,2024-11-19,Heloísa Carvalho,Caldeira Verde
776,Micro-ondas,Philco,2,1203.56,Eletroportáteis,2024-11-14,Dra. Fernanda Sales,Gonçalves da Serra
777,Secadora,Electrolux,2,870.07,Linha Branca,2025-03-09,Pietra da Rocha,Porto das Pedras
778,Geladeira,Panasonic,2,4571.61,Linha Branca,2024-05-13,Sophia da Cunha,Ramos
779,Aspirador de Pó,Mondial,4,1430.22,Eletroportáteis,2024-07-13,Sr. Eduardo Moreira,da Mata da Prata
780,Secadora,LG,1,222.24,Linha Branca,2023-10-05,Sofia Novaes,Jesus
781,Secadora,Brastemp,5,3091.41,Linha Branca,2023-11-17,Joana das Neves,Melo Verde
782,Fogão,Mondial,1,574.86,Linha Branca,2025-01-08,Vitor Gabriel Pires,Dias da Serra
783,Secadora,Electrolux,4,2060.5,Linha Branca,2024-05-27,Leonardo Aragão,Carvalho
784,Cafeteira,Panasonic,1,4592.58,Eletroportáteis,2023-07-14,Levi Barros,da Costa
785,Ar-Condicionado,Philco,2,4890.72,Climatização,2025-02-05,Ian Rocha,Farias
786,Cafeteira,LG,2,5695.83,Eletroportáteis,2024-01-03,Ana Sophia Moura,Souza
787,Secadora,Britânia,1,3018.66,Linha Branca,2025-03-01,Emanuelly Nogueira,Sales Grande
788,Liquidificador,Mondial,1,3559.85,Eletroportáteis,2023-08-10,Joana Cardoso,da Paz de Goiás
789,Geladeira,Consul,3,2263.81,Linha Branca,2025-04-17,Benício Souza,Rocha
790,Geladeira,Panasonic,5,4977.96,Linha Branca,2023-10-24,Dr. Cauê Correia,Barbosa
791,Aspirador de Pó,Brastemp,2,468.61,Eletroportáteis,2024-12-25,Manuela Pereira,Jesus
792,Secadora,Electrolux,2,3531.42,Linha Branca,2025-03-08,Lavínia Lopes,Cunha das Pedras
793,Fogão,Philco,3,2291.52,Linha Branca,2024-10-23,Luiz Felipe Ramos,Caldeira de Goiás
794,Secadora,Britânia,3,5426.17,Linha Branca,2024-01-28,Dr. Leonardo Porto,das Neves
795,Micro-ondas,Consul,4,4049.31,Eletroportáteis,2024-09-22,Olivia Lopes,Alves Paulista
796,Aspirador de Pó,Samsung,1,1268.44,Eletroportáteis,2024-06-30,João Pedro Vieira,Farias da Praia
797,Televisão,Electrolux,4,1184.45,Eletrônicos,2024-02-05,Isis Nascimento,Costa de Alves
798,Geladeira,Midea,3,2455.22,Linha Branca,2025-04-28,Brenda Araújo,Ribeiro
799,Fogão,Consul,2,5992.99,Linha Branca,2023-12-03,Ryan Duarte,Costela Alegre
800,Fogão,Midea,5,3535.07,Linha Branca,2024-02-11,Anthony Nascimento,Barros da Serra
801,Ar-Condicionado,Panasonic,5,4705.51,Climatização,2023-07-26,Agatha Cavalcanti,das Neves
802,Geladeira,Britânia,5,4792.82,Linha Branca,2025-03-08,Juan Cardoso,Moreira de Moreira
803,Geladeira,Samsung,1,3595.84,Linha Branca,2023-10-08,Rebeca da Mota,Monteiro
804,Aspirador de Pó,Britânia,5,4932.26,Eletroportáteis,2024-11-19,Lucas Dias,Moura
805,Secadora,LG,2,344.81,Linha Branca,2023-10-10,Sarah Ferreira,Lopes Alegre
806,Aspirador de Pó,Philco,3,5696.54,Eletroportáteis,2025-05-17,Pedro Miguel Rezende,da Mota Grande
807,Geladeira,Electrolux,2,3532.94,Linha Branca,2024-03-19,Nicolas da Paz,Araújo
808,Ar-Condicionado,Britânia,4,503.58,Climatização,2024-06-30,Lívia Duarte,Fogaça
809,Ar-Condicionado,Britânia,5,4792.92,Climatização,2024-07-22,Pedro da Rocha,Farias Paulista
810,Geladeira,Midea,1,4663.49,Linha Branca,2025-06-11,Henrique Rodrigues,da Cruz da Mata
811,Cafeteira,Mondial,5,1704.49,Eletroportáteis,2025-04-26,Maria Vitória da Mata,Araújo do Amparo
812,Liquidificador,Samsung,5,441.67,Eletroportáteis,2024-01-13,Srta. Manuela Sales,Costa das Pedras
813,Aspirador de Pó,Samsung,5,2651.2,Eletroportáteis,2024-11-28,Sra. Ana Dias,Teixeira de Fernandes
814,Micro-ondas,Electrolux,3,636.81,Eletroportáteis,2025-06-20,João Pedro Santos,Ramos da Mata
815,Liquidificador,Philco,4,3937.1,Eletroportáteis,2024-05-12,Gustavo Henrique Porto,Pires
816,Cafeteira,Consul,4,3772.23,Eletroportáteis,2024-02-27,Agatha da Conceição,Carvalho de Santos
817,Geladeira,Brastemp,4,4372.4,Linha Branca,2024-10-14,Enzo Gabriel Moreira,da Mota das Pedras
818,Secadora,Consul,4,1219.16,Linha Branca,2025-06-01,Thomas Castro,Pereira de Cavalcanti
819,Cafeteira,Britânia,4,1145.27,Eletroportáteis,2023-09-23,Caroline Pires,da Costa
820,Secadora,LG,3,2473.42,Linha Branca,2025-04-21,Mariana Pinto,Lopes
821,Secadora,Panasonic,2,3568.84,Linha Branca,2024-11-10,Eloah da Cunha,Campos
822,Fogão,Electrolux,3,461.4,Linha Branca,2025-01-27,João Miguel Costela,Monteiro do Norte
823,Fogão,Mondial,1,4006.09,Linha Branca,2025-07-05,Emanuelly Martins,Rodrigues do Oeste
824,Televisão,Brastemp,3,2307.51,Eletrônicos,2025-01-01,Lucca Barros,Rezende de Almeida
825,Aspirador de Pó,Mondial,5,5254.51,Eletroportáteis,2024-07-31,Fernando da Rocha,Rezende
826,Cafeteira,Consul,1,4342.73,Eletroportáteis,2024-02-21,Luiz Otávio Correia,Caldeira da Mata
827,Fogão,Panasonic,2,1430.3,Linha Branca,2024-05-11,Laís Jesus,da Rosa
828,Secadora,Consul,5,1344.12,Linha Branca,2024-07-20,Theo Castro,Monteiro
829,Máquina de Lavar,LG,3,5428.6,Linha Branca,2025-06-30,Raul Vieira,Gonçalves
830,Máquina de Lavar,LG,3,341.1,Linha Branca,2024-06-29,Beatriz Viana,Silva
831,Fogão,Electrolux,4,1207.01,Linha Branca,2024-07-09,Isadora Gomes,Moura do Galho
832,Liquidificador,Brastemp,2,5182.88,Eletroportáteis,2023-10-17,Lorenzo Cardoso,Barros
833,Liquidificador,Electrolux,2,2395.6,Eletroportáteis,2023-10-28,Sofia da Paz,da Paz do Sul
834,Geladeira,Brastemp,1,1030.99,Linha Branca,2025-06-20,Luna Teixeira,Cunha
835,Fogão,Midea,1,1091.96,Linha Branca,2024-02-24,Bruno Monteiro,Vieira
836,Geladeira,Electrolux,5,2100.13,Linha Branca,2023-07-23,Bárbara Carvalho,da Paz
837,Fogão,Consul,1,442.91,Linha Branca,2024-07-10,Sra. Kamilly Porto,Cardoso de Goiás
838,Aspirador de Pó,Electrolux,4,3324.42,Eletroportáteis,2023-07-11,Dr. Gustavo Nunes,Silva
839,Secadora,Samsung,2,4619.34,Linha Branca,2024-11-19,Dra. Ana Julia Castro,Peixoto
840,Secadora,Electrolux,5,4532.15,Linha Branca,2024-11-16,Sr. Pedro Henrique Rezende,Castro
841,Televisão,Electrolux,4,5450.13,Eletrônicos,2025-03-17,Dr. Matheus da Mata,Costa
842,Geladeira,LG,2,1676.61,Linha Branca,2023-11-13,Ian Fernandes,da Costa de da Conceição
843,Geladeira,LG,1,2328.0,Linha Branca,2023-10-18,Francisco Rezende,Silveira
844,Máquina de Lavar,Consul,5,4715.52,Linha Branca,2023-11-06,Caroline Porto,da Mata
845,Liquidificador,Midea,4,3685.55,Eletroportáteis,2025-03-31,Felipe da Cruz,Farias
846,Fogão,Midea,4,2154.26,Linha Branca,2023-10-18,Stella Peixoto,Ribeiro de Souza
847,Micro-ondas,LG,5,1643.68,Eletroportáteis,2023-09-30,Pedro Gomes,Lima Alegre
848,Televisão,Panasonic,1,370.91,Eletrônicos,2023-11-29,Lorena Silveira,da Costa
849,Ar-Condicionado,Mondial,1,1174.22,Climatização,2024-11-10,Julia Araújo,Azevedo de Peixoto
850,Televisão,Electrolux,3,451.53,Eletrônicos,2024-06-11,Luana Pereira,das Neves
851,Liquidificador,Britânia,3,4671.01,Eletroportáteis,2025-05-05,Alexandre Silva,Ferreira da Praia
852,Liquidificador,Britânia,2,1061.33,Eletroportáteis,2025-03-16,Emanuelly Teixeira,Ferreira
853,Micro-ondas,Panasonic,5,5294.33,Eletroportáteis,2024-06-07,Ryan Moura,Moura do Campo
854,Televisão,Consul,1,5149.56,Eletrônicos,2025-01-02,Dr. Nicolas da Paz,Gonçalves
855,Geladeira,Midea,2,2579.47,Linha Branca,2023-10-15,Davi Lucas Martins,Sales
856,Secadora,Britânia,3,5652.16,Linha Branca,2025-03-01,Isabelly Almeida,Pereira da Praia
857,Televisão,Philco,5,2554.8,Eletrônicos,2024-07-27,Ana Carolina Aragão,Aragão
858,Cafeteira,Electrolux,2,3203.49,Eletroportáteis,2024-04-10,André da Cruz,Moura da Mata
859,Secadora,Brastemp,2,5966.5,Linha Branca,2025-02-21,André Alves,Silva das Flores
860,Fogão,LG,4,3496.14,Linha Branca,2025-06-17,Pedro Ribeiro,Jesus
861,Cafeteira,Consul,1,1528.72,Eletroportáteis,2025-06-06,João Guilherme da Mota,Fernandes
862,Liquidificador,Mondial,2,1325.35,Eletroportáteis,2023-08-02,Dra. Clarice Cardoso,Correia dos Dourados
863,Ar-Condicionado,LG,5,471.89,Climatização,2025-02-16,Diego Nogueira,Mendes
864,Liquidificador,Philco,1,5819.36,Eletroportáteis,2024-06-15,Sr. Cauê Duarte,Moura
865,Geladeira,Consul,2,5478.65,Linha Branca,2025-02-18,João Pedro Costa,Cunha
866,Micro-ondas,Consul,4,3130.69,Eletroportáteis,2024-09-09,Stella Porto,da Rosa do Sul
867,Cafeteira,Consul,2,1030.72,Eletroportáteis,2024-04-23,Elisa Nascimento,da Cruz do Amparo
868,Ar-Condicionado,Panasonic,1,4003.91,Climatização,2025-01-14,Renan Lima,da Cruz do Campo
869,Aspirador de Pó,Britânia,3,664.36,Eletroportáteis,2023-09-19,Igor Nunes,Moura
870,Geladeira,Panasonic,3,2786.35,Linha Branca,2025-02-03,Srta. Luiza Lopes,Sales do Sul
871,Ar-Condicionado,LG,3,3799.51,Climatização,2024-03-24,Caroline da Mata,Barros
872,Secadora,Philco,1,2039.29,Linha Branca,2023-12-14,Dra. Cecília da Paz,Cavalcanti
873,Ar-Condicionado,Consul,2,4542.88,Climatização,2025-05-05,Benjamin Nogueira,Ribeiro
874,Aspirador de Pó,Samsung,2,3779.89,Eletroportáteis,2024-03-10,Luiz Gustavo Teixeira,Caldeira
875,Ar-Condicionado,Mondial,3,839.03,Climatização,2025-03-30,Sra. Maria Luiza Ribeiro,Barros
876,Geladeira,Brastemp,2,4425.76,Linha Branca,2025-05-31,Maria Cecília Ferreira,da Cunha
877,Televisão,Panasonic,3,3472.26,Eletrônicos,2025-01-07,Dr. Vitor Gabriel Cardoso,da Mata da Mata
878,Ar-Condicionado,Samsung,4,3786.99,Climatização,2025-01-19,João Gabriel Lopes,Cardoso Alegre
879,Cafeteira,Mondial,4,5070.01,Eletroportáteis,2025-07-08,Sr. Miguel Cunha,Rodrigues Paulista
880,Máquina de Lavar,Samsung,4,3834.85,Linha Branca,2025-06-29,Guilherme Farias,Viana das Pedras
881,Micro-ondas,Mondial,2,4682.0,Eletroportáteis,2024-03-19,Mariana Castro,Carvalho do Norte
882,Secadora,Britânia,3,5491.21,Linha Branca,2025-01-26,Luiz Gustavo Pinto,da Cunha do Sul
883,Geladeira,Electrolux,4,1846.11,Linha Branca,2024-05-20,Dra. Lorena Lima,Moura
884,Liquidificador,Philco,1,2344.27,Eletroportáteis,2025-07-05,Eduardo Farias,Oliveira de Campos
885,Cafeteira,Brastemp,2,1085.85,Eletroportáteis,2024-06-12,Ana Laura Souza,Freitas de Porto
886,Cafeteira,Panasonic,3,4898.49,Eletroportáteis,2025-01-19,Pedro Ribeiro,Carvalho
887,Máquina de Lavar,Panasonic,2,554.74,Linha Branca,2024-03-21,Theo Monteiro,Moura
888,Geladeira,Midea,1,4754.35,Linha Branca,2024-05-09,Ana Laura Carvalho,Dias da Prata
889,Fogão,Britânia,1,5916.13,Linha Branca,2024-10-02,Anthony Porto,da Mata
890,Liquidificador,Consul,4,2589.18,Eletroportáteis,2025-01-02,Dr. Guilherme Cardoso,Novaes
891,Cafeteira,Britânia,4,3836.87,Eletroportáteis,2024-12-14,Laura da Luz,Moreira Paulista
892,Micro-ondas,Electrolux,4,4259.82,Eletroportáteis,2023-11-15,Daniel da Cunha,Nogueira das Flores
893,Secadora,Britânia,3,4745.92,Linha Branca,2024-07-21,Alexia Rodrigues,Duarte
894,Fogão,Britânia,3,4476.07,Linha Branca,2025-03-23,Luiz Felipe Jesus,Cunha da Mata
895,Geladeira,Midea,2,1698.13,Linha Branca,2023-10-14,Vinicius Fernandes,Porto
896,Secadora,Electrolux,3,1092.22,Linha Branca,2024-05-14,Gabriel Ferreira,das Neves
897,Cafeteira,Britânia,2,4154.85,Eletroportáteis,2024-08-02,Nicole Araújo,da Mata do Sul
898,Geladeira,Consul,4,5099.09,Linha Branca,2024-02-15,Henrique da Paz,Peixoto dos Dourados
899,Aspirador de Pó,Mondial,5,2632.15,Eletroportáteis,2025-04-28,Sr. Rodrigo Castro,da Cruz
900,Aspirador de Pó,Samsung,1,2038.52,Eletroportáteis,2024-12-16,Luiz Otávio Ferreira,Almeida de Goiás
901,Micro-ondas,Midea,2,4990.83,Eletroportáteis,2024-10-02,Luna Nascimento,Vieira
902,Geladeira,Panasonic,2,890.5,Linha Branca,2023-09-18,Gabriela Barros,Fernandes do Galho
903,Ar-Condicionado,Panasonic,2,3390.43,Climatização,2024-05-11,Eduardo Souza,Sales
904,Ar-Condicionado,Britânia,5,5730.58,Climatização,2024-10-05,Ana Lívia Mendes,Freitas
905,Fogão,Midea,5,1596.55,Linha Branca,2024-11-16,Guilherme Dias,Araújo Verde
906,Ar-Condicionado,Consul,3,1620.59,Climatização,2023-08-03,Luigi da Conceição,Azevedo do Amparo
907,Micro-ondas,Brastemp,3,4205.54,Eletroportáteis,2024-05-02,Benício Silva,Nogueira das Flores
908,Televisão,Consul,1,641.68,Eletrônicos,2024-12-30,Manuela Martins,Barbosa de da Cunha
909,Geladeira,Panasonic,4,4010.32,Linha Branca,2025-06-14,Alexia Rocha,Gomes
910,Fogão,Philco,4,3706.41,Linha Branca,2023-10-30,Lucca Teixeira,Cardoso
911,Cafeteira,Panasonic,2,1408.73,Eletroportáteis,2023-08-30,Yasmin Oliveira,da Mota de Minas
912,Fogão,Panasonic,3,3563.84,Linha Branca,2023-09-18,Sr. Vinicius Correia,Silveira
913,Geladeira,Samsung,3,1166.62,Linha Branca,2024-09-07,Clarice Lima,da Cruz das Flores
914,Televisão,Mondial,4,5397.64,Eletrônicos,2024-06-18,Luiz Miguel Monteiro,da Costa
915,Liquidificador,Brastemp,2,3133.41,Eletroportáteis,2023-12-29,Catarina Almeida,Sales do Sul
916,Aspirador de Pó,Electrolux,1,3932.56,Eletroportáteis,2025-04-11,Erick Azevedo,Freitas
917,Liquidificador,Mondial,5,306.48,Eletroportáteis,2025-04-13,Lívia Rocha,Ramos
918,Micro-ondas,Mondial,4,5832.62,Eletroportáteis,2025-04-17,Kaique Teixeira,Araújo do Galho
919,Televisão,Consul,2,5182.41,Eletrônicos,2024-01-14,Elisa Gonçalves,Porto
920,Cafeteira,LG,2,5719.99,Eletroportáteis,2025-03-03,Valentina da Mota,Novaes
921,Aspirador de Pó,Mondial,2,383.8,Eletroportáteis,2024-07-10,Lorenzo Peixoto,Sales
922,Fogão,Britânia,4,3708.23,Linha Branca,2024-09-06,Carlos Eduardo Porto,Aragão de Nascimento
923,Liquidificador,Midea,2,3867.08,Eletroportáteis,2024-01-28,Bryan Azevedo,Campos da Mata
924,Micro-ondas,Consul,1,4503.69,Eletroportáteis,2025-01-31,Mariana Moreira,Lopes
925,Secadora,Midea,3,5402.06,Linha Branca,2024-04-25,Emanuella Lima,Monteiro
926,Liquidificador,Panasonic,3,956.31,Eletroportáteis,2023-11-25,Sra. Ana Júlia Gonçalves,da Rosa
927,Liquidificador,Electrolux,5,1366.37,Eletroportáteis,2025-02-11,Fernanda Lima,Jesus do Oeste
928,Televisão,Midea,4,1150.29,Eletrônicos,2024-11-15,Letícia Pires,Ramos de Farias
929,Cafeteira,Consul,2,5152.62,Eletroportáteis,2023-08-23,Diogo Moraes,Pinto
930,Secadora,Britânia,2,2365.7,Linha Branca,2023-11-29,Enzo Gabriel Pereira,da Cunha
931,Cafeteira,Philco,3,2001.41,Eletroportáteis,2024-07-25,Larissa Pereira,Silveira
932,Máquina de Lavar,Brastemp,5,355.93,Linha Branca,2023-09-30,Gabrielly Silveira,da Mota
933,Micro-ondas,LG,4,3318.65,Eletroportáteis,2024-12-30,Vinicius da Costa,Costela
934,Micro-ondas,Midea,3,1782.9,Eletroportáteis,2023-11-03,Pedro Miguel Barbosa,Araújo das Pedras
935,Cafeteira,Philco,2,2505.54,Eletroportáteis,2024-11-28,Kamilly Silva,Dias
936,Televisão,Electrolux,5,5991.57,Eletrônicos,2024-09-04,Luiz Felipe Cunha,Rodrigues de Minas
937,Geladeira,Electrolux,2,856.31,Linha Branca,2024-08-04,Yasmin das Neves,Mendes
938,Televisão,Electrolux,5,4457.63,Eletrônicos,2024-12-15,João Miguel Alves,Martins de Minas
939,Ar-Condicionado,Britânia,2,2166.05,Climatização,2024-08-17,Olivia Rodrigues,da Costa
940,Secadora,Samsung,1,2882.63,Linha Branca,2024-12-09,Nicolas Gonçalves,Farias
941,Máquina de Lavar,Mondial,4,5747.37,Linha Branca,2024-09-21,Sr. João Vitor Gomes,Viana
942,Aspirador de Pó,Midea,3,688.33,Eletroportáteis,2023-07-30,Pedro Miguel Moura,Freitas
943,Máquina de Lavar,Philco,5,3039.04,Linha Branca,2024-09-18,Lara da Cunha,Souza
944,Aspirador de Pó,Britânia,2,2103.66,Eletroportáteis,2025-05-27,Marina Cardoso,da Luz
945,Ar-Condicionado,LG,2,2857.77,Climatização,2024-10-05,Francisco Novaes,Cardoso de Minas
946,Secadora,Samsung,2,2352.32,Linha Branca,2024-09-10,Caio Ribeiro,da Cunha de Gonçalves
947,Máquina de Lavar,Samsung,3,4214.44,Linha Branca,2024-09-17,Joana Porto,Moraes
948,Geladeira,Brastemp,3,5499.65,Linha Branca,2025-04-14,Daniela Melo,Almeida
949,Micro-ondas,Mondial,5,5565.12,Eletroportáteis,2024-03-03,Sr. Lucas Nascimento,Cardoso
950,Cafeteira,Consul,3,3769.84,Eletroportáteis,2023-08-27,Maitê Melo,Cardoso de Pereira
951,Cafeteira,Britânia,2,2208.74,Eletroportáteis,2024-02-14,Nathan Fernandes,Peixoto da Mata
952,Ar-Condicionado,LG,2,5426.09,Climatização,2025-01-15,Levi Lopes,Novaes
953,Máquina de Lavar,Samsung,1,5283.94,Linha Branca,2024-08-27,Carlos Eduardo Nogueira,Araújo da Mata
954,Secadora,Mondial,2,3227.98,Linha Branca,2024-02-04,Sra. Catarina Carvalho,Freitas
955,Televisão,Mondial,3,427.01,Eletrônicos,2025-06-04,Rodrigo Monteiro,Vieira
956,Televisão,Panasonic,4,765.66,Eletrônicos,2024-10-24,Cauã Dias,da Cruz
957,Máquina de Lavar,Brastemp,3,4067.49,Linha Branca,2024-05-06,Agatha Lima,Farias de da Mata
958,Micro-ondas,Midea,2,3432.13,Eletroportáteis,2024-09-08,Sofia da Cruz,Mendes de Azevedo
959,Geladeira,Brastemp,2,3205.11,Linha Branca,2024-07-22,João Felipe Araújo,Oliveira
960,Cafeteira,Britânia,3,5413.8,Eletroportáteis,2023-09-05,Laura Gonçalves,Fernandes
961,Ar-Condicionado,Panasonic,5,4064.6,Climatização,2023-11-29,João Guilherme Moraes,Cavalcanti do Norte
962,Cafeteira,Electrolux,4,864.5,Eletroportáteis,2024-11-21,Bianca Sales,Cavalcanti
963,Aspirador de Pó,LG,4,321.49,Eletroportáteis,2023-11-18,Otávio Cardoso,Ferreira
964,Cafeteira,Electrolux,5,5656.08,Eletroportáteis,2024-02-25,Ana Júlia Monteiro,Lopes do Amparo
965,Geladeira,Consul,3,2466.2,Linha Branca,2023-10-23,André Cunha,Barbosa de Costela
966,Liquidificador,LG,4,5266.81,Eletroportáteis,2024-11-04,Ana Julia Silveira,Vieira de Silva
967,Cafeteira,Philco,3,412.79,Eletroportáteis,2023-08-21,Sra. Sophia Porto,Gonçalves Grande
968,Fogão,Philco,5,634.25,Linha Branca,2024-09-17,Clarice Alves,Dias de Campos
969,Televisão,Brastemp,4,2342.73,Eletrônicos,2024-05-09,Olivia Ribeiro,Monteiro da Prata
970,Aspirador de Pó,Electrolux,5,3846.85,Eletroportáteis,2023-12-02,Sarah da Mota,da Rosa Verde
971,Ar-Condicionado,Britânia,4,647.94,Climatização,2024-10-22,Ryan Duarte,Farias
972,Fogão,LG,3,896.02,Linha Branca,2024-08-06,Thomas Farias,da Mata de Araújo
973,Televisão,Mondial,5,2333.82,Eletrônicos,2023-07-22,Matheus da Cruz,Melo da Mata
974,Liquidificador,Brastemp,2,627.82,Eletroportáteis,2024-07-08,João Lucas Castro,Azevedo Verde
975,Secadora,Philco,4,5036.34,Linha Branca,2023-11-08,Maysa da Rosa,Cardoso Paulista
976,Cafeteira,LG,1,3800.75,Eletroportáteis,2024-06-23,Lucas Gabriel Nogueira,Ramos de Monteiro
977,Secadora,Midea,5,4686.67,Linha Branca,2024-09-20,Sra. Laura Nascimento,Campos
978,Geladeira,Panasonic,4,3983.62,Linha Branca,2024-01-22,Lucas Ribeiro,Campos
979,Liquidificador,Mondial,2,651.36,Eletroportáteis,2025-03-31,Lucca Melo,Porto
980,Cafeteira,Consul,5,465.06,Eletroportáteis,2024-10-26,Srta. Mirella Teixeira,Moura do Sul
981,Ar-Condicionado,Philco,5,1390.33,Climatização,2024-09-13,Marina Duarte,da Mata do Norte
982,Liquidificador,Panasonic,3,5874.72,Eletroportáteis,2025-01-30,Enzo Correia,Silva das Pedras
983,Ar-Condicionado,Brastemp,5,5170.22,Climatização,2025-06-29,Bruna Moraes,Costela
984,Secadora,LG,2,3278.8,Linha Branca,2024-08-01,Larissa Farias,Pinto do Galho
985,Ar-Condicionado,Philco,5,3093.82,Climatização,2023-08-30,Sr. Calebe Cardoso,Nogueira de Caldeira
986,Secadora,Britânia,2,5348.65,Linha Branca,2025-06-07,Rodrigo Cardoso,da Rocha
987,Aspirador de Pó,Brastemp,4,1716.19,Eletroportáteis,2024-08-24,Cauã Oliveira,Cunha
988,Aspirador de Pó,Midea,5,3689.13,Eletroportáteis,2024-02-11,Emanuelly Fogaça,Sales
989,Fogão,Mondial,3,4013.72,Linha Branca,2024-10-16,Daniel Oliveira,Melo
990,Televisão,Mondial,5,420.87,Eletrônicos,2023-08-05,Caroline da Luz,Sales do Galho
991,Ar-Condicionado,Panasonic,1,3554.97,Climatização,2024-07-01,Dr. Theo Ferreira,da Luz Grande
992,Ar-Condicionado,Panasonic,3,3769.19,Climatização,2024-04-14,Sra. Gabriela Rezende,da Cruz
993,Ar-Condicionado,Mondial,3,4357.31,Climatização,2024-11-24,Erick Pires,Campos do Campo
994,Ar-Condicionado,Consul,3,342.28,Climatização,2025-03-06,Ana Vitória Santos,Moraes
995,Liquidificador,Britânia,4,4012.84,Eletroportáteis,2025-05-04,Luna Pires,Jesus
996,Liquidificador,Philco,2,1972.39,Eletroportáteis,2023-12-27,Agatha Melo,Oliveira
997,Televisão,LG,5,5847.63,Eletrônicos,2024-05-11,Marina Sales,das Neves de Melo
998,Televisão,LG,5,3909.46,Eletrônicos,2023-10-21,João Miguel Costela,da Cunha
999,Secadora,Britânia,1,692.33,Linha Branca,2025-02-17,Isabella Peixoto,Cardoso do Norte
1000,Micro-ondas,Electrolux,1,687.9,Eletroportáteis,2025-03-06,Larissa Costela,da Luz
1001,Liquidificador,Consul,4,3893.22,Eletroportáteis,2024-12-08,Cauã Araújo,Farias
1002,Liquidificador,Mondial,1,1749.44,Eletroportáteis,2025-02-24,Rebeca Monteiro,Vieira das Flores
1003,Aspirador de Pó,Samsung,1,4367.6,Eletroportáteis,2025-05-13,Sr. Lucas Sales,Alves do Oeste
1004,Cafeteira,Mondial,2,3358.36,Eletroportáteis,2023-08-05,Nathan Silva,Costela
1005,Secadora,Brastemp,1,5127.4,Linha Branca,2024-03-13,Catarina Nunes,da Cruz
1006,Geladeira,Samsung,1,4985.98,Linha Branca,2024-08-16,Dr. Luiz Miguel Peixoto,Moraes dos Dourados
1007,Secadora,Consul,1,3935.47,Linha Branca,2025-05-25,Luiz Felipe Oliveira,Rocha
1008,Fogão,LG,2,3929.65,Linha Branca,2024-03-04,Caio Barbosa,Nunes
1009,Ar-Condicionado,Mondial,4,4711.68,Climatização,2023-11-24,Benjamin Gomes,da Rosa de Novaes
1010,Liquidificador,Mondial,2,3291.53,Eletroportáteis,2025-01-07,Vinicius Carvalho,Novaes de Monteiro
1011,Geladeira,Philco,4,4047.75,Linha Branca,2023-08-13,Isis Aragão,Azevedo da Praia
1012,Secadora,Philco,4,4676.92,Linha Branca,2024-05-20,Maria Alice Carvalho,Silva Grande
1013,Máquina de Lavar,Consul,4,3218.86,Linha Branca,2025-04-28,Emanuella Mendes,Silveira de Viana
1014,Geladeira,Consul,3,645.17,Linha Branca,2023-09-27,Ana Vitória Fernandes,Farias
1015,Micro-ondas,Midea,1,1491.6,Eletroportáteis,2025-05-29,Isis Cardoso,Ramos das Pedras
1016,Máquina de Lavar,LG,5,4163.08,Linha Branca,2024-12-26,Augusto Moreira,Correia Paulista
1017,Fogão,Philco,1,3099.38,Linha Branca,2024-04-25,Isabel Farias,Gomes
1018,Secadora,Consul,3,3339.94,Linha Branca,2024-02-15,Otávio Moreira,da Cunha
1019,Secadora,Consul,2,3395.72,Linha Branca,2025-07-09,Luigi Ramos,Nogueira
1020,Cafeteira,Panasonic,2,3871.14,Eletroportáteis,2023-12-05,Rafaela Nogueira,Correia
1021,Ar-Condicionado,Brastemp,5,2558.11,Climatização,2024-07-30,João Ribeiro,Ferreira das Flores
1022,Geladeira,LG,5,1801.14,Linha Branca,2024-11-02,Dra. Daniela da Paz,da Mota
1023,Liquidificador,Electrolux,4,5098.15,Eletroportáteis,2025-05-26,Thales Nunes,Pereira do Campo
1024,Liquidificador,Midea,1,2540.76,Eletroportáteis,2023-11-09,Yuri Moraes,Teixeira
1025,Secadora,Brastemp,4,5818.87,Linha Branca,2023-10-17,Bruna das Neves,Nunes
1026,Máquina de Lavar,Midea,5,2985.46,Linha Branca,2024-11-08,Benjamin Santos,Silveira
1027,Micro-ondas,Brastemp,3,1943.21,Eletroportáteis,2023-09-12,Luiz Felipe Nascimento,Gomes
1028,Televisão,Consul,3,3436.7,Eletrônicos,2024-06-26,Dr. Antônio Moura,Pinto
1029,Aspirador de Pó,Consul,3,4316.78,Eletroportáteis,2025-05-19,Alícia Ribeiro,da Cunha das Pedras
1030,Ar-Condicionado,Britânia,4,705.54,Climatização,2023-12-22,Dr. Luiz Felipe da Rosa,Ramos do Sul
1031,Micro-ondas,Consul,2,1383.8,Eletroportáteis,2024-06-15,Maria Fernanda Dias,Lopes
1032,Televisão,Electrolux,1,4525.37,Eletrônicos,2024-10-13,Eduardo das Neves,Gomes das Flores
1033,Secadora,Samsung,3,714.77,Linha Branca,2025-03-01,Yuri Farias,Cardoso
1034,Liquidificador,Brastemp,4,516.78,Eletroportáteis,2024-07-03,Vitor da Rosa,Novaes
1035,Fogão,Samsung,1,5254.39,Linha Branca,2025-03-31,Evelyn Fernandes,da Mata
1036,Cafeteira,Philco,2,3024.91,Eletroportáteis,2023-11-09,João Lucas Freitas,da Paz
1037,Secadora,Samsung,1,5276.19,Linha Branca,2024-12-07,Catarina Pereira,Pereira
1038,Liquidificador,LG,2,3117.0,Eletroportáteis,2025-04-27,Heitor Carvalho,Costela
1039,Máquina de Lavar,Consul,1,3449.99,Linha Branca,2024-05-12,Olivia Lopes,Araújo
1040,Secadora,Mondial,1,2475.93,Linha Branca,2025-05-20,Srta. Giovanna Duarte,Aragão Grande
1041,Secadora,Midea,3,5944.04,Linha Branca,2024-09-22,Vitor Gabriel Fogaça,Carvalho
1042,Máquina de Lavar,Philco,1,511.44,Linha Branca,2024-08-05,Leonardo Nogueira,Campos do Amparo
1043,Cafeteira,LG,2,3989.98,Eletroportáteis,2025-06-04,Julia da Cunha,Vieira
1044,Micro-ondas,Consul,2,5191.35,Eletroportáteis,2025-06-30,Leonardo Moura,Campos da Mata
1045,Ar-Condicionado,Electrolux,5,4103.29,Climatização,2023-07-19,Emanuel Nogueira,Nogueira
1046,Aspirador de Pó,Brastemp,4,4522.56,Eletroportáteis,2023-10-13,Júlia Peixoto,Dias
1047,Secadora,Mondial,2,3176.65,Linha Branca,2024-10-08,João Lucas Rocha,Mendes
1048,Cafeteira,Panasonic,2,859.94,Eletroportáteis,2024-10-19,Laís Costa,da Rocha de Minas
1049,Secadora,Brastemp,4,3990.06,Linha Branca,2024-05-04,Dr. Kevin Ramos,Pinto de Duarte
1050,Televisão,LG,2,5138.94,Eletrônicos,2024-01-13,Luiza Silveira,Peixoto do Norte
1051,Fogão,Panasonic,4,1806.35,Linha Branca,2024-04-16,Calebe Peixoto,Novaes
1052,Fogão,Panasonic,1,5061.51,Linha Branca,2024-07-22,Thiago da Rosa,Silva
1053,Cafeteira,Mondial,4,4375.89,Eletroportáteis,2024-07-17,Ana Beatriz Correia,Melo da Serra
1054,Ar-Condicionado,Philco,5,492.61,Climatização,2023-07-21,Ana Cardoso,Jesus
1055,Liquidificador,Midea,2,2674.44,Eletroportáteis,2025-03-09,Alana da Mata,Novaes do Oeste
1056,Fogão,Mondial,3,5170.11,Linha Branca,2025-06-03,Olivia Fernandes,Rocha da Mata
1057,Máquina de Lavar,Electrolux,4,3925.62,Linha Branca,2023-12-26,Letícia Cardoso,Ferreira do Galho
1058,Aspirador de Pó,Brastemp,4,4983.29,Eletroportáteis,2024-05-10,Stephany Barbosa,da Paz
1059,Secadora,Electrolux,2,1587.73,Linha Branca,2023-11-27,Theo Ramos,Araújo
1060,Micro-ondas,Electrolux,1,303.26,Eletroportáteis,2023-12-04,Sra. Melissa Sales,Peixoto
1061,Secadora,Brastemp,3,2895.16,Linha Branca,2023-07-20,Sofia da Rocha,Cunha
1062,Aspirador de Pó,Brastemp,5,654.67,Eletroportáteis,2025-06-23,Maria Eduarda Pires,Castro do Oeste
1063,Geladeira,Panasonic,5,5291.37,Linha Branca,2023-08-01,Gabrielly Barbosa,Nogueira
1064,Geladeira,Electrolux,4,4887.87,Linha Branca,2024-01-10,Danilo da Mata,da Conceição
1065,Geladeira,Mondial,1,572.15,Linha Branca,2025-02-18,Raquel Pires,Fogaça
1066,Cafeteira,Brastemp,1,4178.6,Eletroportáteis,2025-06-04,Cauê Martins,Rocha
1067,Ar-Condicionado,LG,3,1744.56,Climatização,2024-07-24,Ana Luiza Santos,Cardoso
1068,Televisão,Philco,4,5996.02,Eletrônicos,2024-05-03,Marcela Ramos,Pereira
1069,Televisão,Consul,4,5059.23,Eletrônicos,2023-07-13,Sr. Diego Vieira,Dias dos Dourados
1070,Liquidificador,Brastemp,1,3382.78,Eletroportáteis,2024-03-22,Isabella da Rocha,Santos do Sul
1071,Liquidificador,Samsung,1,3007.24,Eletroportáteis,2024-02-21,Ana Sophia Mendes,Martins
1072,Máquina de Lavar,Mondial,2,2680.44,Linha Branca,2024-03-08,Ana Vitória Nunes,Farias do Galho
1073,Liquidificador,Panasonic,3,4835.87,Eletroportáteis,2025-04-30,Dra. Bianca da Cunha,Caldeira do Amparo
1074,Televisão,Consul,3,1420.1,Eletrônicos,2025-01-26,Mariana Fernandes,Cardoso
1075,Cafeteira,LG,3,2036.31,Eletroportáteis,2025-05-30,Vitor Gabriel da Cruz,Lima Alegre
1076,Secadora,Consul,1,2413.7,Linha Branca,2023-10-21,Maria Vitória Fogaça,Dias
1077,Ar-Condicionado,Britânia,4,1185.88,Climatização,2025-01-14,Sra. Maria Nascimento,Duarte
1078,Cafeteira,Samsung,2,3683.33,Eletroportáteis,2024-07-09,Lívia Correia,Fogaça
1079,Micro-ondas,Philco,4,1988.22,Eletroportáteis,2024-06-25,Cecília Aragão,Lopes da Prata
1080,Ar-Condicionado,Electrolux,5,3360.44,Climatização,2025-06-01,Lara Silva,das Neves de Goiás
1081,Geladeira,Britânia,3,1315.86,Linha Branca,2025-05-02,Luiza Vieira,Correia
1082,Secadora,Panasonic,1,2470.64,Linha Branca,2025-06-08,Enzo Correia,Jesus de Mendes
1083,Fogão,Panasonic,5,2179.65,Linha Branca,2023-10-18,Julia Rodrigues,Novaes
1084,Liquidificador,Mondial,4,895.28,Eletroportáteis,2024-06-21,Natália Rezende,da Mota de Silva
1085,Cafeteira,Midea,3,5039.91,Eletroportáteis,2025-03-06,Dr. Vitor Gabriel Costa,Caldeira
1086,Secadora,Samsung,5,1307.95,Linha Branca,2024-09-27,Theo Gomes,Rocha da Mata
1087,Secadora,Britânia,5,4465.25,Linha Branca,2025-06-09,Davi Araújo,Almeida
1088,Micro-ondas,Samsung,1,962.79,Eletroportáteis,2023-12-18,Cauã Gomes,Moura
1089,Liquidificador,Samsung,5,364.82,Eletroportáteis,2024-01-03,Sra. Rebeca Fogaça,Duarte do Norte
1090,Secadora,Consul,5,2653.88,Linha Branca,2025-06-02,Marina Almeida,Vieira do Campo
1091,Liquidificador,Samsung,5,324.91,Eletroportáteis,2023-07-17,João Guilherme Moura,Ferreira de Azevedo
1092,Televisão,Electrolux,4,2445.2,Eletrônicos,2024-02-12,Eduardo Monteiro,das Neves Alegre
1093,Máquina de Lavar,Philco,2,4598.6,Linha Branca,2024-06-12,Sr. Isaac Barros,Moura da Mata
1094,Cafeteira,Brastemp,1,1412.25,Eletroportáteis,2025-01-18,Renan Viana,Moraes do Norte
1095,Fogão,Mondial,1,2006.08,Linha Branca,2024-01-15,Ana Teixeira,da Costa das Pedras
1096,Liquidificador,Consul,3,2472.66,Eletroportáteis,2024-02-06,João Guilherme da Rocha,Novaes dos Dourados
1097,Televisão,Philco,2,2771.3,Eletrônicos,2024-11-20,Pedro Henrique Gonçalves,Araújo
1098,Cafeteira,Consul,1,446.55,Eletroportáteis,2023-11-22,Rodrigo Silveira,Jesus
1099,Televisão,Brastemp,2,2139.94,Eletrônicos,2024-05-30,Laura Santos,Araújo
1100,Cafeteira,Samsung,3,511.34,Eletroportáteis,2024-08-14,Ana da Rosa,Alves do Sul
1101,Micro-ondas,Panasonic,4,2063.23,Eletroportáteis,2025-02-02,Beatriz Alves,Viana
1102,Micro-ondas,LG,5,1779.06,Eletroportáteis,2024-06-28,Thiago Lima,Fogaça de Jesus
1103,Televisão,LG,4,2192.67,Eletrônicos,2025-03-28,Caio da Paz,Jesus de Azevedo
1104,Secadora,Panasonic,2,4799.47,Linha Branca,2023-10-15,Sra. Raquel Freitas,Farias
1105,Máquina de Lavar,Midea,2,1421.01,Linha Branca,2024-10-21,Felipe Almeida,Fernandes Paulista
1106,Cafeteira,Electrolux,2,3619.33,Eletroportáteis,2023-08-13,Beatriz Pires,Melo do Galho
1107,Televisão,Panasonic,3,3999.35,Eletrônicos,2024-10-03,Caio Rodrigues,Santos
1108,Liquidificador,Mondial,5,4490.39,Eletroportáteis,2023-11-11,Dra. Ana Carolina Carvalho,Rezende
1109,Fogão,LG,1,2354.11,Linha Branca,2023-11-05,João Vitor Campos,Costa da Prata
1110,Secadora,Mondial,1,2592.56,Linha Branca,2024-01-08,André Souza,Cunha da Serra
1111,Aspirador de Pó,Panasonic,3,2210.3,Eletroportáteis,2024-09-06,Heitor Viana,Ribeiro de Moraes
1112,Cafeteira,Philco,5,5231.75,Eletroportáteis,2023-09-07,Maria Julia da Mata,Rocha Alegre
1113,Secadora,Electrolux,5,5292.72,Linha Branca,2024-06-11,Dr. Eduardo Lima,Freitas de Moraes
1114,Micro-ondas,Brastemp,2,2559.52,Eletroportáteis,2025-03-02,Ana da Cunha,Costela
1115,Secadora,Mondial,1,5258.75,Linha Branca,2024-07-24,Sra. Manuela da Rosa,Moreira das Pedras
1116,Geladeira,Mondial,4,1033.35,Linha Branca,2025-04-08,Nina Farias,Silveira
1117,Fogão,Panasonic,5,5906.78,Linha Branca,2025-04-24,Joaquim Silveira,Peixoto de Barbosa
1118,Secadora,Britânia,4,1578.35,Linha Branca,2025-05-21,Emanuelly Oliveira,Cardoso de Minas
1119,Micro-ondas,Consul,3,2839.75,Eletroportáteis,2025-04-25,Isabel Monteiro,Cardoso
1120,Máquina de Lavar,Midea,4,3829.66,Linha Branca,2024-05-25,Stephany Costela,Gomes
1121,Aspirador de Pó,Samsung,4,3612.17,Eletroportáteis,2024-02-13,Ana Beatriz Azevedo,Moura do Amparo
1122,Micro-ondas,Mondial,3,5794.49,Eletroportáteis,2024-11-11,Sr. Lucas Gabriel Azevedo,da Rocha da Serra
1123,Liquidificador,Philco,5,5498.26,Eletroportáteis,2024-10-30,Srta. Luiza Araújo,Costela
1124,Micro-ondas,Samsung,5,5218.4,Eletroportáteis,2023-10-02,Pedro Miguel Barbosa,Cunha da Praia
1125,Fogão,Samsung,5,5535.59,Linha Branca,2024-03-13,Antônio Dias,Gonçalves
1126,Fogão,Mondial,1,2279.68,Linha Branca,2024-08-13,Pedro Henrique Teixeira,Barbosa
1127,Televisão,Philco,4,418.91,Eletrônicos,2025-07-08,Marcos Vinicius Duarte,Peixoto
1128,Ar-Condicionado,Consul,2,5256.27,Climatização,2024-11-14,Luna Alves,da Costa da Mata
1129,Secadora,Brastemp,5,1120.29,Linha Branca,2025-02-28,Luiz Miguel Rodrigues,Costa
1130,Máquina de Lavar,Electrolux,5,4827.65,Linha Branca,2025-02-28,Sr. Diogo Barbosa,Pires Alegre
1131,Geladeira,Midea,1,2526.42,Linha Branca,2024-07-12,Benício Gonçalves,Gomes de Goiás
1132,Cafeteira,LG,1,1969.67,Eletroportáteis,2025-06-20,Ana Sophia Nascimento,Castro
1133,Secadora,Philco,4,2205.95,Linha Branca,2023-11-26,Ryan Rocha,Monteiro
1134,Geladeira,LG,1,5016.82,Linha Branca,2023-10-23,Sabrina Pinto,da Cruz
1135,Geladeira,Brastemp,2,2326.07,Linha Branca,2024-06-02,Ryan Aragão,Pires
1136,Televisão,Britânia,1,3241.24,Eletrônicos,2024-11-22,Dr. Rafael da Rosa,Farias
1137,Aspirador de Pó,Britânia,2,3420.45,Eletroportáteis,2025-02-15,Mirella Costela,Farias
1138,Fogão,Electrolux,4,4534.79,Linha Branca,2024-01-16,Srta. Ana Vitória Alves,Teixeira da Praia
1139,Ar-Condicionado,Mondial,4,543.86,Climatização,2024-06-18,Yuri Cardoso,da Conceição da Praia
1140,Liquidificador,Mondial,2,1167.19,Eletroportáteis,2023-12-16,Dr. Davi Luiz Gonçalves,Moreira
1141,Secadora,Mondial,5,5789.19,Linha Branca,2024-01-25,Renan Carvalho,Castro
1142,Ar-Condicionado,Midea,5,5379.03,Climatização,2024-01-21,Maitê Pereira,Freitas
1143,Aspirador de Pó,Electrolux,4,1925.97,Eletroportáteis,2024-11-23,Sra. Mariana Lima,Fogaça Grande
1144,Micro-ondas,Electrolux,2,1575.62,Eletroportáteis,2024-09-21,Elisa Peixoto,Cardoso
1145,Secadora,Britânia,5,4804.01,Linha Branca,2025-03-31,João Gabriel Lima,Costela de Minas
1146,Televisão,Panasonic,1,3906.69,Eletrônicos,2024-03-23,Dr. Yago Castro,Moraes
1147,Geladeira,Brastemp,2,3495.2,Linha Branca,2023-10-15,Dra. Isabella Costa,Carvalho das Pedras
1148,Televisão,Philco,4,1797.7,Eletrônicos,2024-07-13,Isabella Cavalcanti,Costa de Costa
1149,Liquidificador,LG,5,1292.18,Eletroportáteis,2025-06-17,Rebeca Fernandes,da Conceição de Pires
1150,Máquina de Lavar,LG,1,2272.31,Linha Branca,2024-10-24,Esther Silveira,Duarte
1151,Cafeteira,Philco,2,2295.27,Eletroportáteis,2025-04-23,Maria Fernanda Cavalcanti,Silveira do Campo
1152,Micro-ondas,Brastemp,5,1202.82,Eletroportáteis,2024-10-26,Clarice Teixeira,Cardoso
1153,Máquina de Lavar,Consul,3,1331.56,Linha Branca,2025-05-20,Sr. Vitor Pinto,Moreira
1154,Máquina de Lavar,Britânia,2,3009.88,Linha Branca,2024-05-11,Alícia da Rosa,Gomes
1155,Aspirador de Pó,Consul,4,2717.96,Eletroportáteis,2025-05-07,Valentina Silva,Ribeiro
1156,Televisão,Mondial,4,1403.76,Eletrônicos,2025-05-17,Anthony Cavalcanti,da Rosa
1157,Liquidificador,Midea,4,5196.79,Eletroportáteis,2024-05-01,Sophie Porto,Aragão Paulista
1158,Liquidificador,Electrolux,3,2831.6,Eletroportáteis,2023-10-06,Juan Costela,da Rocha da Mata
1159,Cafeteira,LG,5,4337.0,Eletroportáteis,2024-06-17,Esther da Rocha,Barros Grande
1160,Máquina de Lavar,Mondial,3,4479.13,Linha Branca,2025-05-17,Isabelly Souza,da Rosa
1161,Máquina de Lavar,Philco,5,3329.7,Linha Branca,2024-09-17,Diogo Silveira,Rocha
1162,Televisão,Samsung,4,2056.54,Eletrônicos,2024-01-24,Dr. Lucas Cavalcanti,Pereira
1163,Micro-ondas,Britânia,5,632.47,Eletroportáteis,2024-09-28,Carlos Eduardo Oliveira,Souza do Sul
1164,Liquidificador,Philco,5,1065.31,Eletroportáteis,2025-03-25,Fernando Alves,Castro
1165,Micro-ondas,Consul,5,2892.9,Eletroportáteis,2025-05-22,Ian Gonçalves,Mendes
1166,Secadora,LG,4,2059.94,Linha Branca,2023-08-12,Pedro Miguel Mendes,Oliveira de Goiás
1167,Geladeira,Britânia,4,5766.25,Linha Branca,2025-03-03,Isis da Mata,Oliveira
1168,Secadora,Electrolux,4,3687.22,Linha Branca,2025-01-19,Augusto Rocha,Silva de Correia
1169,Geladeira,Electrolux,5,2068.1,Linha Branca,2024-11-20,Luana da Costa,da Conceição
1170,Liquidificador,Brastemp,2,1120.32,Eletroportáteis,2024-06-22,Dr. Otávio Silva,da Cunha
1171,Televisão,Mondial,5,4674.11,Eletrônicos,2023-11-20,João Pedro Viana,Silveira
1172,Cafeteira,Samsung,4,848.67,Eletroportáteis,2025-03-18,Ana Carolina das Neves,Souza
1173,Aspirador de Pó,Mondial,4,2779.79,Eletroportáteis,2025-01-26,Lorena Nunes,Carvalho do Amparo
1174,Televisão,Consul,1,2163.32,Eletrônicos,2024-05-06,João Pedro Caldeira,Moura
1175,Secadora,Samsung,1,1405.79,Linha Branca,2024-05-05,Nathan Carvalho,Rocha do Norte
1176,Cafeteira,Britânia,2,3841.69,Eletroportáteis,2023-12-21,Sr. Danilo Teixeira,Pinto
1177,Televisão,Mondial,1,534.07,Eletrônicos,2025-03-07,Srta. Luiza Correia,Pires dos Dourados
1178,Cafeteira,Brastemp,1,3208.84,Eletroportáteis,2025-07-05,Joana da Paz,Pires
1179,Micro-ondas,Mondial,1,4715.76,Eletroportáteis,2024-04-20,Benício Silva,da Conceição de Fogaça
1180,Liquidificador,LG,2,4936.93,Eletroportáteis,2025-01-08,Maria da Rosa,da Rosa
1181,Cafeteira,LG,3,3708.07,Eletroportáteis,2023-08-11,Maria Fernanda Oliveira,Lima
1182,Geladeira,Britânia,3,1233.02,Linha Branca,2025-03-06,Leonardo Cavalcanti,Lopes
1183,Televisão,Electrolux,3,2940.36,Eletrônicos,2025-01-24,Beatriz Nascimento,Azevedo
1184,Cafeteira,LG,2,588.04,Eletroportáteis,2024-07-16,Marina Nunes,Moura Paulista
1185,Televisão,Samsung,3,4798.84,Eletrônicos,2024-08-26,Juliana Porto,Costela
1186,Ar-Condicionado,Mondial,1,400.31,Climatização,2025-02-11,Anthony Freitas,Silveira
1187,Fogão,Samsung,1,530.13,Linha Branca,2024-07-23,Sr. Joaquim Teixeira,Rezende de da Rocha
1188,Micro-ondas,Mondial,4,3041.04,Eletroportáteis,2023-12-06,Joaquim Duarte,Viana
1189,Aspirador de Pó,Brastemp,5,3774.13,Eletroportáteis,2024-12-13,Maria Clara Moura,Azevedo da Mata
1190,Geladeira,Panasonic,2,2379.83,Linha Branca,2023-11-26,Nicole Azevedo,Melo
1191,Ar-Condicionado,Panasonic,1,1191.43,Climatização,2025-04-13,Eloah Viana,Oliveira
1192,Geladeira,LG,2,1106.15,Linha Branca,2023-12-24,Laura Monteiro,Rodrigues
1193,Fogão,Midea,4,661.17,Linha Branca,2025-05-14,Dra. Maria Vitória Lima,Jesus
1194,Cafeteira,Mondial,3,1650.85,Eletroportáteis,2025-05-27,Luiza Lopes,da Conceição
1195,Ar-Condicionado,Britânia,3,2792.39,Climatização,2024-05-11,Igor Nascimento,Silva Paulista
1196,Ar-Condicionado,Consul,5,2303.08,Climatização,2023-10-27,Valentina Moraes,da Cruz da Serra
1197,Liquidificador,Samsung,4,5295.92,Eletroportáteis,2025-05-06,Sr. Daniel Cavalcanti,Dias
1198,Televisão,Panasonic,1,3003.51,Eletrônicos,2024-03-12,Laura Peixoto,Vieira do Campo
1199,Aspirador de Pó,Mondial,1,2479.95,Eletroportáteis,2025-02-03,Caroline da Mata,Ribeiro
1200,Micro-ondas,Electrolux,2,665.61,Eletroportáteis,2024-02-26,Maria Fernanda Costela,Oliveira de Goiás
1201,Micro-ondas,Electrolux,1,878.71,Eletroportáteis,2025-01-04,Cauã Nascimento,Rodrigues
1202,Secadora,Mondial,4,5229.9,Linha Branca,2025-06-14,João Miguel Souza,Cardoso de da Rocha
1203,Secadora,Consul,2,4369.03,Linha Branca,2023-07-14,Ana Barbosa,Pires de Sales
1204,Geladeira,Panasonic,5,5792.82,Linha Branca,2024-01-03,Dr. Lucas Gabriel Costela,Alves
1205,Aspirador de Pó,Philco,4,658.52,Eletroportáteis,2024-07-05,Caroline Dias,Vieira
1206,Secadora,Samsung,4,4623.28,Linha Branca,2024-06-08,Diogo Castro,Azevedo
1207,Aspirador de Pó,Consul,4,244.34,Eletroportáteis,2024-02-01,Isabel da Cruz,Ramos do Norte
1208,Fogão,LG,1,2222.02,Linha Branca,2025-02-19,Raquel Castro,da Mota
1209,Liquidificador,Panasonic,4,4771.48,Eletroportáteis,2025-04-05,Dr. Arthur Moreira,Moraes
1210,Ar-Condicionado,Consul,1,3848.04,Climatização,2025-05-31,Caroline Fogaça,da Conceição do Oeste
1211,Geladeira,Philco,1,511.08,Linha Branca,2024-11-04,Júlia Caldeira,Rezende do Campo
1212,Fogão,Electrolux,3,2289.6,Linha Branca,2024-07-02,Giovanna Ferreira,Peixoto
1213,Liquidificador,Panasonic,1,2486.2,Eletroportáteis,2023-12-04,Luiz Otávio da Conceição,Freitas
1214,Liquidificador,Electrolux,1,4428.66,Eletroportáteis,2024-01-03,Ian Moraes,Sales de Martins
1215,Ar-Condicionado,Brastemp,4,5197.05,Climatização,2023-12-30,Noah da Rocha,Dias
1216,Televisão,Philco,2,2174.42,Eletrônicos,2023-12-21,Maria Sophia Ribeiro,Costela
1217,Máquina de Lavar,Britânia,4,2040.26,Linha Branca,2023-08-19,Ana Dias,Cardoso
1218,Televisão,Panasonic,2,5854.06,Eletrônicos,2025-06-20,Julia Castro,Vieira
1219,Geladeira,Britânia,3,5939.67,Linha Branca,2024-04-26,Leandro Nascimento,Azevedo da Mata
1220,Ar-Condicionado,Consul,2,4182.5,Climatização,2024-03-18,Daniel Fernandes,da Cruz
1221,Liquidificador,Midea,5,270.3,Eletroportáteis,2023-09-04,Alana Castro,Cardoso de das Neves
1222,Ar-Condicionado,Consul,1,1969.19,Climatização,2024-04-01,Melissa Viana,Barros
1223,Geladeira,Midea,4,4648.08,Linha Branca,2023-12-06,Dra. Julia Gomes,das Neves
1224,Geladeira,Electrolux,2,5981.21,Linha Branca,2024-04-18,Stephany Almeida,Carvalho de Vieira
1225,Fogão,Philco,4,3966.14,Linha Branca,2024-02-18,Isabella Sales,Gonçalves
1226,Ar-Condicionado,Mondial,1,5214.58,Climatização,2024-04-05,Julia Porto,Gomes do Sul
1227,Televisão,Brastemp,1,3882.82,Eletrônicos,2023-08-02,Camila Lima,Mendes
1228,Televisão,Brastemp,4,1278.63,Eletrônicos,2025-04-22,Pedro Miguel Costa,Campos Alegre
1229,Fogão,Mondial,3,3709.01,Linha Branca,2025-05-22,Joana Moraes,da Cunha de Minas
1230,Secadora,Consul,5,4413.22,Linha Branca,2024-11-22,Alana Fernandes,Silveira de da Rosa
1231,Televisão,Philco,3,4302.12,Eletrônicos,2024-03-26,Guilherme Fogaça,Correia de Barros
1232,Liquidificador,Brastemp,2,781.51,Eletroportáteis,2023-09-20,Pedro Henrique Campos,da Mota dos Dourados
1233,Ar-Condicionado,Panasonic,3,5648.41,Climatização,2025-01-18,Emilly Ferreira,Rodrigues
1234,Máquina de Lavar,Midea,2,1415.9,Linha Branca,2024-02-06,Dra. Catarina Novaes,da Luz
1235,Geladeira,Philco,4,4375.08,Linha Branca,2024-06-28,Vinicius Oliveira,Ribeiro
1236,Geladeira,Consul,5,1952.02,Linha Branca,2023-11-05,Valentina Caldeira,Carvalho
1237,Fogão,Electrolux,2,3184.26,Linha Branca,2023-08-11,Sr. Fernando da Rosa,Moreira
1238,Geladeira,Consul,1,606.2,Linha Branca,2025-06-23,Bruno Cardoso,da Luz da Serra
1239,Televisão,Consul,4,5196.47,Eletrônicos,2025-04-09,Pedro Miguel Costela,Rezende Grande
1240,Secadora,LG,5,940.41,Linha Branca,2024-06-24,Maria Nascimento,Cunha do Campo
1241,Secadora,Philco,3,4763.38,Linha Branca,2024-01-31,Sr. Davi Lucca Farias,da Luz do Norte
1242,Secadora,Brastemp,1,1112.91,Linha Branca,2024-06-30,Sr. Erick Nascimento,da Rocha
1243,Aspirador de Pó,LG,5,4460.68,Eletroportáteis,2023-11-18,Evelyn Azevedo,Nascimento
1244,Secadora,Britânia,5,3804.44,Linha Branca,2024-12-19,Luna Caldeira,Gomes
1245,Televisão,Brastemp,4,1911.53,Eletrônicos,2025-05-31,Catarina Barbosa,Nunes das Pedras
1246,Secadora,Electrolux,4,5499.1,Linha Branca,2025-02-08,Ryan Aragão,Oliveira da Praia
1247,Secadora,Britânia,1,1960.06,Linha Branca,2024-06-03,Igor Gomes,Cardoso
1248,Aspirador de Pó,Electrolux,2,3902.2,Eletroportáteis,2025-05-22,Alexia Pereira,Santos de Costela
1249,Ar-Condicionado,Britânia,3,1757.32,Climatização,2024-03-09,Caio Ferreira,Martins
1250,Fogão,Britânia,2,334.95,Linha Branca,2023-12-02,Sophia Sales,Ramos de Barbosa
1251,Cafeteira,LG,5,3775.86,Eletroportáteis,2025-02-05,Sr. Pietro Correia,Nogueira
1252,Aspirador de Pó,Electrolux,5,4772.93,Eletroportáteis,2024-05-07,Valentina Azevedo,Ferreira de Goiás
1253,Micro-ondas,Samsung,5,807.94,Eletroportáteis,2024-02-26,Heloísa Novaes,Pires Grande
1254,Televisão,Electrolux,1,2888.02,Eletrônicos,2024-03-15,Stella Rezende,Barbosa Alegre
1255,Fogão,Philco,2,4309.61,Linha Branca,2025-06-26,João Vitor Ribeiro,da Luz Alegre
1256,Secadora,Mondial,4,4927.56,Linha Branca,2024-09-07,Carolina da Paz,Porto de das Neves
1257,Micro-ondas,Philco,4,744.45,Eletroportáteis,2024-01-13,Maria Julia das Neves,Correia
1258,Geladeira,Brastemp,3,271.97,Linha Branca,2024-09-21,Leonardo Nunes,Freitas
1259,Aspirador de Pó,Mondial,3,4486.07,Eletroportáteis,2024-06-12,Kevin Almeida,Rodrigues da Mata
1260,Máquina de Lavar,Electrolux,3,1722.15,Linha Branca,2024-06-11,Luiz Gustavo Teixeira,Rezende
1261,Micro-ondas,Consul,3,800.72,Eletroportáteis,2023-12-28,Pedro Henrique da Paz,da Mota
1262,Fogão,Britânia,4,5517.63,Linha Branca,2025-06-16,Carlos Eduardo Fernandes,Monteiro
1263,Micro-ondas,Electrolux,1,2743.33,Eletroportáteis,2025-05-22,Heitor Cunha,Mendes do Campo
1264,Máquina de Lavar,Philco,4,5888.13,Linha Branca,2024-07-20,Pedro Henrique Araújo,Novaes
1265,Ar-Condicionado,Mondial,2,1866.51,Climatização,2024-08-01,Sra. Isadora da Cruz,Mendes
1266,Máquina de Lavar,Panasonic,4,3737.18,Linha Branca,2024-10-10,Sr. Marcos Vinicius das Neves,Fogaça
1267,Fogão,Electrolux,1,3310.22,Linha Branca,2024-03-30,Sra. Sabrina Gomes,Cavalcanti
1268,Máquina de Lavar,Mondial,3,3807.48,Linha Branca,2025-04-14,Yasmin Campos,Martins Grande
1269,Ar-Condicionado,Panasonic,4,1711.41,Climatização,2024-06-17,Maria Clara Peixoto,da Mota de da Costa
1270,Secadora,Consul,5,4384.31,Linha Branca,2024-09-18,Sophia Moreira,Rodrigues de Mendes
1271,Aspirador de Pó,LG,2,4866.42,Eletroportáteis,2025-01-28,Arthur Carvalho,Barbosa de Silva
1272,Liquidificador,Electrolux,5,1462.89,Eletroportáteis,2024-03-16,Dra. Isabel Barbosa,da Paz
1273,Aspirador de Pó,Philco,4,3849.52,Eletroportáteis,2025-06-24,Melissa da Cunha,Ramos
1274,Secadora,Consul,4,3879.46,Linha Branca,2024-12-13,Bryan Vieira,Rodrigues
1275,Micro-ondas,Brastemp,1,3721.14,Eletroportáteis,2023-10-18,Emanuella Gomes,Barbosa de da Rosa
1276,Cafeteira,Mondial,2,3901.02,Eletroportáteis,2024-05-03,Bernardo Almeida,Farias do Amparo
1277,Liquidificador,Consul,4,2520.92,Eletroportáteis,2024-07-28,Sr. Ryan Almeida,Nogueira de Melo
1278,Geladeira,Mondial,4,3546.01,Linha Branca,2023-09-09,Guilherme Gomes,Martins
1279,Micro-ondas,Brastemp,5,1276.05,Eletroportáteis,2024-09-10,Vitor Gabriel Souza,Teixeira de Castro
1280,Liquidificador,Mondial,2,3861.2,Eletroportáteis,2024-07-28,Luiza Barros,Barbosa de Rezende
1281,Secadora,LG,1,2242.19,Linha Branca,2024-08-29,Kevin Araújo,Porto
1282,Secadora,Philco,3,1399.9,Linha Branca,2024-01-23,Levi Farias,Almeida
1283,Fogão,Mondial,4,2159.7,Linha Branca,2024-09-23,Dr. João Guilherme Freitas,Peixoto
1284,Televisão,Philco,3,2958.97,Eletrônicos,2025-05-29,Ana Carolina Moreira,da Rocha do Campo
1285,Aspirador de Pó,Philco,5,4791.46,Eletroportáteis,2024-07-10,Vitor Hugo Dias,Teixeira de Castro
1286,Geladeira,Electrolux,3,1245.16,Linha Branca,2024-08-06,Daniela Costa,Cardoso de Cunha
1287,Micro-ondas,Samsung,2,1884.14,Eletroportáteis,2025-06-19,Ana Azevedo,Nunes
1288,Aspirador de Pó,Electrolux,4,2293.73,Eletroportáteis,2024-03-08,Maitê Silveira,Ramos
1289,Liquidificador,Samsung,4,2331.42,Eletroportáteis,2025-05-21,Marina Souza,Carvalho Alegre
1290,Aspirador de Pó,Samsung,2,2480.39,Eletroportáteis,2023-09-27,João Pedro Moura,Ferreira
1291,Fogão,Panasonic,4,2247.93,Linha Branca,2024-04-26,João Felipe Cardoso,Mendes Alegre
1292,Televisão,Panasonic,3,2300.03,Eletrônicos,2025-05-24,João Guilherme Moraes,Pinto
1293,Liquidificador,Electrolux,1,1729.97,Eletroportáteis,2023-11-16,Benjamin Cardoso,Gomes Paulista
1294,Geladeira,Philco,5,954.67,Linha Branca,2024-12-18,Enzo Pinto,Barros
1295,Televisão,Philco,3,4934.59,Eletrônicos,2024-04-09,Eloah Carvalho,Monteiro do Oeste
1296,Secadora,Consul,3,3690.97,Linha Branca,2024-01-23,Sra. Eduarda Teixeira,das Neves da Serra
1297,Geladeira,Britânia,2,4264.8,Linha Branca,2023-10-22,Davi Lucca Pires,Cavalcanti de Minas
1298,Secadora,Electrolux,3,5199.3,Linha Branca,2024-05-27,Camila Alves,Novaes
1299,Liquidificador,Panasonic,5,1279.5,Eletroportáteis,2025-03-03,Leonardo Carvalho,Vieira de Fogaça
1300,Televisão,Mondial,4,3492.36,Eletrônicos,2024-02-25,Eduardo Fernandes,Lima de Minas
1301,Ar-Condicionado,LG,1,1552.63,Climatização,2023-12-01,Dra. Maria Cecília Aragão,Silveira da Prata
1302,Máquina de Lavar,Consul,5,1160.76,Linha Branca,2024-11-05,Sr. Benício Lima,Alves
1303,Máquina de Lavar,Philco,4,2853.77,Linha Branca,2025-06-13,Dra. Sophie Nunes,Farias
1304,Televisão,Consul,2,3722.83,Eletrônicos,2023-12-22,Melissa Lopes,Viana de Cunha
1305,Fogão,Mondial,3,1036.9,Linha Branca,2024-11-09,Bruna Araújo,Rocha
1306,Aspirador de Pó,Britânia,1,3759.33,Eletroportáteis,2024-02-21,Arthur Costela,Cavalcanti da Mata
1307,Liquidificador,Consul,2,1926.97,Eletroportáteis,2024-06-19,Srta. Maria da Costa,Viana dos Dourados
1308,Ar-Condicionado,Panasonic,4,294.73,Climatização,2024-02-16,Isabella Cavalcanti,da Mota
1309,Aspirador de Pó,LG,5,5229.26,Eletroportáteis,2025-02-18,Marina Teixeira,Santos Verde
1310,Fogão,Samsung,1,1324.27,Linha Branca,2024-03-01,Gabriela Fernandes,Rezende
1311,Secadora,Electrolux,4,3681.76,Linha Branca,2023-09-10,Danilo Moreira,Aragão da Serra
1312,Secadora,Mondial,1,2352.17,Linha Branca,2023-12-12,Isabelly Barros,Castro
1313,Ar-Condicionado,Mondial,4,3786.4,Climatização,2024-06-18,Paulo Rezende,da Luz
1314,Ar-Condicionado,LG,4,1220.89,Climatização,2025-01-08,Davi Lucca Araújo,Correia da Prata
1315,Secadora,Mondial,1,5573.49,Linha Branca,2024-07-19,Rebeca Pinto,da Mata de Minas
1316,Secadora,Britânia,3,3477.02,Linha Branca,2024-04-26,Benjamin da Rocha,Nogueira
1317,Micro-ondas,Philco,4,5695.56,Eletroportáteis,2023-12-08,Nathan Peixoto,Cunha
1318,Máquina de Lavar,Electrolux,2,2229.28,Linha Branca,2025-06-28,Ana Sophia Melo,Fogaça
1319,Televisão,Brastemp,3,1944.52,Eletrônicos,2024-01-02,Julia Barbosa,Viana
1320,Cafeteira,Midea,1,5243.88,Eletroportáteis,2024-07-27,Milena Santos,Silveira
1321,Fogão,Electrolux,5,2641.59,Linha Branca,2024-08-19,Maitê Vieira,Souza do Campo
1322,Micro-ondas,LG,1,5945.32,Eletroportáteis,2024-09-15,Enzo Souza,Moreira de Minas
1323,Micro-ondas,LG,4,5051.92,Eletroportáteis,2025-03-24,Sr. Antônio Campos,Gomes
1324,Liquidificador,Philco,5,476.57,Eletroportáteis,2025-05-28,Enzo Gabriel Monteiro,Santos de Goiás
1325,Fogão,Brastemp,3,544.89,Linha Branca,2023-10-29,Samuel Fogaça,Novaes dos Dourados
1326,Geladeira,Britânia,1,1478.1,Linha Branca,2023-11-26,Ana Vitória Peixoto,Azevedo
1327,Fogão,Electrolux,1,3212.62,Linha Branca,2024-10-21,Ana Carolina Farias,Rodrigues da Prata
1328,Liquidificador,Britânia,3,590.61,Eletroportáteis,2023-08-03,João Vitor Sales,Fogaça
1329,Máquina de Lavar,Electrolux,5,3723.56,Linha Branca,2024-04-10,Eduarda Caldeira,Barros da Mata
1330,Aspirador de Pó,Electrolux,2,4754.92,Eletroportáteis,2025-02-07,Maria Luiza Souza,Azevedo de Farias
1331,Secadora,LG,3,4494.68,Linha Branca,2023-11-10,Laís Ferreira,Pereira
1332,Geladeira,Panasonic,5,1195.73,Linha Branca,2023-10-24,Mirella da Rosa,Cunha
1333,Cafeteira,Samsung,5,5355.09,Eletroportáteis,2023-08-04,André da Rocha,Castro
1334,Máquina de Lavar,Consul,4,5043.81,Linha Branca,2024-11-11,Maria Eduarda Pinto,Moraes
1335,Fogão,Consul,2,2798.07,Linha Branca,2025-02-20,Valentina Pereira,Sales
1336,Ar-Condicionado,Consul,1,3683.83,Climatização,2023-11-02,João Vitor Correia,Oliveira
1337,Ar-Condicionado,Samsung,3,5304.14,Climatização,2023-12-31,Maria Alice Vieira,Pires
1338,Aspirador de Pó,Brastemp,1,1097.09,Eletroportáteis,2024-09-06,Sr. Igor Barbosa,da Paz da Mata
1339,Fogão,Mondial,1,5456.96,Linha Branca,2024-01-25,Kamilly Viana,Costela dos Dourados
1340,Ar-Condicionado,Midea,3,3136.49,Climatização,2024-02-01,Noah Santos,Duarte Alegre
1341,Secadora,Brastemp,4,4660.24,Linha Branca,2025-05-08,Sra. Júlia Pinto,Gomes do Campo
1342,Micro-ondas,Brastemp,5,677.3,Eletroportáteis,2025-03-23,Dr. Nicolas Nunes,Cunha
1343,Micro-ondas,Electrolux,2,2385.28,Eletroportáteis,2023-10-18,Luiz Gustavo Silva,da Mota de Caldeira
1344,Fogão,Mondial,3,3685.42,Linha Branca,2025-01-31,Nicolas Barros,Pereira do Sul
1345,Liquidificador,Brastemp,3,5228.86,Eletroportáteis,2024-02-27,Thales Barbosa,Cardoso
1346,Cafeteira,Mondial,1,4898.53,Eletroportáteis,2023-08-26,Ana Beatriz Barros,da Cruz de Minas
1347,Geladeira,Britânia,2,2869.57,Linha Branca,2024-01-29,Sr. Calebe Cardoso,Nogueira
1348,Secadora,Electrolux,3,3981.28,Linha Branca,2024-11-13,Dr. Emanuel Lopes,Pinto de Goiás
1349,Ar-Condicionado,Midea,2,5512.15,Climatização,2024-08-11,Calebe Alves,Costa da Prata
1350,Fogão,Electrolux,3,2948.8,Linha Branca,2024-09-22,Dr. Miguel Peixoto,Souza
1351,Fogão,Philco,1,3079.05,Linha Branca,2024-09-13,Dra. Manuela Correia,Porto de Minas
1352,Fogão,Samsung,2,3347.81,Linha Branca,2023-08-13,Kevin Silveira,Araújo da Mata
1353,Máquina de Lavar,Britânia,5,4211.86,Linha Branca,2024-03-08,Dr. João Miguel Pinto,Castro
1354,Micro-ondas,Electrolux,2,3856.37,Eletroportáteis,2024-10-01,Sra. Emanuella Teixeira,da Rosa Paulista
1355,Geladeira,Philco,4,2225.76,Linha Branca,2023-09-15,Kaique Barbosa,Ribeiro
1356,Geladeira,Britânia,2,321.07,Linha Branca,2025-03-30,Davi Lucas Freitas,Pinto das Flores
1357,Geladeira,Electrolux,3,3083.32,Linha Branca,2024-06-12,Agatha Freitas,Campos de da Costa
1358,Máquina de Lavar,Midea,4,5900.47,Linha Branca,2023-09-16,Gabrielly Barbosa,Fernandes dos Dourados
1359,Cafeteira,Mondial,4,3938.58,Eletroportáteis,2024-10-08,Enzo Gabriel Barros,Pereira
1360,Secadora,Mondial,4,5845.56,Linha Branca,2023-12-03,Amanda Castro,da Rosa
1361,Micro-ondas,Electrolux,4,4107.89,Eletroportáteis,2025-05-14,Carolina Pires,Nascimento
1362,Geladeira,Panasonic,1,4725.1,Linha Branca,2024-08-10,Larissa Fernandes,Carvalho
1363,Máquina de Lavar,Brastemp,2,469.41,Linha Branca,2024-12-17,Daniel da Cunha,Costela
1364,Secadora,Philco,1,1181.17,Linha Branca,2024-02-07,Sra. Isabel da Rosa,Freitas Alegre
1365,Fogão,Brastemp,5,1768.21,Linha Branca,2023-10-03,Lorena Ferreira,Moreira da Prata
1366,Micro-ondas,Consul,3,5263.86,Eletroportáteis,2025-06-27,Sr. Bruno Moreira,Nunes
1367,Secadora,Midea,2,3835.31,Linha Branca,2024-09-11,Igor Pereira,Viana das Flores
1368,Secadora,Electrolux,1,2677.88,Linha Branca,2025-06-04,Arthur Rezende,Costa
1369,Máquina de Lavar,LG,4,4432.22,Linha Branca,2025-01-15,Dr. Pietro Santos,da Conceição das Pedras
1370,Fogão,Consul,2,5714.15,Linha Branca,2024-03-26,Maria Clara Dias,Barbosa da Praia
1371,Geladeira,Mondial,4,1309.9,Linha Branca,2024-08-25,Pedro Henrique Monteiro,Lima de Aragão
1372,Ar-Condicionado,Philco,1,4466.21,Climatização,2023-10-31,Leonardo Oliveira,Monteiro do Galho
1373,Máquina de Lavar,Mondial,3,5295.95,Linha Branca,2024-12-22,Laís Aragão,Peixoto
1374,Ar-Condicionado,Brastemp,5,1933.69,Climatização,2024-12-14,Felipe Nunes,Melo de Ramos
1375,Ar-Condicionado,Panasonic,2,4189.62,Climatização,2024-03-04,Lara da Rocha,Alves de da Paz
1376,Ar-Condicionado,Brastemp,4,5489.19,Climatização,2025-07-09,Dr. Diogo Azevedo,Correia de Almeida
1377,Aspirador de Pó,Panasonic,4,3605.71,Eletroportáteis,2025-01-30,Isabelly Cardoso,Moura do Norte
1378,Televisão,Consul,4,5937.7,Eletrônicos,2024-06-05,Ana Carolina Caldeira,Pires da Serra
1379,Máquina de Lavar,Britânia,1,4272.43,Linha Branca,2023-10-02,Gabriel da Mota,Nascimento das Flores
1380,Secadora,Brastemp,5,718.06,Linha Branca,2024-07-05,Felipe Rodrigues,Fogaça Grande
1381,Geladeira,LG,5,5420.19,Linha Branca,2023-11-09,João Pedro Ferreira,Vieira dos Dourados
1382,Máquina de Lavar,Mondial,5,4704.52,Linha Branca,2023-08-04,Antônio Freitas,Melo
1383,Micro-ondas,Mondial,4,2661.77,Eletroportáteis,2025-07-09,Levi Duarte,da Mota da Serra
1384,Fogão,Panasonic,3,4082.82,Linha Branca,2024-02-19,Sofia Duarte,Pinto da Serra
1385,Televisão,Philco,4,529.79,Eletrônicos,2025-06-28,Heloísa Alves,Nascimento
1386,Geladeira,LG,4,3318.62,Linha Branca,2025-03-09,Davi Lucca Cunha,Duarte Verde
1387,Fogão,Brastemp,1,1104.88,Linha Branca,2023-07-26,Dra. Emanuella da Rocha,da Luz
1388,Secadora,Brastemp,5,4991.38,Linha Branca,2024-08-05,Nina Souza,Pereira de Nunes
1389,Ar-Condicionado,LG,4,3393.56,Climatização,2025-06-08,Leonardo Alves,Azevedo
1390,Ar-Condicionado,Electrolux,3,3938.32,Climatização,2025-05-30,João Cavalcanti,Costela
1391,Ar-Condicionado,Panasonic,5,5374.97,Climatização,2023-10-04,Maria Julia Azevedo,Fogaça de Minas
1392,Cafeteira,Britânia,4,3883.83,Eletroportáteis,2024-10-11,Dra. Heloísa Rocha,Silva de Pires
1393,Geladeira,Philco,5,1552.17,Linha Branca,2024-05-26,Lucca Cunha,Correia
1394,Micro-ondas,Brastemp,4,886.1,Eletroportáteis,2024-04-25,Brenda Farias,Sales
1395,Aspirador de Pó,Panasonic,5,2501.82,Eletroportáteis,2025-06-23,Pietro da Costa,Cardoso da Mata
1396,Aspirador de Pó,Brastemp,2,3729.29,Eletroportáteis,2025-02-06,Camila Moraes,Rezende
1397,Cafeteira,Mondial,5,552.88,Eletroportáteis,2025-03-08,Pietro Monteiro,Fernandes
1398,Micro-ondas,LG,3,5881.66,Eletroportáteis,2024-04-21,Ana Carolina Duarte,Castro
1399,Fogão,Midea,4,2277.16,Linha Branca,2024-04-11,Pietro Santos,Dias do Norte
1400,Secadora,Philco,5,380.16,Linha Branca,2024-10-31,Alice da Rosa,Costela
1401,Secadora,Philco,1,5173.83,Linha Branca,2024-08-05,Renan Jesus,Moura Paulista
1402,Ar-Condicionado,LG,4,2624.66,Climatização,2024-08-13,Eduarda Souza,Gomes de Rocha
1403,Cafeteira,Mondial,3,3175.89,Eletroportáteis,2024-02-22,Dra. Olivia Rocha,Rezende de Minas
1404,Cafeteira,Britânia,2,3418.61,Eletroportáteis,2025-07-04,Srta. Kamilly Rocha,Costela
1405,Fogão,Consul,3,346.16,Linha Branca,2024-03-03,Dr. Juan Correia,Fernandes do Sul
1406,Televisão,Philco,5,5071.57,Eletrônicos,2024-08-16,Stephany Nascimento,Nascimento
1407,Micro-ondas,LG,1,2469.11,Eletroportáteis,2025-05-03,Cecília Souza,Nunes do Norte
1408,Aspirador de Pó,Mondial,1,3947.64,Eletroportáteis,2023-12-20,Thales Cardoso,Monteiro
1409,Liquidificador,Philco,4,2754.71,Eletroportáteis,2025-06-10,Arthur Barbosa,Caldeira Grande
1410,Secadora,Philco,1,632.84,Linha Branca,2025-01-10,Ana Laura da Cruz,Cavalcanti
1411,Geladeira,Samsung,3,4619.79,Linha Branca,2023-12-10,Kevin da Rosa,Cavalcanti da Praia
1412,Fogão,Mondial,4,2417.3,Linha Branca,2024-08-14,Giovanna Fogaça,Pires
1413,Liquidificador,Mondial,2,4471.39,Eletroportáteis,2024-01-31,Emanuella Barbosa,Lopes
1414,Aspirador de Pó,Brastemp,3,696.33,Eletroportáteis,2025-05-15,Dr. João Guilherme Novaes,Pires
1415,Liquidificador,LG,1,3790.56,Eletroportáteis,2025-03-16,Enzo Rodrigues,Araújo do Amparo
1416,Secadora,Panasonic,2,5616.46,Linha Branca,2025-02-10,João Felipe Moura,da Cunha
1417,Ar-Condicionado,Britânia,5,1983.04,Climatização,2023-09-02,Emanuelly Correia,Lopes
1418,Cafeteira,Samsung,5,3280.62,Eletroportáteis,2024-04-24,Bernardo Vieira,Moraes
1419,Micro-ondas,Midea,5,1210.66,Eletroportáteis,2025-04-16,Arthur Caldeira,Rodrigues
1420,Geladeira,Mondial,2,5733.32,Linha Branca,2023-10-18,João Vitor Rezende,Dias
1421,Televisão,Panasonic,4,2210.95,Eletrônicos,2024-10-14,Erick Souza,Araújo
1422,Geladeira,Samsung,5,1572.4,Linha Branca,2024-10-29,Daniela Souza,Castro de Azevedo
1423,Máquina de Lavar,Britânia,1,1097.96,Linha Branca,2023-12-07,Gabrielly Aragão,Rezende
1424,Aspirador de Pó,Consul,1,4579.05,Eletroportáteis,2025-04-29,Samuel Peixoto,Moreira
1425,Televisão,Mondial,3,4854.05,Eletrônicos,2023-12-28,Maria Cecília Alves,Jesus da Serra
1426,Liquidificador,Midea,4,4377.61,Eletroportáteis,2024-01-26,Vicente Nascimento,Gonçalves das Pedras
1427,Aspirador de Pó,Electrolux,3,267.89,Eletroportáteis,2024-09-06,Nicole Fogaça,Vieira
1428,Aspirador de Pó,Midea,4,2286.67,Eletroportáteis,2023-11-27,Igor Cavalcanti,Silveira
1429,Cafeteira,Panasonic,2,4335.88,Eletroportáteis,2024-12-20,Ian Farias,Caldeira
1430,Geladeira,Philco,2,2035.23,Linha Branca,2024-10-29,Eduardo Cunha,Teixeira do Sul
1431,Televisão,Brastemp,3,2832.2,Eletrônicos,2025-05-23,Maria Sophia Oliveira,Jesus
1432,Fogão,LG,3,608.74,Linha Branca,2024-12-01,Lara Barros,da Cruz do Amparo
1433,Liquidificador,Panasonic,3,2151.22,Eletroportáteis,2024-01-14,Enzo Fogaça,da Rocha
1434,Liquidificador,Philco,5,5951.48,Eletroportáteis,2023-11-18,Dr. Enzo Cunha,Rodrigues
1435,Liquidificador,Panasonic,2,5970.29,Eletroportáteis,2024-09-25,Igor Barros,Alves do Campo
1436,Secadora,Panasonic,1,1764.26,Linha Branca,2023-11-28,Vitor Hugo Rocha,da Paz
1437,Geladeira,Electrolux,4,4411.87,Linha Branca,2024-04-05,Guilherme Teixeira,da Costa da Prata
1438,Máquina de Lavar,Samsung,4,1035.26,Linha Branca,2023-09-07,Gabriel Costa,Castro do Amparo
1439,Televisão,Philco,2,2229.44,Eletrônicos,2024-10-16,Sofia Lopes,Campos
1440,Micro-ondas,Samsung,4,5412.68,Eletroportáteis,2024-11-27,Eloah Peixoto,Caldeira do Amparo
1441,Liquidificador,Brastemp,4,5359.55,Eletroportáteis,2023-09-21,Maria Luiza Nascimento,Alves de Lima
1442,Televisão,Brastemp,5,5506.5,Eletrônicos,2025-02-11,Murilo Oliveira,Costela
1443,Aspirador de Pó,Electrolux,5,3114.16,Eletroportáteis,2023-10-15,Sr. Diogo da Costa,Freitas de da Luz
1444,Máquina de Lavar,Samsung,2,920.29,Linha Branca,2024-07-12,Alana Vieira,da Rocha do Oeste
1445,Máquina de Lavar,Brastemp,4,1011.5,Linha Branca,2025-01-19,Mirella Caldeira,Almeida das Flores
1446,Televisão,Panasonic,4,2606.57,Eletrônicos,2024-06-05,Ana Carolina Teixeira,Caldeira do Oeste
1447,Geladeira,Midea,5,572.76,Linha Branca,2025-04-06,Bárbara Monteiro,Lima
1448,Televisão,Brastemp,4,314.27,Eletrônicos,2025-04-20,Amanda Farias,Ribeiro
1449,Fogão,Panasonic,1,201.0,Linha Branca,2024-12-20,Gabrielly Carvalho,Rezende
1450,Aspirador de Pó,Electrolux,2,808.78,Eletroportáteis,2024-04-08,Vitória Melo,Duarte de Melo
1451,Geladeira,Samsung,3,1185.62,Linha Branca,2024-09-11,Dr. Levi Lopes,Duarte
1452,Geladeira,Electrolux,1,3675.05,Linha Branca,2025-06-28,Vinicius Jesus,da Mota de Rocha
1453,Geladeira,Brastemp,5,2963.78,Linha Branca,2023-11-12,Sr. Paulo Gonçalves,Souza do Sul
1454,Micro-ondas,Electrolux,5,4963.74,Eletroportáteis,2025-02-02,Calebe Cardoso,da Paz de da Mata
1455,Fogão,Electrolux,5,433.17,Linha Branca,2025-04-11,Joana Rodrigues,Souza
1456,Televisão,Panasonic,5,1367.52,Eletrônicos,2023-11-26,Daniel da Cruz,Costa de Lima
1457,Micro-ondas,Brastemp,1,5283.72,Eletroportáteis,2025-05-06,Dra. Eduarda da Cunha,Ferreira
1458,Liquidificador,Mondial,3,3191.73,Eletroportáteis,2025-06-15,Enrico da Luz,Teixeira
1459,Aspirador de Pó,Brastemp,3,839.51,Eletroportáteis,2023-08-22,Laura Sales,Campos das Pedras
1460,Cafeteira,Electrolux,1,586.51,Eletroportáteis,2024-10-05,Helena Barros,Novaes
1461,Televisão,Consul,4,1413.49,Eletrônicos,2025-02-26,Evelyn Caldeira,Dias de Peixoto
1462,Máquina de Lavar,Electrolux,2,3322.75,Linha Branca,2023-08-31,Dra. Carolina da Mata,Cunha
1463,Liquidificador,Britânia,2,5439.22,Eletroportáteis,2024-09-18,Sr. Rafael da Conceição,Rodrigues
1464,Ar-Condicionado,Samsung,4,5397.69,Climatização,2024-04-14,Danilo Ferreira,Rodrigues
1465,Televisão,Philco,3,4491.74,Eletrônicos,2023-10-07,Gustavo Henrique Correia,da Paz da Mata
1466,Ar-Condicionado,Consul,5,1069.77,Climatização,2023-10-15,Helena Viana,Costa
1467,Liquidificador,Panasonic,5,4433.23,Eletroportáteis,2025-05-16,Erick Oliveira,Lima
1468,Geladeira,Philco,5,3993.36,Linha Branca,2024-09-28,Otávio da Costa,da Mota
1469,Máquina de Lavar,Consul,4,4156.53,Linha Branca,2024-12-26,Laura Cardoso,da Mota de Goiás
1470,Liquidificador,Britânia,3,666.37,Eletroportáteis,2023-12-08,Ana Júlia Lima,Melo
1471,Televisão,Mondial,3,205.47,Eletrônicos,2024-08-09,João Lucas Campos,Martins
1472,Liquidificador,Panasonic,4,1795.2,Eletroportáteis,2023-10-19,Vitor Gabriel Caldeira,Rocha Verde
1473,Ar-Condicionado,Consul,1,4711.11,Climatização,2024-03-27,Luiz Gustavo Gomes,Vieira de Moreira
1474,Máquina de Lavar,Brastemp,1,4612.93,Linha Branca,2025-05-19,Clarice Costela,Pires Paulista
1475,Televisão,Mondial,3,5579.6,Eletrônicos,2024-09-07,Marina das Neves,Santos
1476,Secadora,LG,5,3836.97,Linha Branca,2025-04-07,Alice Farias,Campos das Pedras
1477,Televisão,Midea,2,2664.71,Eletrônicos,2023-07-28,Antônio da Costa,Carvalho do Sul
1478,Televisão,Philco,2,5961.24,Eletrônicos,2024-02-29,Maria Eduarda Pereira,das Neves do Sul
1479,Micro-ondas,Philco,4,886.97,Eletroportáteis,2024-06-19,Matheus Ribeiro,Pinto de Correia
1480,Televisão,Philco,2,5284.21,Eletrônicos,2024-03-14,Caio Fernandes,Viana de Goiás
1481,Ar-Condicionado,Philco,4,4650.54,Climatização,2024-06-16,Fernando Costa,da Mata
1482,Geladeira,Britânia,2,3389.77,Linha Branca,2024-05-29,Olivia Oliveira,Dias
1483,Aspirador de Pó,Midea,2,3443.33,Eletroportáteis,2024-04-04,Sra. Melissa Souza,Viana da Mata
1484,Máquina de Lavar,Panasonic,1,2783.88,Linha Branca,2024-01-17,Lucas Gabriel Fogaça,Rodrigues de Costa
1485,Secadora,Panasonic,3,2588.69,Linha Branca,2024-04-20,Sr. Yago Monteiro,Ribeiro
1486,Secadora,Britânia,4,5660.79,Linha Branca,2025-02-01,João Vitor Dias,Fernandes
1487,Micro-ondas,Mondial,2,3329.56,Eletroportáteis,2024-07-19,Diogo Aragão,da Mota de Minas
1488,Fogão,Brastemp,3,2599.73,Linha Branca,2024-09-02,Srta. Fernanda Fernandes,Moura Grande
1489,Televisão,Britânia,5,3307.71,Eletrônicos,2024-05-27,Ana Clara Nascimento,Pereira
1490,Fogão,Britânia,2,1405.41,Linha Branca,2024-12-31,Raquel Gomes,Nascimento
1491,Fogão,LG,3,3459.23,Linha Branca,2023-12-03,Mirella Cunha,Alves
1492,Micro-ondas,Philco,2,2577.65,Eletroportáteis,2023-07-13,Luiz Gustavo Moraes,Rodrigues da Praia
1493,Micro-ondas,Midea,5,4058.82,Eletroportáteis,2025-06-09,Rafaela Moraes,Silva
1494,Ar-Condicionado,LG,3,5504.77,Climatização,2023-10-05,Marcela Pinto,Farias de Almeida
1495,Aspirador de Pó,Brastemp,1,1591.39,Eletroportáteis,2024-11-05,Dr. Augusto Nogueira,Nascimento do Oeste
1496,Secadora,LG,1,3739.87,Linha Branca,2025-04-16,Francisco Ramos,Mendes da Mata
1497,Televisão,Consul,5,4018.24,Eletrônicos,2023-10-02,Lavínia Moura,Pereira das Pedras
1498,Televisão,LG,4,3669.72,Eletrônicos,2025-03-11,Gabrielly Barros,Lima das Pedras
1499,Televisão,Mondial,2,1214.05,Eletrônicos,2024-02-13,Thomas Caldeira,da Rocha
1500,Cafeteira,Britânia,4,5769.56,Eletroportáteis,2024-10-19,Davi Lucas Cunha,Souza do Amparo
1501,Ar-Condicionado,Samsung,3,4389.78,Climatização,2024-05-28,Davi Luiz Dias,Araújo de Carvalho
1502,Televisão,Mondial,3,3522.43,Eletrônicos,2024-08-07,Dr. Bernardo Correia,Freitas do Campo
1503,Fogão,Panasonic,2,924.19,Linha Branca,2023-09-03,Sr. Vicente Caldeira,Silveira
1504,Ar-Condicionado,Britânia,3,2352.33,Climatização,2024-01-19,Camila Monteiro,Barbosa do Oeste
1505,Aspirador de Pó,Brastemp,2,3351.47,Eletroportáteis,2023-11-06,Carolina Costela,Costela de Minas
1506,Ar-Condicionado,Electrolux,2,4712.19,Climatização,2024-06-23,Srta. Gabrielly da Mata,Aragão de da Cruz
1507,Ar-Condicionado,LG,4,4891.26,Climatização,2025-02-01,Vinicius Nunes,Pereira Verde
1508,Fogão,Brastemp,4,910.62,Linha Branca,2025-03-05,Thiago Carvalho,Duarte da Mata
1509,Ar-Condicionado,Electrolux,4,4687.02,Climatização,2024-02-02,Dr. Marcelo Vieira,Freitas do Galho
1510,Secadora,Brastemp,3,5390.17,Linha Branca,2024-10-14,Lavínia Peixoto,Sales
1511,Cafeteira,Panasonic,4,3048.57,Eletroportáteis,2024-05-11,Luiz Henrique Monteiro,Porto
1512,Secadora,Brastemp,5,2670.99,Linha Branca,2024-04-05,Dr. Renan Barbosa,Nogueira de Jesus
1513,Fogão,LG,2,1355.02,Linha Branca,2024-04-06,Paulo Almeida,Sales do Sul
1514,Liquidificador,Panasonic,2,5667.86,Eletroportáteis,2024-09-14,Yasmin Moreira,Pires da Mata
1515,Geladeira,Consul,2,3351.53,Linha Branca,2023-11-02,Dr. Benício Barros,Azevedo de Minas
1516,Aspirador de Pó,Panasonic,3,5002.01,Eletroportáteis,2025-01-12,Lucas Gabriel Ribeiro,Gonçalves
1517,Fogão,Consul,1,2447.7,Linha Branca,2024-06-18,Melissa Lopes,Fernandes
1518,Ar-Condicionado,Panasonic,4,4627.89,Climatização,2024-03-16,Manuela Monteiro,Silva Alegre
1519,Fogão,Electrolux,5,4724.05,Linha Branca,2025-05-12,Gustavo Henrique Viana,da Mata da Mata
1520,Liquidificador,Philco,4,4017.36,Eletroportáteis,2023-08-27,Dr. Vitor Hugo Monteiro,Farias
1521,Fogão,Brastemp,4,1164.03,Linha Branca,2024-11-30,Evelyn da Mota,Castro de Goiás
1522,Televisão,Electrolux,3,605.97,Eletrônicos,2023-09-11,Enrico Cavalcanti,Oliveira
1523,Ar-Condicionado,Midea,4,5656.59,Climatização,2024-10-02,Dr. Breno Barros,Lima Alegre
1524,Micro-ondas,Electrolux,4,4542.47,Eletroportáteis,2025-06-06,Noah Santos,das Neves
1525,Geladeira,Samsung,1,4419.79,Linha Branca,2025-02-01,Vicente da Mata,Santos
1526,Máquina de Lavar,Midea,5,5813.46,Linha Branca,2024-04-30,Benjamin Dias,Moraes do Galho
1527,Fogão,LG,2,5285.28,Linha Branca,2024-01-26,Luiz Fernando Ribeiro,da Cunha Alegre
1528,Geladeira,Midea,3,4346.65,Linha Branca,2024-11-18,Rafaela Costela,Costela do Campo
1529,Micro-ondas,Britânia,4,1925.92,Eletroportáteis,2024-06-01,Sr. Bernardo Castro,Pinto
1530,Fogão,Brastemp,5,4658.95,Linha Branca,2024-10-10,Srta. Lorena Silveira,Ribeiro de Pinto
1531,Aspirador de Pó,Britânia,3,1660.55,Eletroportáteis,2025-06-25,Rebeca Freitas,Gomes Alegre
1532,Televisão,LG,5,5807.1,Eletrônicos,2023-10-05,Vitor Gabriel Campos,Souza
1533,Liquidificador,Panasonic,3,5916.51,Eletroportáteis,2025-01-10,Sr. Diogo da Cunha,da Luz
1534,Aspirador de Pó,LG,4,560.65,Eletroportáteis,2024-06-25,Dra. Bruna Fogaça,Rezende
1535,Liquidificador,Brastemp,5,4684.75,Eletroportáteis,2024-05-08,Eloah Lopes,Souza da Mata
1536,Aspirador de Pó,Brastemp,1,1611.6,Eletroportáteis,2023-08-10,Sr. Heitor Silveira,Melo de Rocha
1537,Cafeteira,Panasonic,1,2900.34,Eletroportáteis,2024-12-10,Laura Azevedo,Carvalho
1538,Televisão,Samsung,4,2033.48,Eletrônicos,2024-12-10,Evelyn Teixeira,Moraes
1539,Secadora,Electrolux,1,5357.65,Linha Branca,2024-10-14,Pedro Henrique Alves,Nogueira
1540,Liquidificador,Britânia,3,2410.09,Eletroportáteis,2024-10-03,Lívia da Paz,Silveira
1541,Ar-Condicionado,Mondial,1,1044.3,Climatização,2023-08-11,Danilo Freitas,Farias
1542,Fogão,Electrolux,1,543.86,Linha Branca,2024-05-16,Alícia Lopes,Moraes da Praia
1543,Ar-Condicionado,Philco,4,833.3,Climatização,2024-02-23,Raquel Fogaça,Silveira
1544,Cafeteira,Electrolux,5,2574.57,Eletroportáteis,2023-11-26,Lara Farias,Moraes
1545,Máquina de Lavar,Britânia,3,731.14,Linha Branca,2023-09-16,Gabriela Cardoso,Teixeira
1546,Televisão,LG,3,5938.82,Eletrônicos,2024-02-17,Dr. Luiz Gustavo Nogueira,Rezende
1547,Aspirador de Pó,Samsung,5,1110.46,Eletroportáteis,2025-03-29,Gustavo Aragão,Freitas
1548,Fogão,Britânia,3,1144.52,Linha Branca,2025-03-20,Noah da Conceição,Fernandes
1549,Máquina de Lavar,Philco,4,1551.95,Linha Branca,2024-02-01,Srta. Maria Eduarda Rocha,Pereira
1550,Geladeira,Brastemp,5,3591.1,Linha Branca,2023-09-18,Dra. Emilly Pinto,Pires
1551,Geladeira,Midea,5,5464.85,Linha Branca,2024-09-08,Ana Carolina Teixeira,Sales
1552,Secadora,Panasonic,1,539.04,Linha Branca,2024-08-07,Sophia Sales,Lima
1553,Geladeira,LG,1,3766.49,Linha Branca,2024-06-17,Carolina Alves,Correia de Goiás
1554,Secadora,Mondial,5,1314.27,Linha Branca,2024-07-08,Dra. Nina Caldeira,Pereira do Galho
1555,Micro-ondas,Electrolux,5,5147.71,Eletroportáteis,2024-01-17,Dr. Luiz Miguel Gomes,Correia da Praia
1556,Liquidificador,Samsung,2,3166.79,Eletroportáteis,2025-02-03,Eduardo Santos,Almeida da Serra
1557,Micro-ondas,Philco,2,243.59,Eletroportáteis,2023-11-13,Marcelo Mendes,da Luz
1558,Geladeira,Panasonic,5,5674.96,Linha Branca,2024-09-24,Melissa Costela,Pires
1559,Fogão,Britânia,3,4904.91,Linha Branca,2025-04-03,Mirella Moreira,Rezende
1560,Fogão,LG,3,3860.01,Linha Branca,2025-01-25,Calebe da Cunha,da Costa
1561,Liquidificador,Philco,2,642.36,Eletroportáteis,2025-02-01,Sr. Breno Santos,Carvalho
1562,Secadora,LG,5,2339.7,Linha Branca,2024-05-12,Gabriela Silva,Cavalcanti
1563,Cafeteira,Electrolux,2,1398.1,Eletroportáteis,2024-05-12,Srta. Ana Beatriz Cardoso,Cunha do Sul
1564,Micro-ondas,LG,2,2670.65,Eletroportáteis,2024-09-04,Dra. Emanuelly Rodrigues,Ribeiro de Sales
1565,Fogão,Consul,4,2050.67,Linha Branca,2024-03-31,Ana Lívia Cardoso,Dias de Melo
1566,Liquidificador,LG,2,2240.24,Eletroportáteis,2025-04-19,Srta. Isis Peixoto,Melo Verde
1567,Geladeira,Panasonic,3,3751.28,Linha Branca,2024-12-25,Vicente da Rosa,Ribeiro
1568,Cafeteira,Brastemp,3,4717.67,Eletroportáteis,2023-09-07,Cauê Lima,da Rosa dos Dourados
1569,Liquidificador,LG,4,2067.77,Eletroportáteis,2025-01-29,Maria Fernanda da Luz,Almeida
1570,Secadora,Mondial,1,2884.27,Linha Branca,2024-04-08,Raul Rocha,Melo
1571,Liquidificador,Britânia,5,3969.49,Eletroportáteis,2024-03-30,Ana Beatriz Castro,Barbosa
1572,Ar-Condicionado,Mondial,4,1818.6,Climatização,2024-11-05,Pedro Miguel Viana,Araújo
1573,Secadora,LG,1,3742.54,Linha Branca,2024-02-20,Luiz Gustavo da Rosa,Nascimento
1574,Máquina de Lavar,Consul,1,750.95,Linha Branca,2024-06-28,Maria Martins,Gonçalves
1575,Televisão,Panasonic,2,1146.01,Eletrônicos,2024-11-28,Cauê da Costa,Cavalcanti
1576,Cafeteira,Electrolux,1,3063.44,Eletroportáteis,2024-02-26,Dr. João Miguel Farias,Melo
1577,Aspirador de Pó,Brastemp,5,2732.86,Eletroportáteis,2025-04-26,Danilo Cardoso,Pires do Norte
1578,Liquidificador,Panasonic,2,4386.44,Eletroportáteis,2023-08-16,Pietro Nunes,da Paz
1579,Geladeira,Brastemp,1,3520.01,Linha Branca,2024-04-10,Ana Sophia Monteiro,Campos Grande
1580,Liquidificador,Mondial,4,995.54,Eletroportáteis,2025-04-16,Lorenzo Pires,Viana
1581,Máquina de Lavar,Philco,5,4788.84,Linha Branca,2025-02-20,Sra. Eloah da Rocha,Barros
1582,Fogão,Brastemp,3,2271.26,Linha Branca,2023-08-01,Isis Pereira,Santos
1583,Aspirador de Pó,Samsung,4,2110.01,Eletroportáteis,2024-05-10,Otávio Pinto,Gomes Paulista
1584,Aspirador de Pó,Panasonic,2,3425.53,Eletroportáteis,2024-04-06,Maria Fernanda Carvalho,Pereira do Norte
1585,Ar-Condicionado,Samsung,5,1181.64,Climatização,2024-03-08,Srta. Raquel Pinto,da Rosa
1586,Aspirador de Pó,Consul,4,4554.94,Eletroportáteis,2024-06-22,Ana Júlia Dias,das Neves da Praia
1587,Fogão,Electrolux,4,1864.79,Linha Branca,2023-08-19,Juan Freitas,Dias
1588,Micro-ondas,Panasonic,4,2217.26,Eletroportáteis,2024-09-11,Carolina Oliveira,Fogaça de Minas
1589,Secadora,Philco,1,4703.91,Linha Branca,2023-10-02,Maria Sophia Farias,Monteiro de Gomes
1590,Micro-ondas,Philco,5,5789.29,Eletroportáteis,2024-07-06,Enzo Silveira,Moraes
1591,Cafeteira,Mondial,2,3501.41,Eletroportáteis,2025-01-12,Luiz Gustavo Moreira,Pinto
1592,Secadora,Panasonic,1,2462.64,Linha Branca,2025-03-15,Júlia Martins,Sales da Serra
1593,Geladeira,Britânia,1,623.97,Linha Branca,2024-10-07,Gabriela Duarte,da Rocha
1594,Liquidificador,LG,1,4098.4,Eletroportáteis,2023-11-24,Clarice Cardoso,Melo de Freitas
1595,Geladeira,Consul,5,2612.61,Linha Branca,2023-12-15,Emilly Novaes,da Luz dos Dourados
1596,Micro-ondas,Brastemp,5,3320.44,Eletroportáteis,2024-12-01,Rafael Lopes,Moraes
1597,Liquidificador,Panasonic,5,5797.03,Eletroportáteis,2024-05-10,Lorena Ferreira,Fernandes
1598,Secadora,Philco,3,3448.99,Linha Branca,2024-09-20,Srta. Eduarda Pereira,Azevedo de Ferreira
1599,Secadora,Panasonic,5,2770.85,Linha Branca,2024-04-12,Srta. Luana Ferreira,Alves do Sul
1600,Micro-ondas,Britânia,4,4230.55,Eletroportáteis,2023-07-24,Davi Lucca Viana,Azevedo das Flores
1601,Máquina de Lavar,Mondial,2,5844.69,Linha Branca,2025-05-20,Rebeca Farias,Pereira do Oeste
1602,Ar-Condicionado,Philco,2,5295.08,Climatização,2024-01-26,Sr. Paulo Fernandes,Campos de Almeida
1603,Ar-Condicionado,Electrolux,5,488.56,Climatização,2024-12-01,Dra. Ana Sophia Duarte,Castro
1604,Aspirador de Pó,Philco,5,268.82,Eletroportáteis,2024-09-20,Sr. Gustavo Rezende,Dias de da Mota
1605,Liquidificador,Panasonic,4,5486.33,Eletroportáteis,2025-06-17,Cecília Alves,Lima
1606,Aspirador de Pó,Britânia,5,5285.8,Eletroportáteis,2025-04-03,Maria Julia Gonçalves,Ramos do Sul
1607,Liquidificador,Electrolux,4,4051.1,Eletroportáteis,2025-03-30,Anthony Ferreira,Santos
1608,Máquina de Lavar,Panasonic,4,2866.84,Linha Branca,2023-09-22,Sr. Caio Ferreira,Gonçalves
1609,Máquina de Lavar,Electrolux,5,1926.17,Linha Branca,2024-06-10,Luiza Silveira,Nascimento da Prata
1610,Ar-Condicionado,Consul,2,5680.26,Climatização,2025-03-15,Kamilly Pires,da Mata
1611,Cafeteira,LG,3,5276.13,Eletroportáteis,2023-12-30,Joana Santos,Jesus de Farias
1612,Ar-Condicionado,Consul,1,4753.12,Climatização,2024-06-21,Maria Vitória da Costa,das Neves dos Dourados
1613,Fogão,Consul,1,1344.9,Linha Branca,2025-04-10,Laura Ramos,Farias do Norte
1614,Fogão,Consul,1,5405.93,Linha Branca,2024-10-28,Sr. Vicente Duarte,Fogaça
1615,Ar-Condicionado,Britânia,5,3163.39,Climatização,2023-07-30,Juan Ferreira,Barros das Pedras
1616,Secadora,Panasonic,2,755.14,Linha Branca,2023-12-21,Anthony Cunha,Rezende das Flores
1617,Liquidificador,Samsung,5,5792.13,Eletroportáteis,2023-09-04,Nathan Monteiro,das Neves de Ribeiro
1618,Secadora,Consul,5,3640.23,Linha Branca,2025-04-12,Alícia da Conceição,Barros de Goiás
1619,Máquina de Lavar,Electrolux,5,3046.8,Linha Branca,2024-02-26,Davi Luiz Duarte,Souza da Mata
1620,Geladeira,Brastemp,2,2388.01,Linha Branca,2024-03-05,Diogo Barbosa,Azevedo de Silveira
1621,Secadora,Electrolux,1,4035.91,Linha Branca,2024-02-14,Valentina Martins,Martins de Araújo
1622,Aspirador de Pó,Philco,5,3408.17,Eletroportáteis,2024-04-11,Dr. Fernando Pereira,Jesus
1623,Aspirador de Pó,Electrolux,5,4078.1,Eletroportáteis,2023-12-30,Maria Vitória Novaes,Araújo
1624,Televisão,Panasonic,3,1676.55,Eletrônicos,2024-05-20,Sophie Peixoto,Lima do Amparo
1625,Televisão,LG,3,3201.5,Eletrônicos,2024-03-03,Cecília da Mota,Costa
1626,Liquidificador,Philco,4,1451.05,Eletroportáteis,2024-12-24,Emanuella Oliveira,Cardoso de Minas
1627,Televisão,Electrolux,3,5814.1,Eletrônicos,2025-06-07,Alice Duarte,Oliveira
1628,Aspirador de Pó,Electrolux,4,3660.57,Eletroportáteis,2024-01-24,Sr. Thiago Aragão,Teixeira de Minas
1629,Fogão,Midea,2,2550.9,Linha Branca,2024-04-09,Brenda Cunha,Martins
1630,Máquina de Lavar,Mondial,1,2741.08,Linha Branca,2025-02-23,Lorenzo Moraes,Correia de da Mata
1631,Secadora,Philco,4,2856.24,Linha Branca,2025-04-06,Mariana Gomes,Mendes
1632,Fogão,Philco,1,5215.33,Linha Branca,2025-03-29,Marcos Vinicius da Costa,Freitas do Oeste
1633,Geladeira,Consul,1,2541.72,Linha Branca,2025-05-18,Fernanda Silva,da Paz
1634,Televisão,Consul,4,5372.46,Eletrônicos,2025-04-02,Maria Vitória da Cunha,da Cruz das Pedras
1635,Ar-Condicionado,Britânia,3,5503.36,Climatização,2024-07-13,João Lopes,Cardoso
1636,Máquina de Lavar,Panasonic,1,978.02,Linha Branca,2024-10-09,Raul Viana,Ferreira do Galho
1637,Fogão,Panasonic,4,4837.75,Linha Branca,2024-09-16,Catarina Peixoto,Moura
1638,Ar-Condicionado,Britânia,5,2311.94,Climatização,2024-10-14,Calebe Alves,Moura
1639,Liquidificador,Brastemp,1,1343.57,Eletroportáteis,2023-12-25,Caroline Farias,da Conceição dos Dourados
1640,Secadora,Midea,3,830.38,Linha Branca,2023-11-20,Ana Luiza Porto,Pereira
1641,Liquidificador,Panasonic,2,1931.13,Eletroportáteis,2024-03-08,Sr. Bryan Dias,Gonçalves
1642,Ar-Condicionado,Mondial,2,4900.4,Climatização,2025-01-11,Raul Campos,Nascimento da Serra
1643,Televisão,Consul,1,2285.14,Eletrônicos,2024-01-25,Luna Rezende,das Neves
1644,Micro-ondas,Britânia,5,2220.89,Eletroportáteis,2024-10-07,Pedro Nogueira,Rodrigues
1645,Ar-Condicionado,Brastemp,3,2876.97,Climatização,2025-05-28,Sra. Maria Sophia Araújo,Pires
1646,Secadora,Britânia,5,5737.7,Linha Branca,2023-08-19,Heitor Rezende,Campos
1647,Televisão,Britânia,2,3871.94,Eletrônicos,2024-10-31,Cecília Cunha,Alves
1648,Aspirador de Pó,Consul,4,2560.07,Eletroportáteis,2024-08-28,Daniel Moreira,da Mata Paulista
1649,Liquidificador,Panasonic,2,5574.1,Eletroportáteis,2023-11-14,Sra. Catarina Viana,da Costa da Serra
1650,Ar-Condicionado,Midea,4,5658.87,Climatização,2025-02-14,Leandro Cavalcanti,Silveira de da Luz
1651,Aspirador de Pó,Britânia,1,2841.72,Eletroportáteis,2023-12-01,Lucas Sales,Barbosa de Rodrigues
1652,Aspirador de Pó,Consul,4,4742.23,Eletroportáteis,2023-09-30,Sra. Bárbara da Rocha,Nunes
1653,Televisão,Midea,3,1520.23,Eletrônicos,2024-03-27,Helena Cavalcanti,Porto do Sul
1654,Ar-Condicionado,Brastemp,3,3336.41,Climatização,2025-05-29,Luiz Otávio Monteiro,Azevedo
1655,Micro-ondas,Samsung,2,3328.08,Eletroportáteis,2023-10-14,Sra. Gabrielly Pinto,Cavalcanti do Sul
1656,Micro-ondas,Brastemp,3,1727.79,Eletroportáteis,2024-12-29,Ana Vitória Ferreira,da Costa
1657,Cafeteira,Consul,4,3624.96,Eletroportáteis,2024-05-04,João Felipe Silva,Martins da Praia
1658,Televisão,Mondial,4,3842.08,Eletrônicos,2025-03-17,Guilherme Costa,Cardoso
1659,Máquina de Lavar,Consul,1,3717.2,Linha Branca,2024-09-09,Sr. Fernando Azevedo,Ramos
1660,Micro-ondas,Philco,4,1654.15,Eletroportáteis,2025-02-03,Dr. Lucas Carvalho,Souza
1661,Televisão,Panasonic,5,418.47,Eletrônicos,2025-01-24,Nina Campos,Pires
1662,Secadora,Electrolux,3,2253.56,Linha Branca,2025-06-13,Pedro Miguel Correia,da Paz Paulista
1663,Aspirador de Pó,Samsung,3,4531.36,Eletroportáteis,2024-03-13,Sra. Ana Sophia da Rosa,Santos
1664,Cafeteira,Samsung,2,2845.27,Eletroportáteis,2024-09-23,Marina Castro,Barros da Mata
1665,Secadora,Electrolux,4,3381.24,Linha Branca,2024-09-09,Bruna Nunes,Cavalcanti
1666,Liquidificador,Consul,4,5800.11,Eletroportáteis,2024-04-29,Dr. Nathan Moraes,Rocha dos Dourados
1667,Cafeteira,Mondial,3,3664.78,Eletroportáteis,2023-12-27,Maria Vitória Nogueira,da Mata da Praia
1668,Micro-ondas,Britânia,1,2269.55,Eletroportáteis,2023-12-28,Carlos Eduardo Castro,Melo
1669,Ar-Condicionado,Samsung,5,230.9,Climatização,2025-04-06,Gabrielly Fogaça,Dias da Serra
1670,Cafeteira,Electrolux,4,5952.87,Eletroportáteis,2024-02-14,Dr. Rafael Porto,Duarte dos Dourados
1671,Aspirador de Pó,Consul,2,443.46,Eletroportáteis,2025-07-01,Olivia Silveira,Dias
1672,Máquina de Lavar,Britânia,2,5370.94,Linha Branca,2025-01-28,Ana Laura Fogaça,Nascimento
1673,Máquina de Lavar,Midea,5,1244.51,Linha Branca,2024-07-20,Pedro Lucas Carvalho,Almeida de Nascimento
1674,Máquina de Lavar,Samsung,4,5738.79,Linha Branca,2025-02-02,Luiza Novaes,Caldeira
1675,Micro-ondas,Consul,5,4021.41,Eletroportáteis,2023-10-25,Danilo Santos,da Rocha
1676,Televisão,Panasonic,4,596.61,Eletrônicos,2025-02-13,Enzo Nascimento,Costa
1677,Fogão,Panasonic,3,3921.81,Linha Branca,2024-05-31,Helena da Costa,Ramos da Prata
1678,Liquidificador,Electrolux,4,3067.84,Eletroportáteis,2024-12-12,Ana Júlia Pereira,Rodrigues das Pedras
1679,Aspirador de Pó,Samsung,1,5785.02,Eletroportáteis,2024-01-27,Eloah Barros,Costela
1680,Geladeira,Consul,5,411.77,Linha Branca,2024-02-27,Ana Clara Cavalcanti,Pires de Goiás
1681,Ar-Condicionado,Electrolux,2,4834.12,Climatização,2025-07-02,Ana Luiza Oliveira,Nascimento de Cardoso
1682,Geladeira,Samsung,5,4152.79,Linha Branca,2025-06-06,Sr. João Miguel Vieira,da Mota da Prata
1683,Máquina de Lavar,Panasonic,2,2225.87,Linha Branca,2025-04-30,Ana Beatriz Duarte,Rocha
1684,Televisão,Britânia,3,2133.83,Eletrônicos,2024-07-03,Marcela da Paz,Lopes
1685,Secadora,Mondial,2,1293.33,Linha Branca,2024-09-07,Maria Julia Porto,Mendes
1686,Micro-ondas,Consul,4,859.09,Eletroportáteis,2023-07-28,Davi Lucca Porto,Jesus do Oeste
1687,Geladeira,Brastemp,5,5126.83,Linha Branca,2025-03-03,Elisa Rezende,Rezende de Goiás
1688,Micro-ondas,Panasonic,3,2020.47,Eletroportáteis,2023-08-30,Sr. Pedro Araújo,da Rosa
1689,Geladeira,Mondial,1,950.27,Linha Branca,2023-08-23,Srta. Larissa da Luz,Peixoto
1690,Secadora,Midea,5,3402.41,Linha Branca,2024-12-14,Mariane Mendes,Carvalho dos Dourados
1691,Liquidificador,Consul,3,5860.56,Eletroportáteis,2024-03-23,Mariana Cardoso,Nascimento
1692,Televisão,Britânia,1,3350.54,Eletrônicos,2024-07-23,Luna Cunha,Mendes
1693,Geladeira,LG,2,1180.59,Linha Branca,2025-06-11,Sra. Bruna Santos,Viana
1694,Micro-ondas,Consul,5,4401.72,Eletroportáteis,2024-04-03,Rebeca da Rosa,Costela
1695,Fogão,Philco,4,3984.16,Linha Branca,2025-05-24,Sophia Pereira,Porto
1696,Cafeteira,Consul,4,1428.42,Eletroportáteis,2024-03-13,Isis Martins,Mendes de Moreira
1697,Micro-ondas,Panasonic,4,1017.91,Eletroportáteis,2025-04-30,Benjamin Martins,Cunha da Praia
1698,Ar-Condicionado,Samsung,4,647.54,Climatização,2024-02-15,Caroline Castro,da Paz das Flores
1699,Micro-ondas,Britânia,3,5774.62,Eletroportáteis,2025-01-17,Luiz Gustavo Pinto,Souza da Serra
1700,Máquina de Lavar,Mondial,5,2929.88,Linha Branca,2024-01-04,Yuri Cardoso,Nogueira
1701,Secadora,Philco,1,2517.16,Linha Branca,2024-07-05,Dr. Pedro Lucas Castro,Peixoto
1702,Aspirador de Pó,Consul,5,5568.54,Eletroportáteis,2025-02-09,Lara Oliveira,Correia de Novaes
1703,Cafeteira,LG,2,2586.41,Eletroportáteis,2025-03-01,Igor Cavalcanti,Vieira de da Rosa
1704,Liquidificador,Mondial,1,559.59,Eletroportáteis,2023-10-09,Srta. Esther das Neves,Mendes da Praia
1705,Televisão,Philco,3,2256.3,Eletrônicos,2024-02-05,Rafael Moreira,Cardoso
1706,Aspirador de Pó,Philco,5,576.95,Eletroportáteis,2025-03-23,Diogo Nunes,Lopes de Oliveira
1707,Aspirador de Pó,Panasonic,2,4134.17,Eletroportáteis,2024-12-24,Emilly Campos,Peixoto
1708,Televisão,Philco,5,5525.41,Eletrônicos,2024-08-22,Giovanna da Mota,Fogaça de Minas
1709,Cafeteira,Philco,1,434.45,Eletroportáteis,2025-03-21,Marcela Gonçalves,Santos
1710,Máquina de Lavar,Britânia,3,1964.02,Linha Branca,2024-03-21,Davi Lucas Oliveira,Duarte de Rocha
1711,Cafeteira,Samsung,2,634.7,Eletroportáteis,2025-04-19,Lavínia da Cunha,Moura do Oeste
1712,Aspirador de Pó,Midea,1,2995.2,Eletroportáteis,2024-01-01,Pietra Oliveira,Almeida
1713,Aspirador de Pó,Britânia,3,3504.81,Eletroportáteis,2024-04-01,Levi Pinto,Azevedo Grande
1714,Ar-Condicionado,Philco,4,4039.42,Climatização,2025-07-07,Enrico Teixeira,Aragão
1715,Cafeteira,Philco,2,3055.17,Eletroportáteis,2024-09-01,Srta. Maria Alice Mendes,Farias de Goiás
1716,Liquidificador,Panasonic,5,5858.56,Eletroportáteis,2024-03-23,Agatha Ferreira,Viana
1717,Geladeira,LG,3,1545.4,Linha Branca,2025-02-21,Isaac Fogaça,Farias
1718,Cafeteira,Panasonic,1,5076.45,Eletroportáteis,2023-10-29,Alícia Fernandes,da Cruz
1719,Máquina de Lavar,Brastemp,3,249.37,Linha Branca,2025-06-21,Dr. Raul Nunes,Novaes das Pedras
1720,Cafeteira,Consul,1,3958.84,Eletroportáteis,2024-09-08,Nicolas Carvalho,Correia do Norte
1721,Ar-Condicionado,Panasonic,5,4811.9,Climatização,2025-01-21,Leonardo Caldeira,Santos do Campo
1722,Cafeteira,Midea,1,5017.12,Eletroportáteis,2023-11-11,Luiz Fernando Oliveira,da Paz
1723,Micro-ondas,Panasonic,3,2755.69,Eletroportáteis,2024-04-19,Maria Lima,Costa
1724,Ar-Condicionado,Philco,3,2823.68,Climatização,2025-06-27,Sr. Thales Aragão,Pinto do Galho
1725,Liquidificador,LG,1,416.96,Eletroportáteis,2023-10-15,Igor Barbosa,Ribeiro
1726,Secadora,LG,1,2016.42,Linha Branca,2023-10-01,Luiz Otávio Oliveira,da Cruz de Barbosa
1727,Ar-Condicionado,Electrolux,3,2511.04,Climatização,2023-11-18,Alexia Moraes,Novaes
1728,Aspirador de Pó,Electrolux,4,5927.38,Eletroportáteis,2023-08-05,Otávio Novaes,Melo
1729,Fogão,Brastemp,4,1632.49,Linha Branca,2024-01-13,Samuel Ferreira,da Mata do Sul
1730,Televisão,LG,4,5486.7,Eletrônicos,2025-03-29,Mariana da Mota,Correia
1731,Ar-Condicionado,LG,5,2937.94,Climatização,2024-03-07,Helena Viana,Melo de Azevedo
1732,Fogão,LG,1,5568.13,Linha Branca,2024-06-21,Vicente Oliveira,Rocha da Praia
1733,Geladeira,LG,5,252.02,Linha Branca,2023-09-08,Marcos Vinicius Monteiro,Gonçalves
1734,Secadora,LG,2,4552.2,Linha Branca,2025-05-27,Kaique da Rosa,da Conceição Grande
1735,Secadora,Panasonic,2,1683.1,Linha Branca,2024-10-08,Dr. João Miguel Ramos,Carvalho de Goiás
1736,Televisão,Samsung,2,5697.91,Eletrônicos,2024-03-20,Gabriel Nunes,Costa
1737,Aspirador de Pó,Panasonic,4,5393.9,Eletroportáteis,2024-10-10,Augusto Gonçalves,Campos
1738,Aspirador de Pó,Samsung,2,5716.15,Eletroportáteis,2025-05-05,Luigi Silveira,da Mata
1739,Ar-Condicionado,Samsung,1,2972.75,Climatização,2024-07-20,Rafael Teixeira,Gomes de Minas
1740,Ar-Condicionado,Mondial,5,5977.54,Climatização,2024-05-13,Maria Farias,Jesus
1741,Ar-Condicionado,Panasonic,1,4458.73,Climatização,2024-05-21,Isis Freitas,Teixeira
1742,Secadora,Samsung,1,4948.52,Linha Branca,2025-02-10,Lavínia Peixoto,Cavalcanti de Gomes
1743,Máquina de Lavar,Electrolux,3,1603.12,Linha Branca,2024-08-23,Lorenzo Aragão,Aragão de Almeida
1744,Fogão,Midea,4,5212.69,Linha Branca,2025-05-30,Pietra Gomes,das Neves Grande
1745,Televisão,Samsung,3,2728.76,Eletrônicos,2025-02-15,Dr. Theo da Cruz,Costa Grande
1746,Fogão,Electrolux,3,3974.74,Linha Branca,2025-04-25,Luigi Fogaça,Azevedo de Cunha
1747,Máquina de Lavar,Consul,2,1862.83,Linha Branca,2024-03-10,Heitor Vieira,Cardoso de da Cruz
1748,Ar-Condicionado,Midea,1,4892.19,Climatização,2024-10-20,Laura da Mota,Silva
1749,Secadora,Consul,3,2013.12,Linha Branca,2025-02-05,Carlos Eduardo Barros,Silva da Mata
1750,Fogão,LG,3,387.67,Linha Branca,2023-10-13,Luna da Conceição,Araújo Paulista
1751,Televisão,Philco,1,2294.29,Eletrônicos,2024-09-17,Sra. Heloísa Teixeira,Mendes de Nascimento
1752,Micro-ondas,Philco,4,2886.34,Eletroportáteis,2023-10-05,Vitor Duarte,Duarte Grande
1753,Liquidificador,Panasonic,1,3123.67,Eletroportáteis,2025-02-03,Helena Costela,Barros Paulista
1754,Televisão,Consul,4,2459.4,Eletrônicos,2024-04-18,Murilo Cunha,Moreira
1755,Secadora,Philco,5,806.27,Linha Branca,2023-08-12,Antônio Moreira,Freitas
1756,Fogão,LG,1,2502.41,Linha Branca,2024-07-28,Sra. Isabelly da Mata,Azevedo do Norte
1757,Cafeteira,Mondial,4,1716.67,Eletroportáteis,2023-11-22,Rodrigo Nogueira,Moraes
1758,Fogão,Midea,4,1903.49,Linha Branca,2023-07-13,Helena Ribeiro,Jesus
1759,Liquidificador,Consul,5,5589.56,Eletroportáteis,2025-01-02,Luiz Miguel Barros,Carvalho
1760,Micro-ondas,Consul,5,3659.9,Eletroportáteis,2024-07-04,Sabrina Porto,da Cunha da Serra
1761,Televisão,Philco,4,280.39,Eletrônicos,2023-09-18,Ian Alves,da Paz
1762,Máquina de Lavar,LG,5,3044.53,Linha Branca,2024-01-13,Renan Nunes,Campos
1763,Secadora,LG,5,5049.12,Linha Branca,2024-09-01,Miguel Azevedo,Fogaça
1764,Liquidificador,Britânia,1,5639.58,Eletroportáteis,2023-09-29,Dra. Natália Duarte,Nascimento
1765,Micro-ondas,Panasonic,4,581.81,Eletroportáteis,2023-08-27,Gabriel Nogueira,Gomes de Monteiro
1766,Fogão,LG,4,5515.37,Linha Branca,2025-06-17,Eduarda Correia,da Luz
1767,Secadora,Britânia,5,3446.04,Linha Branca,2024-06-14,Maria Souza,da Luz
1768,Televisão,Philco,3,765.96,Eletrônicos,2025-02-27,Lavínia Nascimento,Rodrigues
1769,Ar-Condicionado,Philco,4,4117.47,Climatização,2024-06-30,Pietro das Neves,Souza
1770,Secadora,LG,2,795.66,Linha Branca,2024-09-11,Brenda Castro,Lima
1771,Ar-Condicionado,Britânia,3,5453.35,Climatização,2025-04-18,Henrique Moura,Aragão
1772,Máquina de Lavar,Philco,2,1245.2,Linha Branca,2025-04-24,Thomas da Paz,Correia de Moraes
1773,Secadora,Mondial,1,3979.69,Linha Branca,2023-10-26,Rebeca Novaes,Azevedo
1774,Micro-ondas,Britânia,3,5016.79,Eletroportáteis,2024-01-08,Rodrigo Ribeiro,Melo do Oeste
1775,Liquidificador,Electrolux,2,2594.16,Eletroportáteis,2025-04-01,João Viana,Rodrigues
1776,Cafeteira,Consul,4,4267.29,Eletroportáteis,2024-12-14,Davi Campos,Aragão
1777,Secadora,Consul,3,3446.4,Linha Branca,2024-01-18,Dr. Caio Nunes,Nunes do Sul
1778,Micro-ondas,Consul,4,5406.33,Eletroportáteis,2023-12-27,Lara Alves,Nogueira
1779,Ar-Condicionado,Mondial,1,1621.16,Climatização,2025-01-05,Esther Pires,Rodrigues
1780,Geladeira,Consul,3,2052.04,Linha Branca,2023-08-17,Davi Nascimento,da Mata das Pedras
1781,Ar-Condicionado,Philco,5,1089.77,Climatização,2024-09-22,João Araújo,Jesus da Serra
1782,Máquina de Lavar,Mondial,5,956.06,Linha Branca,2023-09-03,Yasmin da Rocha,Lopes de Jesus
1783,Geladeira,Samsung,2,542.29,Linha Branca,2024-03-31,Yuri Rezende,Araújo
1784,Máquina de Lavar,Electrolux,2,1439.77,Linha Branca,2024-03-12,Gabriela da Luz,Castro da Serra
1785,Micro-ondas,Mondial,5,623.44,Eletroportáteis,2023-11-26,Lucas Costela,Santos
1786,Aspirador de Pó,Brastemp,1,1316.21,Eletroportáteis,2023-07-29,Dr. Heitor da Luz,Oliveira de Ribeiro
1787,Geladeira,LG,5,904.52,Linha Branca,2023-12-31,Miguel Pinto,Araújo
1788,Aspirador de Pó,Consul,1,3042.87,Eletroportáteis,2024-11-18,Francisco Rodrigues,Pires
1789,Fogão,Electrolux,1,4626.5,Linha Branca,2023-09-21,Dra. Maria Eduarda Lima,Cardoso
1790,Micro-ondas,Panasonic,3,5768.84,Eletroportáteis,2023-08-22,Enzo Gabriel Nascimento,Mendes Grande
1791,Cafeteira,Panasonic,5,1068.86,Eletroportáteis,2025-02-03,Laura Araújo,Castro
1792,Liquidificador,Brastemp,5,2255.41,Eletroportáteis,2024-11-29,Emilly Fogaça,Silveira das Flores
1793,Fogão,Samsung,2,2549.01,Linha Branca,2024-07-20,João Vitor Rezende,Cavalcanti de Goiás
1794,Máquina de Lavar,Electrolux,3,263.26,Linha Branca,2024-12-29,Dr. Enzo Castro,Cunha de Farias
1795,Geladeira,Consul,1,1349.32,Linha Branca,2024-12-05,Dr. Benjamin da Rocha,Vieira
1796,Geladeira,Consul,1,3113.04,Linha Branca,2024-06-06,Raul Pires,da Costa
1797,Geladeira,Consul,2,5745.93,Linha Branca,2023-09-20,Dra. Vitória Novaes,Moraes de Moura
1798,Geladeira,Brastemp,3,3137.97,Linha Branca,2023-12-08,Davi Luiz Araújo,Costa
1799,Fogão,Britânia,2,5934.25,Linha Branca,2025-06-26,Raul Carvalho,da Cunha
1800,Ar-Condicionado,Britânia,1,5443.84,Climatização,2024-06-16,Lorena Correia,Pires
1801,Televisão,Britânia,5,397.88,Eletrônicos,2025-05-04,Benício Sales,Gonçalves
1802,Geladeira,Philco,4,5286.2,Linha Branca,2025-02-15,Paulo Oliveira,Lima Grande
1803,Televisão,Britânia,5,340.18,Eletrônicos,2024-02-11,Emanuel da Mota,Almeida do Norte
1804,Liquidificador,Samsung,5,1718.94,Eletroportáteis,2025-06-30,Cauã Nogueira,Duarte
1805,Cafeteira,Britânia,3,4556.3,Eletroportáteis,2023-12-22,Joana Monteiro,Moraes das Flores
1806,Ar-Condicionado,LG,4,5072.64,Climatização,2023-12-26,Olivia Caldeira,Moura da Serra
1807,Secadora,Mondial,2,4969.42,Linha Branca,2025-04-27,João Gabriel Araújo,Carvalho
1808,Fogão,Electrolux,4,979.36,Linha Branca,2025-04-04,Joana Fernandes,Farias do Campo
1809,Fogão,Britânia,3,1887.87,Linha Branca,2024-06-25,Nicole Barbosa,da Conceição
1810,Máquina de Lavar,Samsung,3,3383.15,Linha Branca,2025-04-22,Diego Correia,Cardoso
1811,Máquina de Lavar,Samsung,2,4163.51,Linha Branca,2024-01-23,Augusto Sales,da Cunha
1812,Micro-ondas,Panasonic,1,627.6,Eletroportáteis,2025-03-01,Dr. André Ribeiro,da Mota
1813,Ar-Condicionado,Electrolux,4,742.62,Climatização,2025-01-30,Maria Julia Peixoto,Cavalcanti do Amparo
1814,Geladeira,Consul,2,3654.18,Linha Branca,2024-09-17,Bárbara Rezende,da Rocha dos Dourados
1815,Ar-Condicionado,Panasonic,3,2469.68,Climatização,2025-03-20,Stella da Cunha,Aragão
1816,Liquidificador,Panasonic,4,3026.89,Eletroportáteis,2024-01-13,Alexia Cardoso,da Rosa
1817,Máquina de Lavar,Panasonic,5,5020.52,Linha Branca,2023-11-06,Gabriela Caldeira,Nascimento do Norte
1818,Fogão,LG,1,3223.51,Linha Branca,2023-08-22,Anthony Pinto,Almeida Paulista
1819,Micro-ondas,Consul,1,1606.2,Eletroportáteis,2024-12-05,Daniela Ramos,Souza de Jesus
1820,Ar-Condicionado,Mondial,5,5050.38,Climatização,2023-09-04,Dra. Bruna Pinto,Porto
1821,Cafeteira,Samsung,3,3558.5,Eletroportáteis,2023-08-07,Rafael Peixoto,Rodrigues
1822,Aspirador de Pó,Consul,2,1751.21,Eletroportáteis,2024-12-22,Lara Cavalcanti,Almeida
1823,Liquidificador,Consul,2,1488.21,Eletroportáteis,2024-05-17,Ana Sophia Peixoto,Moraes da Serra
1824,Máquina de Lavar,Brastemp,3,3828.42,Linha Branca,2023-12-06,Valentina da Conceição,Peixoto Verde
1825,Liquidificador,Mondial,3,1929.23,Eletroportáteis,2025-05-24,Alícia Correia,Caldeira
1826,Televisão,Mondial,4,3691.59,Eletrônicos,2024-11-12,Ana Clara da Rosa,Almeida
1827,Geladeira,Brastemp,1,4816.3,Linha Branca,2023-09-10,Raquel Novaes,da Mata
1828,Ar-Condicionado,Philco,2,1510.0,Climatização,2023-11-19,Danilo Cavalcanti,Cardoso
1829,Máquina de Lavar,Panasonic,5,4815.41,Linha Branca,2023-10-20,Danilo Gomes,Peixoto
1830,Micro-ondas,Philco,2,5024.2,Eletroportáteis,2024-01-31,Nina Fernandes,Porto
1831,Aspirador de Pó,LG,4,5237.78,Eletroportáteis,2024-05-06,Maysa Moura,Monteiro
1832,Máquina de Lavar,Philco,5,3029.53,Linha Branca,2025-02-20,Davi Lucas Porto,Moreira de Costa
1833,Geladeira,Samsung,3,3604.77,Linha Branca,2023-07-15,Bárbara Gomes,Silveira
1834,Micro-ondas,Brastemp,3,3240.58,Eletroportáteis,2023-12-12,Sra. Luana Souza,Cunha de Almeida
1835,Televisão,Mondial,5,5826.41,Eletrônicos,2024-01-21,Sra. Maria Fernanda Castro,Novaes do Galho
1836,Secadora,Philco,1,408.47,Linha Branca,2023-12-19,Srta. Maria Cecília Porto,Monteiro do Campo
1837,Geladeira,Samsung,4,5406.21,Linha Branca,2025-03-26,Dr. Bernardo Jesus,Ribeiro de Costela
1838,Secadora,Samsung,4,1047.67,Linha Branca,2023-09-21,Thomas Vieira,da Conceição
1839,Cafeteira,Britânia,5,581.57,Eletroportáteis,2024-05-21,Vitória da Paz,da Mota
1840,Micro-ondas,Brastemp,1,4880.33,Eletroportáteis,2024-01-24,Alice da Rosa,Pires
1841,Televisão,LG,1,5912.21,Eletrônicos,2024-09-07,Matheus Castro,da Mata
1842,Cafeteira,Mondial,1,2944.63,Eletroportáteis,2024-08-16,João Vitor da Costa,da Rosa dos Dourados
1843,Ar-Condicionado,Britânia,1,3484.34,Climatização,2024-01-22,Ana Júlia da Mota,Barros
1844,Geladeira,Panasonic,5,4306.63,Linha Branca,2025-01-07,Daniel Costela,Rodrigues Verde
1845,Micro-ondas,Panasonic,4,4602.14,Eletroportáteis,2025-03-24,Ana Sophia Azevedo,Lima
1846,Geladeira,LG,2,4739.25,Linha Branca,2025-07-03,Luiz Gustavo da Paz,da Mata
1847,Cafeteira,LG,1,592.38,Eletroportáteis,2023-07-17,Danilo da Rocha,Lima Alegre
1848,Máquina de Lavar,Mondial,1,1912.46,Linha Branca,2025-05-24,Carolina Ribeiro,Azevedo
1849,Secadora,Panasonic,4,2239.97,Linha Branca,2024-12-23,Lorenzo Gomes,Viana de Minas
1850,Ar-Condicionado,Mondial,1,4010.48,Climatização,2025-06-06,Dra. Julia Souza,Fogaça do Galho
1851,Secadora,Philco,1,3542.62,Linha Branca,2024-07-25,Thales Duarte,Novaes da Mata
1852,Geladeira,Midea,5,3862.69,Linha Branca,2024-02-08,Dr. Ian Carvalho,Mendes
1853,Geladeira,Electrolux,5,2113.2,Linha Branca,2023-12-28,Amanda Porto,da Costa de Nunes
1854,Liquidificador,Electrolux,1,5525.58,Eletroportáteis,2024-08-17,Lucas Barros,Peixoto de Sales
1855,Fogão,Panasonic,5,246.67,Linha Branca,2023-10-08,Ana Luiza Fogaça,da Costa
1856,Ar-Condicionado,Samsung,4,2041.18,Climatização,2025-05-13,Benjamin Santos,Barros
1857,Geladeira,Electrolux,3,3282.78,Linha Branca,2023-07-22,Laís Lima,Nunes Grande
1858,Televisão,LG,5,1303.36,Eletrônicos,2025-03-24,Lívia Cunha,Costa
1859,Geladeira,Midea,1,5281.6,Linha Branca,2023-11-06,Gustavo Lopes,Ribeiro
1860,Fogão,Mondial,2,1118.67,Linha Branca,2024-04-03,João Gabriel Fernandes,Dias do Campo
1861,Fogão,Britânia,5,3960.15,Linha Branca,2024-12-04,Maria Sophia Rodrigues,Melo de Azevedo
1862,Ar-Condicionado,Britânia,3,1833.81,Climatização,2023-07-11,Nina Oliveira,Alves de Araújo
1863,Geladeira,Britânia,3,1798.92,Linha Branca,2024-12-10,Sr. Luigi Cavalcanti,da Mata da Serra
1864,Cafeteira,Samsung,3,3617.53,Eletroportáteis,2023-11-24,Bruno Rodrigues,Cunha dos Dourados
1865,Micro-ondas,Panasonic,1,2086.87,Eletroportáteis,2024-11-14,Heloísa da Conceição,Rocha do Amparo
1866,Cafeteira,Panasonic,5,1683.95,Eletroportáteis,2024-10-26,Srta. Maria Clara Moreira,Costa de Freitas
1867,Geladeira,LG,5,258.71,Linha Branca,2024-04-30,Igor Cunha,Mendes
1868,Geladeira,Consul,2,4506.13,Linha Branca,2025-07-07,Cecília Pinto,Ferreira Alegre
1869,Máquina de Lavar,Electrolux,4,1963.16,Linha Branca,2024-07-01,Sra. Emanuella Oliveira,Ramos
1870,Liquidificador,Philco,4,1735.19,Eletroportáteis,2024-10-20,Thomas Barros,Alves da Mata
1871,Liquidificador,Consul,3,3049.43,Eletroportáteis,2023-08-21,Miguel Oliveira,da Costa da Prata
1872,Micro-ondas,LG,3,1751.52,Eletroportáteis,2023-12-06,Diego Caldeira,Cardoso do Amparo
1873,Aspirador de Pó,Brastemp,2,5368.26,Eletroportáteis,2024-09-21,Thales Lima,Souza de Minas
1874,Fogão,Consul,2,1690.74,Linha Branca,2024-01-09,Ana Julia Ferreira,Cavalcanti
1875,Televisão,Brastemp,2,1772.47,Eletrônicos,2023-08-31,Dr. Ian Almeida,Nascimento do Amparo
1876,Secadora,Panasonic,5,3880.13,Linha Branca,2024-06-01,Fernando Nunes,Fernandes
1877,Secadora,Britânia,5,613.24,Linha Branca,2024-01-07,Heloísa Campos,Gonçalves de Minas
1878,Geladeira,Brastemp,2,2768.26,Linha Branca,2024-01-21,Dra. Amanda Monteiro,Lima
1879,Cafeteira,Philco,1,5456.57,Eletroportáteis,2025-03-03,Helena Costela,da Cruz
1880,Aspirador de Pó,LG,1,2785.22,Eletroportáteis,2024-10-13,Diego da Rosa,da Cunha de Fogaça
1881,Fogão,Philco,4,3344.79,Linha Branca,2024-11-29,Dr. Vitor Hugo Souza,Peixoto
1882,Ar-Condicionado,Panasonic,2,1838.63,Climatização,2025-03-12,Dr. Alexandre da Rocha,Nogueira
1883,Secadora,LG,5,4675.36,Linha Branca,2024-06-16,Noah Cunha,Pinto Verde
1884,Geladeira,Samsung,3,2135.64,Linha Branca,2023-10-02,Murilo da Mata,das Neves do Sul
1885,Geladeira,Samsung,1,2365.0,Linha Branca,2025-06-30,Vitor Ramos,Farias do Campo
1886,Televisão,Midea,5,3460.03,Eletrônicos,2023-09-13,Evelyn da Paz,Pereira
1887,Ar-Condicionado,Midea,1,2268.19,Climatização,2024-01-11,Dra. Eduarda Costa,Cardoso do Oeste
1888,Fogão,Consul,3,4570.47,Linha Branca,2024-05-11,Srta. Vitória Teixeira,Pires
1889,Liquidificador,Britânia,4,5148.11,Eletroportáteis,2024-04-12,Sofia Oliveira,da Mota de da Paz
1890,Cafeteira,Samsung,2,4014.2,Eletroportáteis,2024-11-11,Maria Fernanda Melo,Martins do Norte
1891,Fogão,Midea,2,3302.9,Linha Branca,2025-01-04,Lavínia Pereira,Farias de Peixoto
1892,Aspirador de Pó,Samsung,5,3869.02,Eletroportáteis,2024-12-13,Brenda Lopes,Melo
1893,Cafeteira,Mondial,2,2679.72,Eletroportáteis,2024-05-26,Mariane Almeida,Freitas
1894,Cafeteira,Samsung,3,4559.27,Eletroportáteis,2023-07-29,Daniel Nascimento,Azevedo
1895,Televisão,Midea,4,5228.65,Eletrônicos,2024-06-09,Isabel Caldeira,Aragão
1896,Cafeteira,LG,5,2734.57,Eletroportáteis,2023-08-18,Luiz Fernando da Luz,da Mota dos Dourados
1897,Aspirador de Pó,Panasonic,4,1566.5,Eletroportáteis,2024-12-21,Thomas Pereira,Ribeiro das Pedras
1898,Liquidificador,LG,4,2809.25,Eletroportáteis,2023-10-28,Maria Vitória da Costa,da Costa
1899,Aspirador de Pó,Panasonic,2,4578.0,Eletroportáteis,2024-08-21,Sra. Ana Julia Barros,Ribeiro
1900,Televisão,Britânia,2,5791.03,Eletrônicos,2024-10-05,Dr. Enrico Carvalho,da Luz
1901,Secadora,Panasonic,1,3840.85,Linha Branca,2023-08-12,Isabelly Cardoso,Silva
1902,Geladeira,Samsung,5,5027.15,Linha Branca,2024-01-10,Eduarda Pires,da Rocha da Praia
1903,Secadora,LG,3,5269.82,Linha Branca,2025-03-16,Dr. Pedro Henrique Azevedo,Cavalcanti Paulista
1904,Secadora,Britânia,3,310.24,Linha Branca,2024-06-08,Stella Porto,da Conceição
1905,Televisão,Consul,4,4979.96,Eletrônicos,2024-10-19,Vitor Alves,Campos Paulista
1906,Micro-ondas,Consul,4,4916.26,Eletroportáteis,2024-02-07,Miguel Jesus,Silveira Grande
1907,Liquidificador,Electrolux,1,5160.68,Eletroportáteis,2024-04-20,Guilherme Lopes,Azevedo do Galho
1908,Aspirador de Pó,Samsung,1,1923.92,Eletroportáteis,2023-11-27,Stephany Moreira,da Mota de Azevedo
1909,Fogão,Panasonic,4,1927.69,Linha Branca,2024-02-25,João Cardoso,Barros das Pedras
1910,Ar-Condicionado,Samsung,2,262.88,Climatização,2024-01-06,Ana Farias,Moura
1911,Micro-ondas,Britânia,2,2755.86,Eletroportáteis,2023-12-31,Natália Sales,Costela
1912,Liquidificador,Britânia,1,3181.78,Eletroportáteis,2024-05-03,Marcos Vinicius Aragão,Carvalho
1913,Liquidificador,Electrolux,4,2531.7,Eletroportáteis,2025-06-14,Srta. Ana Clara Pereira,Gonçalves
1914,Micro-ondas,Brastemp,2,3636.19,Eletroportáteis,2024-08-25,Dr. Guilherme Melo,Cunha
1915,Secadora,Brastemp,4,896.33,Linha Branca,2025-03-14,Lavínia Melo,Vieira
1916,Televisão,LG,2,4233.22,Eletrônicos,2025-05-26,Bárbara Martins,Costela
1917,Máquina de Lavar,Samsung,4,5510.98,Linha Branca,2025-02-17,Milena Melo,Araújo Verde
1918,Máquina de Lavar,Consul,1,5116.74,Linha Branca,2024-12-24,Antônio Rodrigues,Cardoso
1919,Televisão,Panasonic,3,4856.6,Eletrônicos,2024-12-20,Thiago Araújo,Cardoso
1920,Micro-ondas,Philco,3,3058.2,Eletroportáteis,2024-01-03,Isabella Araújo,da Rocha
1921,Televisão,Midea,4,1012.53,Eletrônicos,2025-02-13,Maria Julia Correia,Vieira
1922,Fogão,Panasonic,3,2178.16,Linha Branca,2023-08-15,Maria Alice Correia,Cardoso da Mata
1923,Fogão,Samsung,3,2866.52,Linha Branca,2024-01-02,Dra. Juliana Carvalho,Martins de Minas
1924,Cafeteira,Panasonic,5,3761.66,Eletroportáteis,2025-01-27,Guilherme Azevedo,Porto de da Conceição
1925,Ar-Condicionado,Consul,2,4043.13,Climatização,2025-06-13,Sra. Eduarda Rocha,Costela
1926,Aspirador de Pó,Panasonic,1,833.11,Eletroportáteis,2023-12-08,Isabel Cavalcanti,da Mata de Vieira
1927,Ar-Condicionado,Consul,5,3616.06,Climatização,2024-08-15,Sr. Lucas Ribeiro,Aragão Grande
1928,Televisão,Consul,3,2700.09,Eletrônicos,2023-08-28,Davi Lucca da Cruz,Almeida Verde
1929,Micro-ondas,Britânia,4,2688.26,Eletroportáteis,2024-08-16,Srta. Maysa Campos,Cardoso de Araújo
1930,Televisão,Consul,4,3585.01,Eletrônicos,2025-02-25,Sra. Clarice Gonçalves,Dias
1931,Micro-ondas,Britânia,1,5405.36,Eletroportáteis,2024-12-28,Dra. Maria Alice Rodrigues,Porto do Galho
1932,Geladeira,Mondial,5,4577.81,Linha Branca,2024-05-04,Júlia Freitas,Alves
1933,Cafeteira,Consul,4,2163.57,Eletroportáteis,2023-10-13,Raul da Conceição,Campos
1934,Aspirador de Pó,Consul,2,1816.89,Eletroportáteis,2024-10-20,Dr. Pietro Carvalho,Gonçalves
1935,Secadora,Consul,3,410.83,Linha Branca,2023-10-09,Dra. Rafaela Costa,Porto
1936,Aspirador de Pó,Midea,3,1216.92,Eletroportáteis,2025-07-10,Amanda Pires,Monteiro de Barros
1937,Geladeira,Britânia,5,3977.12,Linha Branca,2025-05-04,Yago Monteiro,Rezende
1938,Geladeira,Brastemp,3,1226.54,Linha Branca,2024-08-24,Srta. Isis Aragão,Vieira
1939,Máquina de Lavar,Samsung,1,2643.72,Linha Branca,2024-09-14,Sr. Davi Luiz Rodrigues,Ramos
1940,Secadora,LG,3,5232.76,Linha Branca,2023-10-23,Evelyn da Rosa,da Mata
1941,Cafeteira,Electrolux,4,3367.74,Eletroportáteis,2025-06-06,Alexandre Monteiro,da Rosa Verde
1942,Cafeteira,Brastemp,3,1065.12,Eletroportáteis,2024-02-26,João Felipe Caldeira,Cardoso de Porto
1943,Liquidificador,Midea,1,1396.05,Eletroportáteis,2025-04-10,Natália Santos,Moreira de da Mata
1944,Televisão,Midea,4,4870.78,Eletrônicos,2025-02-03,Elisa Silva,da Costa
1945,Liquidificador,LG,1,763.31,Eletroportáteis,2023-10-12,Lívia das Neves,da Mota
1946,Geladeira,LG,5,5980.83,Linha Branca,2024-12-01,Amanda Cardoso,Martins
1947,Máquina de Lavar,LG,4,1197.35,Linha Branca,2023-08-15,Vitor Hugo Dias,Martins de Nascimento
1948,Geladeira,Midea,5,5044.16,Linha Branca,2023-08-07,Sr. Enzo Gabriel Almeida,Moraes de Ribeiro
1949,Liquidificador,Mondial,3,1927.41,Eletroportáteis,2024-08-12,Agatha Rocha,Carvalho de Minas
1950,Cafeteira,Consul,3,2194.34,Eletroportáteis,2024-01-16,Benício da Rocha,Cardoso de Minas
1951,Cafeteira,Britânia,2,4434.84,Eletroportáteis,2025-07-04,Nicolas Rocha,da Costa
1952,Máquina de Lavar,Mondial,4,5103.06,Linha Branca,2025-06-22,Sr. Ryan Correia,da Luz da Prata
1953,Geladeira,LG,4,2847.64,Linha Branca,2024-07-27,Emanuella Viana,Nunes do Oeste
1954,Liquidificador,Mondial,4,4936.24,Eletroportáteis,2023-11-23,Cauã Rocha,Freitas do Sul
1955,Secadora,Midea,1,5429.64,Linha Branca,2024-06-10,Vinicius Moreira,Silveira
1956,Ar-Condicionado,Mondial,3,2165.77,Climatização,2024-09-29,Luiz Otávio Freitas,Alves de Minas
1957,Liquidificador,Mondial,3,1322.49,Eletroportáteis,2024-08-23,Guilherme Barros,da Rocha das Flores
1958,Televisão,Brastemp,3,790.29,Eletrônicos,2023-10-18,Alexia Peixoto,Almeida do Norte
1959,Ar-Condicionado,Britânia,4,2310.87,Climatização,2024-12-24,Dra. Evelyn da Cunha,Ferreira das Flores
1960,Cafeteira,Electrolux,5,3266.76,Eletroportáteis,2023-11-16,Augusto da Cruz,Oliveira
1961,Liquidificador,Consul,4,407.14,Eletroportáteis,2025-06-05,Maria Alice Correia,Santos
1962,Micro-ondas,Philco,5,4938.96,Eletroportáteis,2024-06-06,Carlos Eduardo Cardoso,Cunha da Praia
1963,Liquidificador,Brastemp,2,573.56,Eletroportáteis,2024-10-23,Pietra Barros,Rocha de Minas
1964,Máquina de Lavar,Philco,2,744.17,Linha Branca,2024-07-17,Sra. Milena Araújo,Dias do Amparo
1965,Aspirador de Pó,Brastemp,1,2402.21,Eletroportáteis,2025-01-07,Luna Campos,da Mata
1966,Televisão,Electrolux,1,3738.05,Eletrônicos,2024-08-21,Lucca Fernandes,Porto do Amparo
1967,Aspirador de Pó,Midea,1,1313.73,Eletroportáteis,2023-11-30,Thiago da Rosa,da Luz do Galho
1968,Ar-Condicionado,Electrolux,3,2484.65,Climatização,2023-12-13,João das Neves,Nascimento de Nascimento
1969,Secadora,Philco,3,5009.04,Linha Branca,2024-02-20,Sra. Ana Julia Dias,Oliveira
1970,Aspirador de Pó,Brastemp,1,5559.2,Eletroportáteis,2024-09-21,Sr. Vitor Hugo Vieira,da Cunha do Norte
1971,Cafeteira,Britânia,5,5176.7,Eletroportáteis,2023-10-25,Francisco Pinto,Cardoso do Sul
1972,Fogão,Britânia,5,5572.67,Linha Branca,2024-12-11,Gustavo Henrique Fernandes,Lopes
1973,Máquina de Lavar,Brastemp,3,2012.71,Linha Branca,2023-08-20,Alexia Azevedo,Mendes
1974,Aspirador de Pó,Samsung,3,3387.86,Eletroportáteis,2025-06-17,Evelyn Novaes,Fogaça
1975,Ar-Condicionado,Britânia,4,1107.14,Climatização,2024-03-13,Lara Fernandes,Moura dos Dourados
1976,Aspirador de Pó,Britânia,2,5445.73,Eletroportáteis,2024-09-29,Manuela Caldeira,Barbosa do Oeste
1977,Fogão,Philco,5,2983.19,Linha Branca,2024-11-13,Marcela Fernandes,Costa
1978,Fogão,Samsung,2,392.73,Linha Branca,2024-04-30,Marina da Mota,Viana de Castro
1979,Máquina de Lavar,LG,4,3579.58,Linha Branca,2024-12-27,Ana Beatriz Carvalho,Moura Grande
1980,Ar-Condicionado,Britânia,1,1302.41,Climatização,2024-08-14,Evelyn Cardoso,Oliveira da Mata
1981,Liquidificador,Philco,3,3256.11,Eletroportáteis,2025-01-22,Luigi Lopes,Porto
1982,Geladeira,Philco,3,4820.75,Linha Branca,2023-12-17,Maria Luiza Nascimento,Fernandes
1983,Ar-Condicionado,Britânia,2,3169.97,Climatização,2024-04-11,Pedro Lucas Lima,Pereira do Galho
1984,Cafeteira,Mondial,4,2346.39,Eletroportáteis,2024-08-14,João Santos,Silveira do Amparo
1985,Ar-Condicionado,Britânia,5,801.21,Climatização,2024-12-29,Srta. Ana Júlia Costela,Lopes do Galho
1986,Máquina de Lavar,Panasonic,5,1767.13,Linha Branca,2025-06-21,Maria Eduarda Moreira,Martins do Oeste
1987,Cafeteira,Samsung,4,1487.72,Eletroportáteis,2024-01-11,Ana Lívia Araújo,Lima da Serra
1988,Secadora,Consul,4,369.23,Linha Branca,2025-01-23,Maria Mendes,Cardoso
1989,Fogão,Electrolux,2,3364.92,Linha Branca,2024-03-25,Sr. Leandro Barbosa,da Rocha
1990,Cafeteira,Philco,4,3056.42,Eletroportáteis,2024-09-21,Vitor Costela,Cunha
1991,Televisão,LG,3,4480.28,Eletrônicos,2024-07-07,Paulo Viana,da Cunha
1992,Ar-Condicionado,Panasonic,4,242.48,Climatização,2024-10-31,Maria Julia da Costa,Mendes
1993,Liquidificador,Electrolux,1,337.71,Eletroportáteis,2023-08-10,Ana Moraes,Ramos de Goiás
1994,Geladeira,Midea,1,838.68,Linha Branca,2025-03-18,Lucca Pires,Pinto
1995,Televisão,Mondial,2,4374.4,Eletrônicos,2024-11-01,Júlia Silveira,Ribeiro do Amparo
1996,Liquidificador,Britânia,5,5201.17,Eletroportáteis,2025-06-21,Maria Fernanda Vieira,Cunha
1997,Micro-ondas,LG,3,566.78,Eletroportáteis,2024-07-19,Sarah Fernandes,Ramos
1998,Liquidificador,Electrolux,1,2734.99,Eletroportáteis,2024-05-26,Dr. Nathan Silva,Lopes
1999,Micro-ondas,Consul,3,1419.53,Eletroportáteis,2024-01-31,Emilly Viana,Correia do Oeste
2000,Cafeteira,Brastemp,3,3112.95,Eletroportáteis,2025-05-17,Theo Almeida,da Costa
2001,Ar-Condicionado,LG,2,1647.68,Climatização,2025-02-11,Fernando Teixeira,Silveira
2002,Televisão,Electrolux,4,4445.0,Eletrônicos,2025-04-08,Esther Dias,Caldeira
2003,Liquidificador,Consul,5,3249.21,Eletroportáteis,2024-10-23,Dra. Mirella Costa,Gomes
2004,Micro-ondas,Samsung,4,1042.03,Eletroportáteis,2025-01-14,Marcela Nascimento,Moreira Alegre
2005,Ar-Condicionado,Philco,2,1311.12,Climatização,2023-08-24,Vinicius Freitas,Carvalho
2006,Micro-ondas,Mondial,1,5067.25,Eletroportáteis,2023-09-20,Nina Santos,Barbosa da Prata
2007,Micro-ondas,Consul,3,3728.88,Eletroportáteis,2024-06-07,João Vitor Melo,Farias
2008,Fogão,Britânia,3,4920.97,Linha Branca,2024-11-05,Lucca Ferreira,Barros
2009,Geladeira,Consul,4,4227.78,Linha Branca,2024-09-12,Sr. Joaquim da Rocha,Silva
2010,Televisão,Britânia,5,2039.89,Eletrônicos,2024-09-11,Luiza Dias,Viana
2011,Liquidificador,Mondial,3,3142.93,Eletroportáteis,2024-04-24,Amanda Caldeira,Araújo do Galho
2012,Liquidificador,Mondial,4,4124.96,Eletroportáteis,2023-07-13,Kevin Oliveira,Santos Paulista
2013,Secadora,Consul,1,4486.8,Linha Branca,2023-10-11,Maysa Rocha,Lopes da Serra
2014,Secadora,Mondial,5,2081.66,Linha Branca,2024-08-03,Thales Santos,Araújo
2015,Liquidificador,Panasonic,3,2818.78,Eletroportáteis,2023-08-09,Dr. Kaique Barbosa,Silva de Peixoto
2016,Liquidificador,Mondial,2,1010.48,Eletroportáteis,2023-08-03,Davi Lucas Oliveira,Mendes dos Dourados
2017,Ar-Condicionado,Philco,4,5953.83,Climatização,2024-05-05,Maria Cecília Silveira,Fernandes
2018,Liquidificador,LG,2,5602.85,Eletroportáteis,2024-10-20,Alana Silveira,Moura de Cardoso
2019,Secadora,Philco,1,2613.21,Linha Branca,2024-11-18,Sabrina Teixeira,Moura da Serra
2020,Fogão,Panasonic,4,5345.62,Linha Branca,2023-12-25,Bianca Duarte,Porto
2021,Secadora,Philco,2,3189.68,Linha Branca,2025-04-10,Clara Martins,Jesus da Prata
2022,Ar-Condicionado,Consul,5,2042.47,Climatização,2025-02-27,Natália da Cruz,Silveira
2023,Geladeira,Philco,3,4040.87,Linha Branca,2024-11-27,Gabriela Viana,Barros das Flores
2024,Liquidificador,Electrolux,4,3896.75,Eletroportáteis,2023-08-19,Srta. Maria Luiza Cunha,Costela do Campo
2025,Secadora,Samsung,5,1136.09,Linha Branca,2024-06-21,João Miguel Teixeira,Vieira
2026,Ar-Condicionado,Britânia,4,1606.34,Climatização,2024-05-27,Vitor da Mata,Campos
2027,Ar-Condicionado,Midea,4,2785.22,Climatização,2025-02-17,Alícia Costa,da Costa
2028,Ar-Condicionado,Midea,1,2669.53,Climatização,2024-04-18,Caroline Costela,Fogaça
2029,Micro-ondas,LG,3,1891.36,Eletroportáteis,2024-07-24,Thales Mendes,Farias
2030,Geladeira,LG,3,2126.82,Linha Branca,2023-09-13,Sr. Pedro Miguel Martins,Duarte
2031,Micro-ondas,LG,3,729.01,Eletroportáteis,2023-09-14,Joaquim Costela,Rocha da Mata
2032,Liquidificador,Mondial,5,1643.72,Eletroportáteis,2025-01-22,Davi Luiz da Paz,Viana das Pedras
2033,Micro-ondas,LG,5,2382.25,Eletroportáteis,2025-04-06,Amanda Araújo,Caldeira
2034,Aspirador de Pó,Mondial,2,239.62,Eletroportáteis,2024-11-28,Lara da Costa,Rodrigues
2035,Geladeira,Samsung,5,3685.29,Linha Branca,2023-08-06,Mariana da Rosa,Vieira
2036,Ar-Condicionado,Brastemp,2,611.15,Climatização,2025-02-02,Anthony Vieira,Sales de da Costa
2037,Cafeteira,Electrolux,4,4484.94,Eletroportáteis,2024-04-23,Mirella Jesus,Mendes de Moraes
2038,Fogão,Consul,5,1511.68,Linha Branca,2024-02-27,Marcos Vinicius Pinto,Farias das Flores
2039,Ar-Condicionado,Brastemp,4,3192.82,Climatização,2025-02-27,Sarah Pereira,Ramos
2040,Secadora,Mondial,5,754.29,Linha Branca,2025-06-26,Nathan Lima,da Rosa de Ramos
2041,Ar-Condicionado,Samsung,1,2744.83,Climatização,2024-12-26,Erick Viana,Farias Alegre
2042,Liquidificador,Consul,4,3753.62,Eletroportáteis,2025-04-08,Eduarda da Rocha,Costela
2043,Máquina de Lavar,Philco,1,1250.61,Linha Branca,2024-01-15,Maria Clara Silva,Sales
2044,Micro-ondas,Panasonic,1,4179.53,Eletroportáteis,2024-02-03,Sra. Maria Vitória da Paz,Rocha do Campo
2045,Secadora,Electrolux,3,2411.36,Linha Branca,2023-08-19,João Alves,Pinto
2046,Geladeira,LG,5,574.21,Linha Branca,2023-08-26,Kaique Porto,da Costa
2047,Cafeteira,Consul,3,397.32,Eletroportáteis,2024-07-05,Erick Rocha,Cavalcanti dos Dourados
2048,Secadora,Midea,3,1867.72,Linha Branca,2024-03-10,Sr. Enzo Costela,Sales
2049,Secadora,Philco,3,5402.47,Linha Branca,2023-09-29,Fernando Moreira,Jesus dos Dourados
2050,Secadora,Midea,3,3705.02,Linha Branca,2024-07-19,Sophia Vieira,Duarte do Galho
2051,Geladeira,Panasonic,3,3189.0,Linha Branca,2024-02-09,Gustavo Henrique Barros,Nascimento
2052,Cafeteira,LG,4,966.67,Eletroportáteis,2023-12-31,Fernando Vieira,Duarte
2053,Liquidificador,Philco,3,2648.6,Eletroportáteis,2023-12-23,Sr. Eduardo Campos,Silveira
2054,Ar-Condicionado,Midea,4,2936.63,Climatização,2023-09-19,Ana Sophia da Paz,Lopes
2055,Ar-Condicionado,Samsung,3,1922.91,Climatização,2024-05-26,Bryan das Neves,Nascimento de Goiás
2056,Geladeira,Midea,5,1518.9,Linha Branca,2024-12-30,Srta. Isabel da Rocha,Moura
2057,Fogão,Britânia,3,3224.31,Linha Branca,2025-03-07,Isis Rezende,Caldeira de Mendes
2058,Ar-Condicionado,LG,1,3678.0,Climatização,2024-01-22,Lavínia Lima,Santos do Sul
2059,Aspirador de Pó,Panasonic,5,1917.44,Eletroportáteis,2024-03-11,Ana Sophia Gomes,Carvalho
2060,Cafeteira,Mondial,4,4064.56,Eletroportáteis,2023-10-01,Srta. Ana Carolina Santos,Cunha de da Cruz
2061,Geladeira,Britânia,2,5459.15,Linha Branca,2024-10-25,Laura Castro,Freitas do Sul
2062,Geladeira,Consul,4,3610.9,Linha Branca,2024-03-15,Lorena Teixeira,Farias de Goiás
2063,Televisão,Panasonic,3,1554.35,Eletrônicos,2024-08-19,Olivia Oliveira,Aragão
2064,Cafeteira,Consul,4,4634.09,Eletroportáteis,2023-09-29,Gabrielly Gomes,Duarte
2065,Televisão,Panasonic,5,1976.45,Eletrônicos,2023-08-03,Samuel Fernandes,da Mota
2066,Liquidificador,Philco,3,4622.09,Eletroportáteis,2024-07-31,Vitor Hugo Araújo,Pinto
2067,Fogão,Britânia,4,5066.68,Linha Branca,2023-12-27,Henrique Monteiro,Araújo Paulista
2068,Cafeteira,Midea,5,857.49,Eletroportáteis,2023-12-26,Gabrielly Dias,Aragão
2069,Liquidificador,Philco,3,209.98,Eletroportáteis,2023-10-16,Nina Campos,Moreira
2070,Cafeteira,Samsung,5,215.15,Eletroportáteis,2024-05-14,João Pedro Castro,Ferreira
2071,Liquidificador,Consul,4,2895.38,Eletroportáteis,2024-07-27,Caio Santos,Cunha
2072,Ar-Condicionado,Samsung,4,2043.35,Climatização,2025-05-22,Alana Melo,Gomes do Amparo
2073,Máquina de Lavar,Britânia,2,4882.33,Linha Branca,2025-01-05,Sr. Raul das Neves,Lima da Prata
2074,Aspirador de Pó,Samsung,2,4420.06,Eletroportáteis,2024-05-09,Sra. Luana da Mata,Farias
2075,Liquidificador,Brastemp,2,5192.65,Eletroportáteis,2023-07-12,Vitória Carvalho,Almeida
2076,Ar-Condicionado,Consul,3,1305.95,Climatização,2024-06-21,Helena Nascimento,Cunha Paulista
2077,Máquina de Lavar,Panasonic,5,3793.6,Linha Branca,2023-11-05,Marcelo Costa,Pereira do Galho
2078,Aspirador de Pó,Samsung,2,3942.06,Eletroportáteis,2024-07-16,Srta. Isabella Moreira,da Rosa Grande
2079,Fogão,Brastemp,5,1621.96,Linha Branca,2025-06-27,Carolina Fernandes,Cardoso
2080,Cafeteira,Panasonic,4,2405.01,Eletroportáteis,2024-03-29,Bárbara Rocha,Vieira
2081,Aspirador de Pó,Brastemp,1,4152.59,Eletroportáteis,2025-06-13,Kamilly Fernandes,Cunha de Minas
2082,Micro-ondas,Consul,1,5388.27,Eletroportáteis,2023-08-26,Brenda das Neves,Duarte do Campo
2083,Micro-ondas,Electrolux,2,4411.55,Eletroportáteis,2025-05-29,Davi Luiz da Conceição,Santos
2084,Micro-ondas,Britânia,1,3340.36,Eletroportáteis,2023-07-14,Vitor Gabriel Monteiro,Castro do Sul
2085,Secadora,Consul,3,4151.31,Linha Branca,2024-07-19,João Pedro Ribeiro,Duarte do Sul
2086,Fogão,Philco,4,339.09,Linha Branca,2024-10-04,Maria Sophia Lopes,Pinto
2087,Cafeteira,Mondial,3,5721.99,Eletroportáteis,2024-04-16,Renan Barbosa,Nascimento do Norte
2088,Secadora,Midea,2,3470.42,Linha Branca,2024-06-15,Luiz Miguel da Mota,Lopes
2089,Aspirador de Pó,Consul,4,1469.79,Eletroportáteis,2024-07-18,Fernando da Conceição,Nogueira
2090,Secadora,Britânia,3,1844.47,Linha Branca,2024-10-24,Leonardo da Mota,Silva
2091,Aspirador de Pó,Samsung,2,1525.2,Eletroportáteis,2024-04-03,Gustavo Henrique Silveira,Rocha
2092,Geladeira,Britânia,5,3886.08,Linha Branca,2024-12-14,Eduardo Freitas,Correia
2093,Geladeira,Brastemp,2,5451.48,Linha Branca,2024-10-15,Vitória Teixeira,das Neves
2094,Televisão,LG,4,5327.5,Eletrônicos,2025-05-21,Davi Gomes,Dias
2095,Geladeira,Midea,1,1682.15,Linha Branca,2024-08-05,Eloah da Luz,Costela das Flores
2096,Geladeira,Midea,2,2037.16,Linha Branca,2024-11-13,Dr. Otávio Porto,Gonçalves
2097,Micro-ondas,Panasonic,4,2415.25,Eletroportáteis,2024-12-24,Maria Fernanda da Mota,Monteiro da Mata
2098,Aspirador de Pó,Consul,2,504.1,Eletroportáteis,2023-09-21,Isabel Lopes,Campos de Costela
2099,Geladeira,Consul,1,1196.74,Linha Branca,2023-11-08,Lívia das Neves,Cardoso
2100,Máquina de Lavar,Philco,5,1596.54,Linha Branca,2024-07-08,Miguel Caldeira,Carvalho
2101,Fogão,Panasonic,4,3146.0,Linha Branca,2025-04-17,Caio Ribeiro,Ramos do Campo
2102,Televisão,Mondial,3,2269.96,Eletrônicos,2023-07-19,Clarice Martins,Viana
2103,Liquidificador,Mondial,3,5338.42,Eletroportáteis,2024-09-27,Eloah Martins,Moura de Caldeira
2104,Televisão,Midea,4,4585.53,Eletrônicos,2024-08-25,Ana Pinto,Santos
2105,Aspirador de Pó,Philco,5,318.5,Eletroportáteis,2024-02-07,Bryan Ribeiro,Melo
2106,Máquina de Lavar,Philco,2,1033.47,Linha Branca,2024-06-17,Joana Pereira,Peixoto Verde
2107,Geladeira,Mondial,2,5131.01,Linha Branca,2023-12-26,Enrico Souza,Cardoso do Oeste
2108,Cafeteira,Midea,4,5499.41,Eletroportáteis,2025-04-26,Dr. Samuel Costa,Moraes
2109,Geladeira,Samsung,4,4572.69,Linha Branca,2025-04-02,Melissa Moura,Moura de Rezende
2110,Liquidificador,Midea,3,315.84,Eletroportáteis,2024-12-18,João Lucas Silveira,da Paz Alegre
2111,Liquidificador,Panasonic,5,5701.09,Eletroportáteis,2023-12-18,Maria Vitória Silva,Nunes Grande
2112,Televisão,Samsung,5,2831.93,Eletrônicos,2023-12-08,Lucas Gabriel Nascimento,Correia de Cavalcanti
2113,Máquina de Lavar,Panasonic,5,1440.92,Linha Branca,2024-08-19,Emilly Jesus,Fernandes
2114,Ar-Condicionado,Brastemp,2,564.24,Climatização,2025-02-14,Sr. Ryan Alves,Gonçalves Paulista
2115,Micro-ondas,Consul,4,975.26,Eletroportáteis,2024-02-09,Amanda Rocha,Correia
2116,Micro-ondas,Consul,5,4862.54,Eletroportáteis,2024-04-23,Srta. Yasmin Moreira,Costa de Minas
2117,Cafeteira,Philco,2,1979.9,Eletroportáteis,2024-11-03,Lucas Gabriel Azevedo,Moreira
2118,Secadora,Consul,3,5720.47,Linha Branca,2025-04-15,Sr. Vinicius da Cruz,Ferreira
2119,Secadora,Electrolux,3,1666.32,Linha Branca,2023-08-08,Ana Vitória Rodrigues,Costela dos Dourados
2120,Televisão,Midea,5,3019.56,Eletrônicos,2025-04-18,Breno Lima,Carvalho
2121,Geladeira,Philco,3,5494.36,Linha Branca,2024-03-07,Davi Luiz Araújo,Ramos
2122,Geladeira,Britânia,1,5207.01,Linha Branca,2023-09-17,Ana Clara Souza,Almeida da Mata
2123,Liquidificador,Brastemp,5,1340.7,Eletroportáteis,2024-11-03,Lavínia Cardoso,Vieira
2124,Micro-ondas,LG,3,5094.05,Eletroportáteis,2024-02-27,Vitória Moreira,da Mata de Gonçalves
2125,Liquidificador,Consul,5,1993.39,Eletroportáteis,2024-06-24,Bárbara Rezende,Nunes
2126,Televisão,Mondial,3,3848.07,Eletrônicos,2024-01-25,Gabriel Lima,Silva
2127,Micro-ondas,Electrolux,4,2123.47,Eletroportáteis,2024-02-17,Stephany Moura,Barbosa
2128,Ar-Condicionado,Samsung,2,3512.4,Climatização,2024-03-22,Matheus Alves,Pinto
2129,Liquidificador,Mondial,5,3677.95,Eletroportáteis,2024-01-04,Yuri Costela,Gonçalves da Prata
2130,Ar-Condicionado,Panasonic,5,4605.74,Climatização,2024-07-03,Eduardo Azevedo,da Cunha dos Dourados
2131,Cafeteira,Philco,5,4892.17,Eletroportáteis,2024-04-15,Sr. Heitor Cavalcanti,Ribeiro
2132,Máquina de Lavar,Samsung,4,1024.64,Linha Branca,2024-09-23,Guilherme Alves,Ribeiro dos Dourados
2133,Secadora,Samsung,4,1014.8,Linha Branca,2024-01-28,Alana Melo,Pires do Oeste
2134,Micro-ondas,Britânia,4,1810.26,Eletroportáteis,2024-05-04,Ana Laura Cunha,Costela
2135,Ar-Condicionado,Consul,3,767.19,Climatização,2024-09-08,Cecília Sales,Campos
2136,Televisão,Mondial,1,5661.91,Eletrônicos,2024-02-07,Julia da Luz,Azevedo
2137,Ar-Condicionado,Samsung,2,3915.85,Climatização,2024-06-07,Carolina Oliveira,das Neves do Galho
2138,Aspirador de Pó,Brastemp,1,4352.45,Eletroportáteis,2024-08-25,Emanuel Silveira,da Mata
2139,Ar-Condicionado,Samsung,1,1218.18,Climatização,2023-10-31,Dr. Vitor Porto,Gonçalves
2140,Cafeteira,Brastemp,1,2078.62,Eletroportáteis,2025-05-22,Davi Nogueira,Viana
2141,Ar-Condicionado,Philco,4,1753.0,Climatização,2024-01-02,Dra. Ana Julia Pinto,Cardoso
2142,Fogão,Philco,1,1481.53,Linha Branca,2025-01-26,Gabrielly Cardoso,Rodrigues do Campo
2143,Máquina de Lavar,Panasonic,5,2408.79,Linha Branca,2025-05-27,Sarah Jesus,das Neves do Norte
2144,Ar-Condicionado,LG,4,2510.13,Climatização,2024-11-02,Sr. Luiz Miguel Silva,da Luz do Campo
2145,Geladeira,Electrolux,2,2868.59,Linha Branca,2023-10-12,João Lucas Cunha,Cardoso
2146,Liquidificador,Brastemp,2,1913.78,Eletroportáteis,2024-02-27,Ana Beatriz da Cunha,Aragão de Ribeiro
2147,Liquidificador,Britânia,3,4018.23,Eletroportáteis,2024-01-30,Alexia Pinto,Peixoto de Minas
2148,Ar-Condicionado,Mondial,4,1959.75,Climatização,2024-02-28,Vitória Ferreira,Nascimento
2149,Geladeira,Electrolux,3,3378.35,Linha Branca,2024-07-08,Maysa Rocha,Barros Alegre
2150,Aspirador de Pó,Philco,5,5683.67,Eletroportáteis,2024-04-04,Luiz Otávio Souza,Porto
2151,Secadora,Electrolux,1,2229.78,Linha Branca,2024-11-28,Dra. Rebeca Nogueira,Nogueira do Sul
2152,Máquina de Lavar,Brastemp,1,303.6,Linha Branca,2025-06-11,Benício Pereira,Correia de da Rocha
2153,Fogão,Midea,1,5153.54,Linha Branca,2025-01-29,Daniel Silveira,Souza de Fogaça
2154,Micro-ondas,Samsung,3,2254.94,Eletroportáteis,2023-11-22,Ian Silva,da Conceição do Amparo
2155,Secadora,Samsung,4,3224.71,Linha Branca,2024-03-20,Ana Julia Lopes,Moraes das Pedras
2156,Liquidificador,Electrolux,5,5103.13,Eletroportáteis,2024-06-12,Luiz Felipe Rocha,Teixeira
2157,Liquidificador,Brastemp,4,3424.57,Eletroportáteis,2024-09-03,Anthony Ferreira,Santos
2158,Aspirador de Pó,Britânia,5,5772.3,Eletroportáteis,2024-07-04,Alícia Ferreira,Oliveira
2159,Televisão,Electrolux,3,1734.68,Eletrônicos,2024-12-15,Elisa Viana,Rodrigues
2160,Fogão,Samsung,1,5755.53,Linha Branca,2024-12-22,Isis Lopes,Teixeira do Campo
2161,Ar-Condicionado,Britânia,5,1858.8,Climatização,2025-02-24,Isabelly Castro,Aragão
2162,Secadora,Samsung,4,1714.16,Linha Branca,2024-10-05,Cecília Moreira,Nogueira
2163,Geladeira,Britânia,1,734.79,Linha Branca,2023-11-02,Maria Alice da Conceição,Farias
2164,Cafeteira,Panasonic,1,5394.21,Eletroportáteis,2024-11-03,Yago Almeida,Dias de Fogaça
2165,Cafeteira,Philco,1,619.16,Eletroportáteis,2024-08-27,Arthur Alves,Nunes
2166,Micro-ondas,Brastemp,1,4782.66,Eletroportáteis,2024-12-10,Isadora da Mata,Souza
2167,Micro-ondas,Consul,1,5210.64,Eletroportáteis,2024-04-03,Daniel Almeida,Cardoso Alegre
2168,Liquidificador,Brastemp,2,1461.53,Eletroportáteis,2025-06-23,Luiz Henrique Peixoto,Jesus
2169,Máquina de Lavar,Electrolux,2,3476.85,Linha Branca,2024-12-17,Dr. Pedro da Cunha,Silva de Minas
2170,Liquidificador,Samsung,4,2854.07,Eletroportáteis,2024-10-26,Caio da Mata,Costela do Amparo
2171,Secadora,Panasonic,4,3899.24,Linha Branca,2024-07-09,Evelyn Cavalcanti,Pinto de Mendes
2172,Secadora,Consul,4,5978.93,Linha Branca,2025-02-27,Maria Julia Ferreira,Lima da Mata
2173,Televisão,LG,3,370.07,Eletrônicos,2024-11-10,Eduarda Novaes,das Neves de Vieira
2174,Máquina de Lavar,Samsung,5,4701.65,Linha Branca,2024-10-06,Ana Julia Viana,Freitas de Novaes
2175,Micro-ondas,LG,2,4696.42,Eletroportáteis,2023-11-30,Carolina Gomes,Ramos Grande
2176,Ar-Condicionado,Mondial,2,5176.21,Climatização,2024-06-21,Dra. Laura Monteiro,Barbosa
2177,Ar-Condicionado,Electrolux,3,4475.6,Climatização,2023-08-18,Bruna Souza,Melo de Correia
2178,Micro-ondas,Brastemp,3,2229.24,Eletroportáteis,2025-06-21,Ryan Porto,Costa
2179,Cafeteira,Mondial,1,1350.01,Eletroportáteis,2023-08-31,Davi Luiz Nunes,Martins
2180,Cafeteira,Philco,2,674.83,Eletroportáteis,2025-06-20,Srta. Maria Clara da Cruz,Aragão do Sul
2181,Cafeteira,Samsung,5,3615.36,Eletroportáteis,2023-09-17,Pedro Lucas Duarte,Mendes
2182,Liquidificador,Mondial,2,3217.45,Eletroportáteis,2024-11-11,Dra. Ana Laura da Paz,Gonçalves
2183,Cafeteira,Mondial,5,5076.85,Eletroportáteis,2024-07-15,Antônio Ramos,Azevedo
2184,Geladeira,Philco,5,1541.09,Linha Branca,2023-10-15,Alice Nascimento,das Neves de Castro
2185,Máquina de Lavar,LG,4,974.96,Linha Branca,2024-09-25,Alice Costa,Teixeira
2186,Televisão,Samsung,3,3474.49,Eletrônicos,2024-05-14,Dra. Isabella Nascimento,da Cruz
2187,Micro-ondas,Midea,2,4365.09,Eletroportáteis,2024-08-01,Isaac Vieira,Costela das Pedras
2188,Ar-Condicionado,Samsung,5,3324.66,Climatização,2025-02-26,Luigi Rocha,Pires
2189,Fogão,Brastemp,4,2099.01,Linha Branca,2023-10-30,Ana Vitória Porto,Cardoso
2190,Fogão,Midea,5,5142.73,Linha Branca,2023-09-24,Lara Freitas,da Cruz
2191,Máquina de Lavar,Electrolux,4,5664.92,Linha Branca,2024-09-26,Clarice Carvalho,Ferreira da Praia
2192,Secadora,Brastemp,1,1297.19,Linha Branca,2023-12-01,Maitê Novaes,Sales
2193,Fogão,Samsung,5,2227.68,Linha Branca,2025-03-11,Brenda Cardoso,Novaes
2194,Fogão,Midea,4,2802.26,Linha Branca,2023-12-28,Maria Alice Mendes,Aragão de Minas
2195,Geladeira,Mondial,3,5375.29,Linha Branca,2023-10-25,Sr. Bryan Viana,Gonçalves de das Neves
2196,Aspirador de Pó,Mondial,3,1687.67,Eletroportáteis,2024-05-29,Pedro Miguel Moraes,Sales da Mata
2197,Cafeteira,Panasonic,2,4522.88,Eletroportáteis,2024-03-16,Ana Vitória da Conceição,Oliveira Verde
2198,Ar-Condicionado,Britânia,2,3425.54,Climatização,2025-01-02,Davi Lucas da Luz,Moura da Serra
2199,Secadora,Consul,4,375.51,Linha Branca,2025-04-11,Sra. Cecília Cunha,Campos
2200,Liquidificador,Electrolux,5,2133.39,Eletroportáteis,2025-03-10,Maria Julia das Neves,Barros
2201,Ar-Condicionado,Brastemp,2,5503.98,Climatização,2023-10-07,Caio Cavalcanti,da Rocha Grande
2202,Máquina de Lavar,Britânia,5,4183.66,Linha Branca,2024-04-22,Dra. Yasmin Azevedo,Barros do Amparo
2203,Máquina de Lavar,Electrolux,2,4418.05,Linha Branca,2025-02-05,Emanuella da Luz,da Cruz dos Dourados
2204,Fogão,Midea,4,2176.57,Linha Branca,2025-02-08,Ana Vitória Teixeira,Silva
2205,Geladeira,Brastemp,2,5314.76,Linha Branca,2023-07-19,João Santos,Nascimento das Flores
2206,Ar-Condicionado,Mondial,1,4686.62,Climatização,2023-09-02,Daniel Peixoto,Melo
2207,Cafeteira,Midea,4,792.76,Eletroportáteis,2023-09-18,Ana Vitória Nunes,Lopes das Pedras
2208,Ar-Condicionado,Britânia,2,2508.34,Climatização,2023-09-14,Maria Clara Moura,Vieira da Serra
2209,Micro-ondas,Britânia,4,2909.07,Eletroportáteis,2023-12-30,Enzo Gabriel Costela,Silva Grande
2210,Geladeira,LG,1,3692.38,Linha Branca,2025-03-21,Olivia da Mata,Caldeira das Pedras
2211,Micro-ondas,Britânia,2,1880.42,Eletroportáteis,2024-01-27,Nathan Souza,Pereira de Araújo
2212,Geladeira,LG,4,701.86,Linha Branca,2023-07-18,Juan Pinto,Nunes de Dias
2213,Cafeteira,Samsung,5,4231.2,Eletroportáteis,2024-02-12,Pietro Moreira,da Cruz do Oeste
2214,Aspirador de Pó,Brastemp,3,2364.73,Eletroportáteis,2024-03-22,Paulo Pires,Ramos de Barros
2215,Máquina de Lavar,Consul,2,3284.38,Linha Branca,2023-07-23,Marcelo da Costa,da Cruz de Minas
2216,Aspirador de Pó,Mondial,2,425.13,Eletroportáteis,2024-06-23,Enzo Gabriel Barros,da Rocha da Praia
2217,Cafeteira,Brastemp,1,2316.48,Eletroportáteis,2024-10-07,Dra. Maria Julia Fogaça,Lima de Barbosa
2218,Liquidificador,Philco,1,870.1,Eletroportáteis,2024-04-05,Enzo Gabriel Viana,Porto do Sul
2219,Liquidificador,Panasonic,3,5104.16,Eletroportáteis,2024-04-12,Eloah da Cunha,Teixeira
2220,Fogão,Philco,4,4866.42,Linha Branca,2024-03-06,Ana Carolina Campos,Carvalho
2221,Ar-Condicionado,Samsung,1,2139.49,Climatização,2025-02-03,Sr. Paulo da Rosa,Porto do Campo
2222,Micro-ondas,LG,4,5269.25,Eletroportáteis,2023-09-06,Milena Cardoso,Monteiro
2223,Secadora,Samsung,3,3248.46,Linha Branca,2023-09-16,Alice Fernandes,Monteiro
2224,Liquidificador,Consul,5,5605.19,Eletroportáteis,2024-02-21,Lucca da Costa,Vieira
2225,Micro-ondas,Brastemp,2,942.91,Eletroportáteis,2025-06-21,Dr. Gabriel Porto,Cardoso
2226,Máquina de Lavar,Philco,4,2754.52,Linha Branca,2024-06-08,Luna Peixoto,Ferreira
2227,Televisão,Brastemp,1,1591.05,Eletrônicos,2024-04-03,Enzo Castro,Correia Alegre
2228,Ar-Condicionado,Samsung,5,2657.54,Climatização,2025-07-07,João Gabriel da Mota,Cunha
2229,Liquidificador,Electrolux,3,4684.04,Eletroportáteis,2024-03-06,João Rodrigues,Moreira
2230,Liquidificador,LG,3,4619.29,Eletroportáteis,2023-10-08,Vitor Gabriel Pires,Cardoso
2231,Micro-ondas,Panasonic,2,3680.13,Eletroportáteis,2024-07-01,Giovanna Mendes,Caldeira dos Dourados
2232,Micro-ondas,LG,2,3981.77,Eletroportáteis,2023-09-25,Bruno Fogaça,Farias dos Dourados
2233,Televisão,Panasonic,3,470.39,Eletrônicos,2023-09-30,Bernardo da Rosa,Gomes
2234,Aspirador de Pó,Mondial,4,3335.96,Eletroportáteis,2024-07-01,Dra. Agatha Almeida,Gomes do Oeste
2235,Máquina de Lavar,LG,1,1983.08,Linha Branca,2024-03-11,Srta. Cecília Martins,Costela do Oeste
2236,Máquina de Lavar,Panasonic,2,2204.3,Linha Branca,2023-10-05,Sarah da Conceição,Vieira do Amparo
2237,Ar-Condicionado,Mondial,2,1078.7,Climatização,2025-01-31,Maria Luiza Castro,Aragão
2238,Máquina de Lavar,Panasonic,4,1421.15,Linha Branca,2024-02-03,Larissa Silveira,Barros da Serra
2239,Televisão,Philco,5,5683.41,Eletrônicos,2024-09-26,Dra. Alexia Azevedo,Cunha
2240,Micro-ondas,Brastemp,3,3293.33,Eletroportáteis,2023-08-24,Sofia Lopes,Rodrigues
2241,Liquidificador,Brastemp,4,1955.21,Eletroportáteis,2024-03-05,Heitor Barbosa,da Luz da Serra
2242,Geladeira,Samsung,1,4366.95,Linha Branca,2024-07-27,Dr. Eduardo Barros,Silva do Oeste
2243,Máquina de Lavar,Consul,4,5787.05,Linha Branca,2024-08-08,Emanuel Peixoto,Caldeira
2244,Liquidificador,Consul,2,884.42,Eletroportáteis,2025-06-25,Emanuel Costela,Vieira de Goiás
2245,Fogão,Consul,5,368.42,Linha Branca,2023-07-13,Emanuella Monteiro,Duarte
2246,Cafeteira,Electrolux,4,2515.59,Eletroportáteis,2023-11-17,Diogo Ribeiro,Rocha Grande
2247,Televisão,Britânia,2,4349.05,Eletrônicos,2023-12-21,Lucca Souza,Rezende
2248,Geladeira,Philco,5,1368.35,Linha Branca,2024-04-29,Brenda Ramos,Gomes do Amparo
2249,Secadora,Philco,3,2754.83,Linha Branca,2025-03-14,Maria Vitória da Mata,Carvalho de Goiás
2250,Geladeira,Mondial,2,4444.69,Linha Branca,2023-12-14,Sra. Catarina Sales,Barros
2251,Fogão,Brastemp,2,1241.33,Linha Branca,2023-10-30,Pedro Henrique Lopes,Castro
2252,Liquidificador,Panasonic,3,4290.43,Eletroportáteis,2025-01-12,Igor Correia,Rodrigues de da Conceição
2253,Geladeira,Samsung,5,1724.04,Linha Branca,2024-12-15,André Jesus,Araújo da Prata
2254,Cafeteira,Consul,5,923.46,Eletroportáteis,2023-10-01,Eduarda da Mata,Fernandes Verde
2255,Televisão,Brastemp,2,3744.57,Eletrônicos,2025-06-19,Dr. Enzo Cardoso,Cunha Paulista
2256,Televisão,Electrolux,5,1977.5,Eletrônicos,2024-11-08,Helena Caldeira,Pereira
2257,Geladeira,Midea,1,4464.71,Linha Branca,2025-02-15,Luigi da Rocha,das Neves
2258,Ar-Condicionado,Mondial,1,1119.61,Climatização,2024-10-26,Dra. Caroline Costa,Azevedo do Galho
2259,Aspirador de Pó,Philco,4,1048.22,Eletroportáteis,2024-09-27,Calebe da Cruz,da Mota
2260,Cafeteira,Consul,2,1805.85,Eletroportáteis,2023-09-19,Lorenzo Cardoso,Cavalcanti
2261,Ar-Condicionado,LG,2,494.98,Climatização,2025-03-16,Davi Lucas Oliveira,Gomes
2262,Geladeira,Philco,1,2972.42,Linha Branca,2025-03-24,Sra. Emilly Fernandes,Martins
2263,Máquina de Lavar,Mondial,4,620.91,Linha Branca,2024-03-23,Noah Gomes,Martins de Silva
2264,Televisão,Mondial,5,3118.3,Eletrônicos,2024-12-08,Diego Freitas,Rezende Alegre
2265,Secadora,Midea,2,4449.64,Linha Branca,2023-10-03,Kaique da Conceição,da Costa da Prata
2266,Ar-Condicionado,Britânia,1,4383.26,Climatização,2024-06-14,Dr. Luiz Henrique Monteiro,Lopes Grande
2267,Cafeteira,Samsung,1,672.53,Eletroportáteis,2025-03-08,Maria Cecília Pires,Costela de Ferreira
2268,Secadora,Midea,4,2335.25,Linha Branca,2025-01-26,Raquel Cardoso,Aragão Verde
2269,Geladeira,Britânia,4,1504.38,Linha Branca,2025-07-10,Luiz Gustavo Pereira,Melo
2270,Cafeteira,Panasonic,5,1032.2,Eletroportáteis,2024-05-25,Maria Alice Teixeira,Almeida do Campo
2271,Aspirador de Pó,Consul,2,1413.88,Eletroportáteis,2023-09-17,Joaquim da Mata,Almeida
2272,Fogão,Britânia,3,661.09,Linha Branca,2023-08-04,Larissa Ferreira,Lopes
2273,Liquidificador,LG,1,3642.5,Eletroportáteis,2023-12-05,Gabrielly Santos,Nascimento do Campo
2274,Geladeira,LG,3,3510.42,Linha Branca,2023-10-13,Luiz Henrique Cardoso,da Rosa
2275,Cafeteira,Britânia,3,2492.2,Eletroportáteis,2024-02-05,Juliana Mendes,Gonçalves
2276,Aspirador de Pó,LG,4,4788.23,Eletroportáteis,2024-06-27,Miguel Campos,Nascimento de Rezende
2277,Liquidificador,LG,5,2138.18,Eletroportáteis,2023-09-28,Esther da Mata,Correia das Pedras
2278,Geladeira,Electrolux,2,4208.6,Linha Branca,2025-07-02,Larissa Novaes,Costa do Amparo
2279,Secadora,Midea,4,3617.05,Linha Branca,2025-06-29,Cauã Ferreira,Fernandes
2280,Liquidificador,Samsung,3,5562.71,Eletroportáteis,2024-08-07,Nicolas Pires,Nogueira das Flores
2281,Liquidificador,Midea,4,1432.13,Eletroportáteis,2024-03-04,Paulo Farias,Rocha das Pedras
2282,Televisão,Philco,4,4296.59,Eletrônicos,2024-11-06,Srta. Alana da Cunha,Azevedo
2283,Ar-Condicionado,Britânia,4,4296.39,Climatização,2024-11-17,Emilly Moraes,Pinto de Caldeira
2284,Aspirador de Pó,Samsung,4,4538.31,Eletroportáteis,2025-04-16,Luiz Fernando Vieira,Moraes da Serra
2285,Cafeteira,Consul,5,4731.42,Eletroportáteis,2023-12-21,Nathan Carvalho,Rezende
2286,Secadora,Britânia,5,2014.33,Linha Branca,2024-12-01,João Lucas Mendes,da Cunha
2287,Ar-Condicionado,Britânia,5,3643.64,Climatização,2024-02-22,Mariane da Conceição,das Neves
2288,Secadora,Samsung,4,3666.96,Linha Branca,2024-12-26,Dra. Manuela Cardoso,Dias das Flores
2289,Geladeira,Panasonic,1,4953.08,Linha Branca,2024-01-01,Gabriela Farias,Cavalcanti
2290,Micro-ondas,Midea,2,3369.35,Eletroportáteis,2025-03-01,Elisa Costa,Nascimento do Galho
2291,Aspirador de Pó,Philco,4,4631.15,Eletroportáteis,2024-11-17,Marcos Vinicius Cardoso,Cardoso
2292,Máquina de Lavar,Mondial,5,4871.98,Linha Branca,2024-08-07,Samuel Gonçalves,Almeida Paulista
2293,Geladeira,Samsung,3,2880.27,Linha Branca,2025-02-02,Marcelo Araújo,Rodrigues do Campo
2294,Máquina de Lavar,Britânia,2,4044.58,Linha Branca,2025-06-17,Murilo Dias,Cardoso da Prata
2295,Ar-Condicionado,Mondial,2,248.81,Climatização,2024-11-10,Maria Cecília Pereira,Almeida de Azevedo
2296,Fogão,Samsung,2,2517.98,Linha Branca,2024-05-19,Cauê Porto,Azevedo das Pedras
2297,Geladeira,Midea,4,2601.16,Linha Branca,2024-08-25,Murilo Dias,Rezende dos Dourados
2298,Televisão,Brastemp,5,3300.07,Eletrônicos,2024-11-23,Maria Cecília Cavalcanti,Barbosa
2299,Micro-ondas,Electrolux,4,2620.36,Eletroportáteis,2024-06-23,Cauã Castro,da Paz do Galho
2300,Máquina de Lavar,Panasonic,2,3966.51,Linha Branca,2023-08-10,Isis Sales,Barros de Goiás
2301,Liquidificador,Panasonic,5,2459.35,Eletroportáteis,2024-05-22,Sra. Luana Santos,Nunes de Goiás
2302,Cafeteira,Brastemp,5,742.77,Eletroportáteis,2024-06-17,Nicolas Pinto,Costa
2303,Liquidificador,Midea,5,2216.64,Eletroportáteis,2023-11-22,Sarah Peixoto,Santos
2304,Televisão,Electrolux,3,3531.28,Eletrônicos,2023-11-22,Heitor Souza,da Conceição da Mata
2305,Secadora,Consul,1,1686.45,Linha Branca,2024-01-08,Davi Lucca Azevedo,Costela da Praia
2306,Ar-Condicionado,LG,3,2430.29,Climatização,2024-07-07,Pedro Lucas Oliveira,Costa Alegre
2307,Secadora,Midea,5,4147.83,Linha Branca,2024-12-01,Davi Lucca Moura,Martins
2308,Ar-Condicionado,Panasonic,1,791.04,Climatização,2024-07-23,Vitor Gabriel Nascimento,Oliveira
2309,Televisão,Mondial,5,1749.62,Eletrônicos,2023-11-05,Miguel Jesus,Cardoso do Campo
2310,Televisão,Samsung,4,3976.24,Eletrônicos,2024-05-14,Ana Sophia Novaes,Teixeira
2311,Televisão,Midea,5,4997.76,Eletrônicos,2024-11-27,Fernanda Souza,Ribeiro do Amparo
2312,Fogão,Brastemp,4,5599.93,Linha Branca,2025-02-19,Emanuelly Costa,Gomes
2313,Máquina de Lavar,LG,1,3734.3,Linha Branca,2024-01-22,João Miguel Azevedo,Freitas de Goiás
2314,Secadora,Britânia,5,2471.02,Linha Branca,2025-05-24,Clara Sales,Freitas do Amparo
2315,Secadora,Consul,4,5415.02,Linha Branca,2024-02-15,Natália Ferreira,Carvalho
2316,Secadora,Electrolux,4,2729.46,Linha Branca,2025-04-26,Erick Campos,Viana de Goiás
2317,Secadora,Consul,4,1514.43,Linha Branca,2024-01-25,Dr. Renan Ferreira,Nascimento
2318,Ar-Condicionado,LG,3,2246.64,Climatização,2023-07-18,Eduardo Pinto,da Cunha
2319,Secadora,Electrolux,1,2203.98,Linha Branca,2024-08-03,Luiza da Rocha,Rezende Verde
2320,Geladeira,Panasonic,3,4967.77,Linha Branca,2024-01-30,Dra. Alana da Mota,Campos
2321,Aspirador de Pó,Samsung,3,1874.38,Eletroportáteis,2024-04-16,Danilo Moraes,Costela
2322,Máquina de Lavar,Mondial,5,5384.24,Linha Branca,2023-12-13,Renan Peixoto,Pinto
2323,Ar-Condicionado,Brastemp,2,1629.1,Climatização,2024-10-05,Nicole Araújo,Gomes da Mata
2324,Fogão,Electrolux,5,2088.4,Linha Branca,2024-04-22,Matheus Nogueira,Souza
2325,Liquidificador,Electrolux,4,439.04,Eletroportáteis,2024-03-09,Vitor Rocha,Castro Verde
2326,Máquina de Lavar,Electrolux,3,1544.95,Linha Branca,2025-04-03,Enrico Freitas,Viana
2327,Micro-ondas,Samsung,1,751.92,Eletroportáteis,2023-10-20,Luiz Miguel Caldeira,Ramos
2328,Micro-ondas,Electrolux,3,4947.08,Eletroportáteis,2023-12-08,Isabella Azevedo,Silveira
2329,Ar-Condicionado,Britânia,3,3897.89,Climatização,2025-05-22,Letícia Monteiro,da Mata
2330,Fogão,Samsung,5,1549.23,Linha Branca,2024-10-18,Bárbara Gonçalves,Vieira do Oeste
2331,Televisão,Mondial,3,5835.65,Eletrônicos,2024-02-17,Giovanna Lopes,da Mota
2332,Aspirador de Pó,Consul,3,1285.2,Eletroportáteis,2024-12-03,Sarah da Cruz,Ferreira
2333,Máquina de Lavar,Samsung,2,5206.78,Linha Branca,2024-01-09,Maria Alice Fogaça,Ferreira das Flores
2334,Micro-ondas,Samsung,3,3865.57,Eletroportáteis,2023-09-28,Kaique Moreira,Rezende do Amparo
2335,Máquina de Lavar,Samsung,1,3083.21,Linha Branca,2023-10-21,Dr. Calebe da Mata,Correia
2336,Fogão,Mondial,4,1307.36,Linha Branca,2024-12-29,Clarice Teixeira,Aragão da Prata
2337,Geladeira,Electrolux,1,3726.87,Linha Branca,2024-04-09,Maria Clara Porto,Ramos do Campo
2338,Fogão,Mondial,1,1815.32,Linha Branca,2025-05-01,Gabrielly Cardoso,Jesus
2339,Televisão,Brastemp,3,4459.01,Eletrônicos,2024-07-22,Dr. Raul Freitas,Vieira
2340,Cafeteira,Consul,2,4526.96,Eletroportáteis,2024-11-13,Cauã Gomes,Cardoso de Almeida
2341,Liquidificador,LG,2,3047.38,Eletroportáteis,2024-10-05,Isabel Melo,Cavalcanti
2342,Televisão,Panasonic,3,2190.43,Eletrônicos,2023-09-01,Renan Gomes,da Paz da Mata
2343,Fogão,Electrolux,3,4141.65,Linha Branca,2025-03-26,Alexia Silveira,Moraes do Oeste
2344,Máquina de Lavar,Midea,2,1917.67,Linha Branca,2025-01-19,Isadora Viana,Ramos
2345,Cafeteira,Britânia,4,1838.74,Eletroportáteis,2024-04-08,Pedro Henrique Gonçalves,Oliveira
2346,Aspirador de Pó,Mondial,1,2411.99,Eletroportáteis,2023-08-29,Renan da Mota,Martins
2347,Micro-ondas,Britânia,5,2990.46,Eletroportáteis,2025-03-26,Marcos Vinicius Moura,Castro Paulista
2348,Máquina de Lavar,Britânia,2,2994.34,Linha Branca,2024-12-08,Dra. Lorena Freitas,Azevedo dos Dourados
2349,Fogão,Philco,2,950.96,Linha Branca,2023-08-01,Sabrina Araújo,Pinto Grande
2350,Máquina de Lavar,Electrolux,1,1423.84,Linha Branca,2024-01-15,Cecília Pereira,Novaes de Goiás
2351,Máquina de Lavar,Electrolux,1,3900.92,Linha Branca,2025-07-02,Dra. Maria Aragão,Moraes
2352,Aspirador de Pó,Brastemp,1,4133.18,Eletroportáteis,2025-06-19,Pedro da Luz,Araújo
2353,Liquidificador,LG,4,5784.06,Eletroportáteis,2023-11-09,Dr. João Novaes,Dias de Duarte
2354,Cafeteira,Philco,2,1092.24,Eletroportáteis,2025-04-22,Eduarda Aragão,Sales
2355,Micro-ondas,Brastemp,5,5369.95,Eletroportáteis,2024-04-24,Sra. Laura da Cunha,da Rosa de Goiás
2356,Secadora,Midea,1,2352.95,Linha Branca,2025-01-07,Davi Lucas Nunes,Moreira de Jesus
2357,Micro-ondas,Midea,3,1884.99,Eletroportáteis,2024-09-28,Emanuelly Cardoso,Peixoto
2358,Televisão,Consul,3,511.05,Eletrônicos,2025-05-29,Emanuel Sales,Ribeiro Paulista
2359,Cafeteira,Philco,4,3958.97,Eletroportáteis,2024-04-30,Clara da Paz,Correia Grande
2360,Micro-ondas,Mondial,1,619.91,Eletroportáteis,2023-09-03,Ana Luiza Cavalcanti,Melo
2361,Cafeteira,Brastemp,2,4010.72,Eletroportáteis,2023-11-23,Caroline Santos,Rezende de Ramos
2362,Televisão,Samsung,3,2918.87,Eletrônicos,2024-12-16,Gustavo Henrique Peixoto,Novaes
2363,Aspirador de Pó,Britânia,1,3733.24,Eletroportáteis,2024-02-02,Juan Gonçalves,Carvalho do Sul
2364,Geladeira,Britânia,5,3816.05,Linha Branca,2024-09-26,Caio Freitas,Nascimento
2365,Geladeira,Midea,4,3736.72,Linha Branca,2025-05-09,Rafaela Silva,Caldeira do Galho
2366,Aspirador de Pó,Panasonic,2,4522.5,Eletroportáteis,2025-01-06,Agatha Duarte,Gonçalves de Melo
2367,Ar-Condicionado,Britânia,4,1323.65,Climatização,2023-10-29,Davi Lucas Cavalcanti,Rodrigues
2368,Liquidificador,Brastemp,4,1395.09,Eletroportáteis,2025-01-24,Theo Barbosa,Fogaça Paulista
2369,Ar-Condicionado,Mondial,5,4000.84,Climatização,2025-05-09,Pedro Miguel Silva,da Conceição
2370,Televisão,Philco,5,596.06,Eletrônicos,2025-05-13,Ana Vitória Jesus,Aragão do Sul
2371,Geladeira,Britânia,3,5425.01,Linha Branca,2024-08-13,Sr. Heitor Melo,Gonçalves
2372,Fogão,Electrolux,3,3328.02,Linha Branca,2024-06-30,Dr. Bernardo da Costa,Cunha
2373,Ar-Condicionado,Mondial,2,4520.55,Climatização,2024-03-15,Dra. Helena Almeida,Cunha da Praia
2374,Aspirador de Pó,Midea,1,3799.65,Eletroportáteis,2024-11-30,Laura Duarte,Silveira
2375,Secadora,Mondial,4,1464.22,Linha Branca,2024-09-22,Mirella da Mota,Santos
2376,Fogão,Britânia,2,2716.0,Linha Branca,2024-07-28,Sra. Camila Correia,Viana de Martins
2377,Aspirador de Pó,Midea,2,5376.44,Eletroportáteis,2024-03-27,Isis Sales,Ramos
2378,Máquina de Lavar,Midea,5,3643.14,Linha Branca,2023-12-15,Thomas Costela,Correia da Mata
2379,Televisão,Mondial,2,1125.91,Eletrônicos,2025-06-06,Theo Farias,Pires
2380,Televisão,Midea,4,3592.49,Eletrônicos,2024-05-25,Ana Carolina Monteiro,Lima das Flores
2381,Máquina de Lavar,Midea,4,2249.28,Linha Branca,2025-06-17,Ana Sophia Silva,Gonçalves dos Dourados
2382,Cafeteira,Electrolux,5,1286.2,Eletroportáteis,2023-07-12,Eduarda Duarte,Fogaça
2383,Geladeira,Brastemp,5,3008.5,Linha Branca,2024-11-06,João Felipe Barbosa,Santos
2384,Televisão,LG,4,3872.93,Eletrônicos,2025-01-04,Ana Carolina Silveira,Nascimento
2385,Ar-Condicionado,Samsung,1,4538.37,Climatização,2023-07-24,Marcela Caldeira,Costa
2386,Liquidificador,Britânia,2,3449.53,Eletroportáteis,2025-06-11,Maria Eduarda Nunes,da Mota de Moraes
2387,Geladeira,Consul,5,4476.62,Linha Branca,2024-04-21,Lucas Moreira,Porto de Lopes
2388,Secadora,Electrolux,3,5510.62,Linha Branca,2024-05-04,Evelyn Nogueira,Nascimento
2389,Liquidificador,Consul,3,3895.19,Eletroportáteis,2024-04-15,Rafaela Duarte,Rezende
2390,Secadora,Britânia,2,1782.07,Linha Branca,2025-05-29,Juliana Santos,Souza
2391,Micro-ondas,Panasonic,4,5711.89,Eletroportáteis,2024-11-19,Júlia Moreira,da Mota
2392,Secadora,Philco,1,4551.15,Linha Branca,2025-02-23,Eloah Silva,Santos de Peixoto
2393,Aspirador de Pó,Britânia,4,1287.73,Eletroportáteis,2023-10-07,Luigi da Rocha,Martins do Galho
2394,Liquidificador,Panasonic,4,1250.18,Eletroportáteis,2024-07-08,Dr. Yago Rodrigues,da Rocha da Mata
2395,Cafeteira,Mondial,1,2898.57,Eletroportáteis,2025-02-26,Enzo Gabriel Monteiro,da Cunha
2396,Ar-Condicionado,Midea,5,1837.2,Climatização,2024-07-08,Isaac da Cunha,Novaes dos Dourados
2397,Fogão,Midea,4,1424.36,Linha Branca,2024-06-20,Beatriz da Rocha,Cardoso Paulista
2398,Liquidificador,Samsung,5,5228.9,Eletroportáteis,2024-04-07,Theo Monteiro,Castro da Praia
2399,Secadora,Consul,2,5863.96,Linha Branca,2025-05-11,Bryan Araújo,Sales
2400,Ar-Condicionado,Britânia,3,5711.77,Climatização,2023-07-30,Rafaela Fogaça,Duarte
2401,Geladeira,Consul,4,3623.27,Linha Branca,2024-06-07,Sra. Maria Eduarda da Conceição,Lima
2402,Geladeira,Panasonic,5,245.47,Linha Branca,2025-06-06,Dr. Luiz Henrique Carvalho,da Mota
2403,Televisão,Britânia,3,4589.28,Eletrônicos,2023-10-28,Bruna Duarte,Ramos Verde
2404,Máquina de Lavar,Electrolux,5,4002.03,Linha Branca,2024-03-25,Melissa Santos,Silveira Alegre
2405,Máquina de Lavar,Britânia,1,3500.23,Linha Branca,2025-01-20,Daniela Lopes,Monteiro Verde
2406,Secadora,Midea,1,4816.72,Linha Branca,2024-11-30,Yuri Aragão,Silva do Oeste
2407,Cafeteira,Consul,5,1665.29,Eletroportáteis,2025-01-18,Maria Clara Mendes,Teixeira
2408,Micro-ondas,Midea,5,1538.99,Eletroportáteis,2024-05-04,Carlos Eduardo Castro,Almeida
2409,Aspirador de Pó,Philco,4,2097.5,Eletroportáteis,2024-08-05,Raquel Viana,da Conceição das Pedras
2410,Máquina de Lavar,Panasonic,5,5551.06,Linha Branca,2024-07-04,Bruno Silveira,Aragão
2411,Cafeteira,Philco,5,900.3,Eletroportáteis,2024-02-03,Vitor Gabriel Gonçalves,Almeida
2412,Geladeira,Mondial,2,5553.46,Linha Branca,2023-11-22,Paulo Silva,Novaes de Moraes
2413,Micro-ondas,Electrolux,5,4053.35,Eletroportáteis,2024-03-01,Isis Ribeiro,Aragão
2414,Secadora,Midea,2,1967.38,Linha Branca,2025-01-04,Ian Pinto,Cavalcanti
2415,Geladeira,Consul,4,2913.74,Linha Branca,2023-11-09,Vitória Martins,Farias
2416,Máquina de Lavar,Electrolux,4,733.82,Linha Branca,2024-10-20,Sophia da Costa,Araújo do Amparo
2417,Geladeira,Philco,3,311.93,Linha Branca,2025-06-09,Agatha Gomes,Correia de Freitas
2418,Micro-ondas,Midea,1,3774.57,Eletroportáteis,2023-10-25,Luiz Miguel da Rocha,Pires da Mata
2419,Geladeira,Panasonic,3,3442.49,Linha Branca,2025-06-18,Helena Oliveira,Ribeiro
2420,Micro-ondas,Midea,3,2607.02,Eletroportáteis,2025-02-19,Thales Cavalcanti,Moura Alegre
2421,Secadora,Consul,3,973.96,Linha Branca,2024-04-17,Sabrina da Rosa,Cunha
2422,Aspirador de Pó,Britânia,5,4639.15,Eletroportáteis,2023-08-31,Pedro Lucas Oliveira,Barbosa
2423,Liquidificador,Mondial,4,3105.06,Eletroportáteis,2024-06-28,Enzo Gabriel Sales,Rezende
2424,Secadora,Brastemp,3,4259.69,Linha Branca,2024-11-09,Letícia Rezende,Costa da Prata
2425,Aspirador de Pó,Britânia,3,1947.71,Eletroportáteis,2024-04-21,Ana Clara Aragão,Barbosa do Galho
2426,Máquina de Lavar,LG,5,5581.24,Linha Branca,2025-01-03,Leonardo Moura,Costela
2427,Cafeteira,Midea,1,3805.02,Eletroportáteis,2024-01-03,Yasmin Aragão,Silva
2428,Fogão,Mondial,2,2178.32,Linha Branca,2025-04-12,Sr. Cauã da Cunha,Dias dos Dourados
2429,Máquina de Lavar,Consul,1,3102.06,Linha Branca,2024-10-21,Larissa Peixoto,Monteiro
2430,Aspirador de Pó,Panasonic,2,2283.46,Eletroportáteis,2024-07-30,Pedro Henrique Almeida,das Neves
2431,Micro-ondas,Britânia,3,5070.79,Eletroportáteis,2024-05-24,Letícia da Cunha,Carvalho dos Dourados
2432,Aspirador de Pó,Samsung,1,2549.4,Eletroportáteis,2023-11-05,Letícia Monteiro,Oliveira de Lima
2433,Cafeteira,Brastemp,2,880.61,Eletroportáteis,2024-09-19,Lucca Viana,Mendes
2434,Liquidificador,Electrolux,5,1311.34,Eletroportáteis,2023-10-18,Srta. Sarah Barbosa,Moraes
2435,Liquidificador,Britânia,1,3238.62,Eletroportáteis,2024-08-24,Clarice da Mata,Sales do Sul
2436,Aspirador de Pó,Mondial,2,2988.81,Eletroportáteis,2025-03-06,Vinicius Fogaça,das Neves da Serra
2437,Máquina de Lavar,LG,1,4855.33,Linha Branca,2024-01-13,Sr. Heitor Alves,Ramos Paulista
2438,Micro-ondas,LG,1,685.05,Eletroportáteis,2024-05-28,Sarah Moraes,Teixeira
2439,Ar-Condicionado,Panasonic,5,703.8,Climatização,2025-03-25,João Guilherme Pires,da Cunha de Pires
2440,Micro-ondas,Midea,4,1374.81,Eletroportáteis,2024-10-06,Levi da Cunha,da Costa Paulista
2441,Fogão,Consul,5,1471.59,Linha Branca,2024-11-15,Emanuel Pereira,Barbosa de Goiás
2442,Aspirador de Pó,Britânia,3,2633.87,Eletroportáteis,2024-08-10,Sra. Luiza Araújo,Gonçalves da Prata
2443,Geladeira,Mondial,5,5191.94,Linha Branca,2025-01-31,Benjamin da Mata,Cunha
2444,Fogão,Midea,2,4388.71,Linha Branca,2025-06-24,Joaquim da Rocha,Almeida
2445,Fogão,LG,3,4631.91,Linha Branca,2025-04-20,Davi Lucca Campos,Pinto
2446,Fogão,LG,3,1392.37,Linha Branca,2024-12-30,Luiz Henrique Cavalcanti,Cavalcanti do Oeste
2447,Fogão,Brastemp,1,3149.93,Linha Branca,2024-10-30,Rebeca Duarte,Nogueira de Cardoso
2448,Aspirador de Pó,Consul,3,1708.7,Eletroportáteis,2024-07-20,Maria Fernanda Lopes,Rocha
2449,Liquidificador,Philco,5,3426.68,Eletroportáteis,2023-08-07,Nicolas Carvalho,da Luz
2450,Ar-Condicionado,Philco,2,1248.52,Climatização,2024-04-21,Luiz Fernando Martins,Gonçalves da Praia
2451,Micro-ondas,Midea,3,3735.95,Eletroportáteis,2024-03-28,João Campos,Fogaça de Farias
2452,Cafeteira,Britânia,4,4698.27,Eletroportáteis,2025-01-22,Lavínia da Mota,Silva do Galho
2453,Ar-Condicionado,Brastemp,1,518.4,Climatização,2024-08-20,Mirella da Cruz,Duarte
2454,Cafeteira,Britânia,2,3130.63,Eletroportáteis,2023-12-15,Enzo Gabriel das Neves,Monteiro de Martins
2455,Ar-Condicionado,Mondial,3,3052.47,Climatização,2025-03-17,Erick da Costa,Rezende da Serra
2456,Liquidificador,Consul,4,1822.26,Eletroportáteis,2023-08-31,Samuel Sales,da Conceição das Pedras
2457,Geladeira,Philco,5,1684.16,Linha Branca,2023-11-30,Dr. Emanuel Nascimento,Freitas
2458,Secadora,Mondial,1,1347.21,Linha Branca,2025-07-06,Luna Rodrigues,Jesus
2459,Fogão,Panasonic,4,4186.03,Linha Branca,2024-04-16,Sra. Heloísa Azevedo,Almeida
2460,Geladeira,Electrolux,2,4570.05,Linha Branca,2024-02-07,Nathan Monteiro,Azevedo
2461,Televisão,Britânia,2,331.24,Eletrônicos,2025-04-13,Diogo Cardoso,Cardoso do Galho
2462,Geladeira,LG,3,5589.12,Linha Branca,2025-07-03,Henrique Teixeira,Duarte de Araújo
2463,Máquina de Lavar,Electrolux,4,1015.83,Linha Branca,2023-11-01,Sra. Giovanna Freitas,Carvalho
2464,Secadora,LG,2,1431.73,Linha Branca,2025-04-19,Melissa da Rosa,Nogueira
2465,Ar-Condicionado,Britânia,1,4179.25,Climatização,2024-05-01,Enrico Oliveira,Silveira da Prata
2466,Ar-Condicionado,Britânia,5,5785.31,Climatização,2025-04-29,Bruno Santos,Lima
2467,Geladeira,Brastemp,3,4273.46,Linha Branca,2024-05-24,João Lucas Barros,Barros
2468,Secadora,Samsung,3,4703.93,Linha Branca,2024-02-14,Isadora Barbosa,Aragão
2469,Aspirador de Pó,Electrolux,4,3221.17,Eletroportáteis,2023-07-14,Lucas Gabriel Barros,Campos da Mata
2470,Micro-ondas,Britânia,4,3785.87,Eletroportáteis,2024-03-08,Lívia Gonçalves,Peixoto do Galho
2471,Liquidificador,Philco,4,4535.78,Eletroportáteis,2024-08-21,Luiz Miguel da Costa,Araújo
2472,Aspirador de Pó,Midea,1,5616.15,Eletroportáteis,2023-12-18,Melissa da Conceição,Cavalcanti das Pedras
2473,Fogão,Mondial,1,1563.89,Linha Branca,2023-07-20,Maria Julia Novaes,Rocha do Galho
2474,Fogão,Electrolux,3,604.36,Linha Branca,2024-03-09,Sr. Luigi Gonçalves,Nunes das Flores
2475,Geladeira,Midea,3,721.91,Linha Branca,2023-07-17,Alice Mendes,Barbosa
2476,Cafeteira,Samsung,3,3808.21,Eletroportáteis,2024-04-30,Diego Vieira,Ribeiro
2477,Liquidificador,Consul,5,5044.86,Eletroportáteis,2024-05-12,Murilo Rodrigues,Jesus
2478,Cafeteira,Samsung,1,837.96,Eletroportáteis,2023-12-05,Isabelly Teixeira,Caldeira da Praia
2479,Máquina de Lavar,Brastemp,4,4726.5,Linha Branca,2024-01-06,Rebeca Mendes,Pinto
2480,Máquina de Lavar,Electrolux,5,4667.1,Linha Branca,2024-03-03,Sra. Julia Moraes,Nogueira da Serra
2481,Liquidificador,Samsung,2,4722.98,Eletroportáteis,2025-01-07,Raquel Gonçalves,Nunes
2482,Máquina de Lavar,Electrolux,1,3988.66,Linha Branca,2024-02-08,Srta. Laura Cunha,Peixoto
2483,Secadora,Brastemp,4,4270.53,Linha Branca,2025-04-02,Ana Sophia Silveira,da Cunha de Goiás
2484,Ar-Condicionado,LG,4,3803.04,Climatização,2023-12-06,Bárbara Silva,Vieira
2485,Fogão,Philco,4,4630.66,Linha Branca,2025-04-26,Larissa Freitas,Santos
2486,Máquina de Lavar,Britânia,5,3077.08,Linha Branca,2024-04-21,Sra. Juliana Sales,Cavalcanti de Costa
2487,Geladeira,Midea,4,4605.05,Linha Branca,2024-11-24,Sarah Ramos,Silveira
2488,Máquina de Lavar,LG,5,299.7,Linha Branca,2024-07-02,Lívia Lopes,Sales de Goiás
2489,Fogão,Midea,1,3850.4,Linha Branca,2025-06-02,Davi Lucas Souza,Gomes
2490,Máquina de Lavar,Electrolux,5,5414.89,Linha Branca,2023-10-01,João Gabriel Almeida,Barbosa
2491,Secadora,Electrolux,2,3187.91,Linha Branca,2024-08-19,Sarah da Rocha,Alves da Prata
2492,Fogão,Mondial,2,761.45,Linha Branca,2024-10-10,Maria Luiza Cardoso,Fernandes
2493,Máquina de Lavar,Consul,4,485.65,Linha Branca,2024-09-05,Rafael Moreira,da Luz
2494,Cafeteira,Electrolux,5,719.15,Eletroportáteis,2025-03-22,Miguel Alves,Cunha
2495,Televisão,Panasonic,2,3692.8,Eletrônicos,2024-10-11,Erick da Paz,Souza Grande
2496,Máquina de Lavar,Samsung,4,3700.66,Linha Branca,2024-08-11,Marcela Alves,Caldeira de Mendes
2497,Liquidificador,Brastemp,3,4181.55,Eletroportáteis,2024-06-08,Davi da Mata,Teixeira do Campo
2498,Micro-ondas,Consul,5,311.6,Eletroportáteis,2025-02-04,Breno Vieira,Ferreira
2499,Ar-Condicionado,LG,2,5948.29,Climatização,2023-11-13,Enrico Araújo,Moraes Paulista
2500,Fogão,Consul,3,1244.79,Linha Branca,2024-05-22,Lívia Lopes,Castro
2501,Secadora,Panasonic,5,3764.68,Linha Branca,2024-01-11,Davi Luiz da Mata,Oliveira da Mata
2502,Geladeira,Midea,5,4091.99,Linha Branca,2023-07-25,Cecília da Luz,Correia
2503,Geladeira,Philco,1,2377.96,Linha Branca,2023-11-13,Antônio Cavalcanti,Viana das Flores
2504,Secadora,Midea,1,5396.84,Linha Branca,2025-01-27,Sra. Evelyn das Neves,Duarte
2505,Máquina de Lavar,Consul,4,2935.82,Linha Branca,2024-12-14,Lavínia Rodrigues,Alves
2506,Ar-Condicionado,Philco,5,4442.59,Climatização,2024-01-31,Juliana das Neves,Azevedo da Mata
2507,Fogão,Electrolux,4,1015.98,Linha Branca,2024-10-17,Sr. Vinicius Nunes,Melo
2508,Liquidificador,Brastemp,1,3114.11,Eletroportáteis,2023-08-20,Natália Costa,Porto Verde
2509,Geladeira,Philco,3,3720.91,Linha Branca,2023-09-06,Heloísa Correia,Cardoso
2510,Televisão,Brastemp,5,330.6,Eletrônicos,2025-02-24,Noah Pereira,Moura
2511,Fogão,Brastemp,3,991.46,Linha Branca,2025-04-22,Ana Júlia da Luz,Correia
2512,Cafeteira,Philco,1,409.6,Eletroportáteis,2023-08-11,Luiz Henrique Moura,Moraes do Campo
2513,Cafeteira,Philco,4,4601.33,Eletroportáteis,2023-11-03,Augusto Ramos,Moura
2514,Televisão,Brastemp,3,3715.32,Eletrônicos,2025-06-10,Dr. Benício Rodrigues,Viana
2515,Liquidificador,Consul,1,1175.83,Eletroportáteis,2024-02-07,Dra. Sarah Barros,Pires da Mata
2516,Geladeira,Samsung,4,2423.74,Linha Branca,2024-08-25,Nicole Silva,Monteiro Alegre
2517,Geladeira,Philco,5,298.06,Linha Branca,2024-12-30,Sr. Otávio Peixoto,Moura do Galho
2518,Micro-ondas,Mondial,2,3353.32,Eletroportáteis,2024-06-02,Melissa Freitas,Costa
2519,Liquidificador,Philco,3,1724.74,Eletroportáteis,2025-02-05,Danilo Farias,Rocha
2520,Televisão,Philco,4,2817.16,Eletrônicos,2024-05-16,João Felipe da Mota,Costa
2521,Liquidificador,Consul,1,2402.15,Eletroportáteis,2024-09-18,Caroline Costa,Peixoto Verde
2522,Cafeteira,Britânia,3,5342.4,Eletroportáteis,2024-11-06,Srta. Maitê Vieira,Rocha do Campo
2523,Máquina de Lavar,Midea,2,4568.31,Linha Branca,2023-12-06,Luiz Felipe Pires,da Costa das Pedras
2524,Máquina de Lavar,LG,2,851.65,Linha Branca,2025-04-24,Vitor Hugo Moraes,Araújo
2525,Micro-ondas,Consul,2,2038.29,Eletroportáteis,2024-01-28,Rafael Viana,Ferreira do Campo
2526,Ar-Condicionado,Brastemp,1,3411.26,Climatização,2024-09-29,Srta. Ana Beatriz da Rosa,Lopes
2527,Cafeteira,Consul,5,1232.03,Eletroportáteis,2024-05-22,Laura da Cruz,Correia
2528,Cafeteira,Mondial,5,3000.33,Eletroportáteis,2023-11-30,Gustavo Henrique Ribeiro,Cunha
2529,Liquidificador,Mondial,3,5443.22,Eletroportáteis,2023-10-04,Enzo Gabriel Cardoso,Araújo
2530,Ar-Condicionado,Panasonic,3,1620.22,Climatização,2024-12-13,Dra. Natália Correia,Costela do Galho
2531,Secadora,Philco,1,1008.97,Linha Branca,2023-10-12,Raquel Aragão,Viana do Sul
2532,Micro-ondas,Samsung,4,4607.66,Eletroportáteis,2024-10-16,Vitor Rezende,da Paz
2533,Máquina de Lavar,LG,2,4192.84,Linha Branca,2024-04-24,Dr. Luiz Fernando Cardoso,da Costa
2534,Geladeira,Mondial,1,5074.34,Linha Branca,2024-08-19,Dra. Catarina da Cunha,Costela do Amparo
2535,Cafeteira,Samsung,3,2792.65,Eletroportáteis,2024-09-17,Luigi Freitas,Correia Paulista
2536,Ar-Condicionado,Mondial,4,5573.64,Climatização,2024-07-07,Thomas Barros,da Mata
2537,Liquidificador,LG,2,3641.82,Eletroportáteis,2024-08-17,Lucca Barbosa,Aragão
2538,Fogão,Electrolux,1,1969.45,Linha Branca,2024-11-28,Ryan Costa,Cavalcanti
2539,Cafeteira,Electrolux,3,2835.36,Eletroportáteis,2024-04-11,Lara da Cunha,Nogueira
2540,Aspirador de Pó,Philco,2,1075.35,Eletroportáteis,2025-02-23,Otávio Teixeira,Aragão
2541,Micro-ondas,Panasonic,3,5396.57,Eletroportáteis,2023-12-17,Sabrina Melo,Aragão
2542,Geladeira,Electrolux,2,786.23,Linha Branca,2024-02-02,Srta. Maria Eduarda Ribeiro,Carvalho de Jesus
2543,Liquidificador,Consul,5,3336.08,Eletroportáteis,2024-02-23,Eloah da Mata,Nogueira de Ramos
2544,Aspirador de Pó,Mondial,2,940.85,Eletroportáteis,2023-08-13,Srta. Ana Julia Silva,Cardoso do Campo
2545,Cafeteira,LG,2,1629.36,Eletroportáteis,2024-01-21,Bryan Nascimento,Teixeira
2546,Geladeira,Panasonic,1,2933.39,Linha Branca,2023-12-30,Sra. Sarah Duarte,Silva
2547,Micro-ondas,Britânia,5,2109.4,Eletroportáteis,2025-01-27,Luiz Gustavo Teixeira,Ribeiro das Flores
2548,Geladeira,Electrolux,3,569.5,Linha Branca,2024-01-08,Brenda Nogueira,Lima da Prata
2549,Fogão,Britânia,1,1049.53,Linha Branca,2024-02-03,Larissa Peixoto,da Rocha do Amparo
2550,Aspirador de Pó,Philco,3,876.3,Eletroportáteis,2024-08-08,Bryan Ferreira,Gonçalves Alegre
2551,Ar-Condicionado,Midea,2,5913.02,Climatização,2024-01-12,Ana Clara da Rocha,Monteiro
2552,Liquidificador,Samsung,5,2100.84,Eletroportáteis,2024-09-20,Sra. Isabella Araújo,Castro
2553,Liquidificador,Samsung,4,250.92,Eletroportáteis,2025-03-27,Lucas Gabriel Dias,Azevedo
2554,Máquina de Lavar,Midea,4,2985.14,Linha Branca,2025-06-18,Danilo Sales,Gomes do Norte
2555,Liquidificador,Panasonic,1,1290.3,Eletroportáteis,2024-11-04,Sr. Pedro Araújo,Ribeiro
2556,Aspirador de Pó,Britânia,1,3842.97,Eletroportáteis,2024-01-14,Sarah Barbosa,Vieira
2557,Aspirador de Pó,Electrolux,4,2117.62,Eletroportáteis,2023-10-14,Sr. Pedro Henrique Araújo,Azevedo
2558,Ar-Condicionado,Mondial,3,1182.97,Climatização,2024-10-22,Evelyn Ribeiro,Fogaça das Pedras
2559,Fogão,Mondial,4,628.15,Linha Branca,2024-04-04,Natália da Cunha,Jesus Alegre
2560,Micro-ondas,Philco,3,4175.91,Eletroportáteis,2025-06-30,Lucca Silva,Monteiro
2561,Geladeira,Panasonic,3,1289.79,Linha Branca,2025-04-17,Alícia Correia,da Rosa de Castro
2562,Micro-ondas,Britânia,2,5115.24,Eletroportáteis,2024-02-11,Marina Pires,Monteiro
2563,Televisão,Midea,2,2848.38,Eletrônicos,2024-06-27,Nina Cunha,Almeida
2564,Fogão,Britânia,3,3923.32,Linha Branca,2023-08-21,Raquel Ferreira,Jesus
2565,Micro-ondas,Midea,4,500.93,Eletroportáteis,2024-09-04,Natália Farias,Monteiro de Goiás
2566,Micro-ondas,Mondial,1,777.04,Eletroportáteis,2024-08-07,João Guilherme da Rocha,Peixoto de Moreira
2567,Fogão,Electrolux,4,5749.34,Linha Branca,2024-04-07,Luana Costa,Ribeiro de da Luz
2568,Geladeira,Electrolux,1,3047.06,Linha Branca,2024-04-22,Gustavo da Rocha,Alves
2569,Secadora,Electrolux,4,1624.63,Linha Branca,2024-12-14,Dr. Rodrigo Ribeiro,Melo
2570,Liquidificador,Electrolux,3,1380.42,Eletroportáteis,2024-02-26,Benício Cardoso,Pires das Pedras
2571,Geladeira,Electrolux,5,1809.89,Linha Branca,2025-01-05,Levi Pinto,Ramos da Praia
2572,Secadora,Mondial,5,5977.99,Linha Branca,2024-01-29,Benjamin Barros,Moraes do Oeste
2573,Fogão,Consul,3,3811.57,Linha Branca,2024-12-28,Danilo Melo,Novaes
2574,Máquina de Lavar,Consul,5,5295.71,Linha Branca,2025-03-15,Srta. Maria Fogaça,da Conceição
2575,Máquina de Lavar,Midea,3,5913.79,Linha Branca,2025-03-13,Levi Barros,Carvalho de Goiás
2576,Máquina de Lavar,Brastemp,2,327.29,Linha Branca,2023-11-12,Ana Luiza da Paz,Pereira
2577,Fogão,Electrolux,1,2741.72,Linha Branca,2023-12-12,Henrique Jesus,Nunes
2578,Máquina de Lavar,Philco,5,4977.44,Linha Branca,2024-01-26,Eduarda Rezende,Barros de das Neves
2579,Secadora,LG,1,3343.36,Linha Branca,2024-03-10,Pedro Henrique Barbosa,Barros
2580,Fogão,Panasonic,4,5516.39,Linha Branca,2023-09-15,Maria Vitória Silva,da Cunha do Amparo
2581,Aspirador de Pó,Mondial,5,4147.94,Eletroportáteis,2025-02-05,Ana Laura Viana,da Conceição
2582,Cafeteira,Panasonic,3,2209.81,Eletroportáteis,2025-05-03,Fernanda da Mata,da Rocha
2583,Máquina de Lavar,Samsung,5,4779.31,Linha Branca,2025-05-09,Bruno Duarte,Jesus
2584,Liquidificador,LG,5,5544.48,Eletroportáteis,2024-08-30,Dr. Benjamin Caldeira,Pinto
2585,Ar-Condicionado,Electrolux,1,2779.11,Climatização,2024-06-22,Sr. Enzo da Cruz,Barros das Pedras
2586,Máquina de Lavar,Panasonic,1,353.6,Linha Branca,2025-04-27,Ana Clara da Mata,Peixoto do Norte
2587,Secadora,Philco,1,5825.33,Linha Branca,2025-03-11,Emanuel da Luz,Correia de Goiás
2588,Liquidificador,Mondial,3,1843.21,Eletroportáteis,2025-02-11,Anthony Lopes,Viana
2589,Ar-Condicionado,Samsung,5,4107.77,Climatização,2023-07-23,Lorenzo Jesus,Barros
2590,Máquina de Lavar,Brastemp,5,252.68,Linha Branca,2024-12-31,Diego Porto,Vieira
2591,Fogão,Mondial,3,5258.43,Linha Branca,2024-05-11,André Gonçalves,Nogueira
2592,Máquina de Lavar,Samsung,1,731.39,Linha Branca,2024-01-02,Bárbara Silveira,Cardoso
2593,Cafeteira,Samsung,4,891.16,Eletroportáteis,2023-10-11,Yago Ribeiro,Rodrigues de Almeida
2594,Aspirador de Pó,Mondial,3,3520.09,Eletroportáteis,2025-05-01,Paulo Mendes,Barbosa
2595,Televisão,Mondial,1,4889.46,Eletrônicos,2024-07-18,Igor Gomes,Pinto
2596,Televisão,Panasonic,2,1602.23,Eletrônicos,2024-03-08,Murilo da Costa,Moreira
2597,Aspirador de Pó,Samsung,1,2168.16,Eletroportáteis,2023-10-07,Leandro Aragão,Jesus dos Dourados
2598,Cafeteira,LG,1,3742.15,Eletroportáteis,2024-12-10,Miguel Almeida,Costa
2599,Aspirador de Pó,Midea,4,4990.39,Eletroportáteis,2024-01-08,Srta. Brenda Santos,Silva
2600,Televisão,Philco,3,3075.61,Eletrônicos,2025-05-16,Letícia Silveira,da Cruz da Prata
2601,Geladeira,Panasonic,5,1039.52,Linha Branca,2024-01-03,Daniel Peixoto,Barbosa
2602,Aspirador de Pó,Brastemp,5,4679.57,Eletroportáteis,2024-08-17,Bruna Azevedo,Araújo
2603,Cafeteira,Electrolux,2,2360.64,Eletroportáteis,2024-11-25,Maria Clara Cunha,Farias Verde
2604,Máquina de Lavar,Samsung,3,4060.06,Linha Branca,2024-12-02,Mariana Pereira,Nogueira
2605,Secadora,Philco,5,1654.7,Linha Branca,2024-12-04,Nina Alves,Cunha
2606,Fogão,LG,2,986.3,Linha Branca,2024-11-22,Marina da Mata,Jesus de Lima
2607,Ar-Condicionado,Midea,1,5883.97,Climatização,2025-04-03,Levi Cunha,Aragão
2608,Secadora,Brastemp,2,1745.64,Linha Branca,2023-09-07,Bianca Aragão,Caldeira do Oeste
2609,Secadora,Samsung,4,5361.09,Linha Branca,2024-07-11,Matheus Viana,Gonçalves de Minas
2610,Micro-ondas,Mondial,5,940.63,Eletroportáteis,2023-12-06,Dra. Maitê Lima,Ferreira
2611,Aspirador de Pó,Philco,1,249.51,Eletroportáteis,2024-01-03,Pedro Aragão,Souza da Serra
2612,Micro-ondas,Panasonic,3,1935.2,Eletroportáteis,2025-03-07,Srta. Gabriela Lopes,Ribeiro Verde
2613,Televisão,LG,5,469.33,Eletrônicos,2024-10-07,Juliana Ribeiro,Novaes
2614,Micro-ondas,Midea,4,3777.28,Eletroportáteis,2023-08-14,Rafaela Costa,Santos
2615,Aspirador de Pó,Samsung,1,1298.94,Eletroportáteis,2024-03-18,Luiz Felipe Moreira,da Mata
2616,Geladeira,Consul,4,5436.78,Linha Branca,2024-04-06,Srta. Emilly Monteiro,Cavalcanti do Amparo
2617,Televisão,Philco,4,852.0,Eletrônicos,2023-11-17,João Miguel Lopes,Cardoso
2618,Cafeteira,Electrolux,2,3834.65,Eletroportáteis,2024-12-11,Noah Rocha,Freitas
2619,Secadora,LG,1,3249.35,Linha Branca,2024-12-24,Lívia da Mata,Cardoso
2620,Geladeira,Mondial,4,5887.19,Linha Branca,2025-02-13,Fernanda Barbosa,das Neves da Praia
2621,Liquidificador,Electrolux,1,3922.29,Eletroportáteis,2025-04-28,Ana Lívia Rocha,da Mota de Porto
2622,Máquina de Lavar,Samsung,4,704.14,Linha Branca,2024-11-04,Sra. Clarice Pereira,Silveira da Serra
2623,Fogão,Midea,4,2272.19,Linha Branca,2024-10-01,Sr. Miguel Caldeira,Moraes Grande
2624,Televisão,LG,2,5808.3,Eletrônicos,2025-06-21,Lucas Gabriel Cardoso,Pires Paulista
2625,Micro-ondas,Brastemp,4,4816.82,Eletroportáteis,2023-07-24,Fernanda da Costa,da Paz do Norte
2626,Aspirador de Pó,Electrolux,2,4766.6,Eletroportáteis,2023-07-12,Srta. Amanda Fogaça,Porto
2627,Máquina de Lavar,Midea,1,5641.44,Linha Branca,2024-04-11,Henrique das Neves,Fogaça
2628,Aspirador de Pó,Mondial,2,3207.93,Eletroportáteis,2023-08-27,Luiz Otávio Gonçalves,da Conceição
2629,Geladeira,Mondial,2,229.49,Linha Branca,2023-11-19,Felipe Martins,Monteiro
2630,Ar-Condicionado,LG,2,2415.92,Climatização,2025-04-24,Isaac da Conceição,Moraes da Serra
2631,Micro-ondas,Brastemp,5,2467.32,Eletroportáteis,2023-11-06,Luiz Gustavo Dias,Monteiro do Oeste
2632,Televisão,Philco,4,4222.06,Eletrônicos,2023-07-13,Lorenzo da Mota,Dias do Galho
2633,Máquina de Lavar,Philco,2,2831.04,Linha Branca,2025-04-29,Kamilly Aragão,Cardoso da Serra
2634,Ar-Condicionado,Electrolux,3,575.17,Climatização,2024-08-13,Isaac Nogueira,Moreira
2635,Cafeteira,Consul,5,5163.27,Eletroportáteis,2025-02-17,Maria Luiza da Cruz,Jesus Verde
2636,Micro-ondas,Samsung,2,1086.03,Eletroportáteis,2025-03-26,Marcos Vinicius Castro,Gomes dos Dourados
2637,Ar-Condicionado,Philco,4,2433.29,Climatização,2024-10-07,Francisco Moura,Fogaça de Oliveira
2638,Cafeteira,Electrolux,4,5813.79,Eletroportáteis,2024-12-08,Isis Cardoso,da Luz
2639,Máquina de Lavar,Britânia,5,3924.06,Linha Branca,2023-09-25,Melissa Carvalho,Silveira do Oeste
2640,Fogão,Samsung,3,5005.6,Linha Branca,2024-07-01,João Vitor Novaes,Cardoso
2641,Geladeira,Panasonic,4,3909.47,Linha Branca,2023-12-03,Guilherme Vieira,da Cunha das Flores
2642,Fogão,Mondial,4,3321.93,Linha Branca,2024-08-21,Joana Barbosa,da Cunha
2643,Geladeira,Panasonic,5,610.77,Linha Branca,2025-03-06,Lara Moura,Nogueira
2644,Aspirador de Pó,Electrolux,2,2598.84,Eletroportáteis,2023-12-11,Murilo Pinto,Sales
2645,Cafeteira,Mondial,4,4997.78,Eletroportáteis,2023-08-15,Sr. Enzo Gabriel Pinto,Costela
2646,Aspirador de Pó,Brastemp,2,1575.53,Eletroportáteis,2025-01-09,Henrique Aragão,Fernandes das Flores
2647,Micro-ondas,Philco,5,5703.58,Eletroportáteis,2024-01-31,Olivia da Rosa,Costa da Mata
2648,Secadora,Mondial,5,737.59,Linha Branca,2025-02-06,Alexia Castro,Castro do Sul
2649,Máquina de Lavar,Philco,5,5933.78,Linha Branca,2025-03-21,Dra. Alícia Fernandes,Porto
2650,Máquina de Lavar,Samsung,3,314.47,Linha Branca,2024-08-19,Luiz Miguel Cavalcanti,Cavalcanti dos Dourados
2651,Micro-ondas,Midea,5,2341.66,Eletroportáteis,2025-04-04,Levi da Luz,Moreira de Minas
2652,Ar-Condicionado,Panasonic,5,2190.66,Climatização,2024-12-19,Emanuella Alves,Caldeira dos Dourados
2653,Secadora,Electrolux,3,4034.84,Linha Branca,2024-06-28,Dra. Maria Eduarda Pires,Lima
2654,Cafeteira,Samsung,4,3171.9,Eletroportáteis,2025-03-11,Julia Freitas,Oliveira Alegre
2655,Geladeira,Brastemp,5,4033.72,Linha Branca,2025-03-22,Rodrigo da Rosa,da Mota
2656,Cafeteira,Samsung,1,3913.41,Eletroportáteis,2023-08-05,Samuel Alves,da Mota
2657,Aspirador de Pó,Electrolux,5,5084.13,Eletroportáteis,2025-03-13,Dra. Carolina Ramos,da Luz
2658,Aspirador de Pó,Panasonic,3,5809.27,Eletroportáteis,2024-04-06,Raul Castro,Cardoso do Sul
2659,Liquidificador,Consul,4,5577.43,Eletroportáteis,2023-08-01,Dr. Yuri da Mota,Rezende
2660,Secadora,Britânia,5,3892.44,Linha Branca,2023-09-21,Gabrielly da Paz,Aragão
2661,Televisão,Philco,2,4519.24,Eletrônicos,2024-09-01,Bruna Novaes,Viana
2662,Fogão,Mondial,2,5465.21,Linha Branca,2024-10-21,Nina da Conceição,Melo do Amparo
2663,Micro-ondas,Midea,1,5671.3,Eletroportáteis,2025-02-15,Eloah Ferreira,Santos
2664,Televisão,Samsung,2,1249.22,Eletrônicos,2024-06-01,Dr. Samuel Cardoso,Ramos dos Dourados
2665,Ar-Condicionado,Panasonic,3,512.4,Climatização,2024-08-07,Caroline Costela,Silva do Galho
2666,Cafeteira,Midea,1,741.76,Eletroportáteis,2023-12-18,Lorena Lopes,Farias
2667,Fogão,Consul,4,3609.64,Linha Branca,2023-09-28,Kevin Freitas,Farias
2668,Máquina de Lavar,Consul,4,4240.74,Linha Branca,2025-05-26,Nicolas Caldeira,Farias
2669,Liquidificador,Brastemp,4,5492.32,Eletroportáteis,2024-03-18,Pietro da Rocha,Araújo
2670,Máquina de Lavar,Mondial,2,784.97,Linha Branca,2025-05-21,Benjamin Vieira,da Mata da Prata
2671,Ar-Condicionado,Midea,4,4119.64,Climatização,2023-08-24,Sr. Pedro Lucas Azevedo,Lima
2672,Máquina de Lavar,Panasonic,3,3446.64,Linha Branca,2024-09-09,João Pedro Duarte,Costa
2673,Cafeteira,Mondial,3,4488.72,Eletroportáteis,2024-01-12,Igor da Rocha,Souza de Azevedo
2674,Aspirador de Pó,Britânia,1,2689.01,Eletroportáteis,2023-12-28,Maria Porto,Rezende
2675,Micro-ondas,Samsung,2,1371.29,Eletroportáteis,2023-08-08,Julia Pinto,Ramos do Oeste
2676,Aspirador de Pó,Philco,5,3176.26,Eletroportáteis,2023-11-12,Alexia Moreira,Farias
2677,Liquidificador,Consul,3,1013.64,Eletroportáteis,2024-02-07,Luiz Otávio Lopes,Castro de da Rosa
2678,Secadora,Mondial,3,4557.13,Linha Branca,2024-12-30,Sr. Bruno Correia,da Cruz Grande
2679,Ar-Condicionado,Mondial,1,5325.39,Climatização,2024-10-30,Vitória Duarte,da Mota das Pedras
2680,Liquidificador,Britânia,1,870.45,Eletroportáteis,2023-09-21,Sra. Isabel Porto,Lima
2681,Secadora,Electrolux,3,5011.17,Linha Branca,2024-07-03,Isabelly Lopes,Rodrigues dos Dourados
2682,Geladeira,Electrolux,3,868.1,Linha Branca,2024-11-13,Luiz Gustavo da Paz,Rocha de Minas
2683,Ar-Condicionado,Britânia,4,5514.73,Climatização,2024-07-30,Luigi Moura,Peixoto do Oeste
2684,Micro-ondas,Mondial,5,1021.94,Eletroportáteis,2023-11-19,Thiago Santos,Ramos
2685,Aspirador de Pó,Mondial,3,3651.38,Eletroportáteis,2023-08-07,Srta. Eloah Lopes,Sales Grande
2686,Fogão,Britânia,5,1690.68,Linha Branca,2024-07-31,Agatha Oliveira,Castro
2687,Máquina de Lavar,Brastemp,1,362.14,Linha Branca,2025-06-26,Anthony Caldeira,Barbosa
2688,Geladeira,Panasonic,4,2064.42,Linha Branca,2024-08-05,Maria Luiza Farias,Cunha do Oeste
2689,Fogão,Consul,3,5717.64,Linha Branca,2025-03-14,Dra. Rafaela Vieira,Dias
2690,Geladeira,Electrolux,5,2013.31,Linha Branca,2024-12-05,Arthur Rodrigues,Freitas
2691,Máquina de Lavar,Consul,2,5296.34,Linha Branca,2023-12-04,Dr. Ian Moraes,Oliveira
2692,Cafeteira,Britânia,1,5553.27,Eletroportáteis,2025-03-12,Dr. Juan da Costa,Azevedo
2693,Secadora,Brastemp,5,1949.22,Linha Branca,2025-04-03,Julia Fogaça,Rodrigues do Norte
2694,Ar-Condicionado,Mondial,3,2060.58,Climatização,2025-02-23,Alícia Pires,Freitas do Amparo
2695,Televisão,LG,5,1888.18,Eletrônicos,2024-07-24,Benjamin Nunes,Novaes do Galho
2696,Cafeteira,Mondial,4,3011.67,Eletroportáteis,2023-09-14,Emilly Azevedo,Aragão do Sul
2697,Micro-ondas,Philco,3,1363.56,Eletroportáteis,2023-12-31,Dr. Luigi da Rocha,Correia do Oeste
2698,Televisão,Britânia,5,998.94,Eletrônicos,2024-09-10,Joaquim Novaes,Freitas
2699,Geladeira,Electrolux,3,3008.34,Linha Branca,2024-12-22,Kamilly da Mota,Campos
2700,Fogão,Electrolux,3,2025.48,Linha Branca,2025-01-30,Pedro Henrique Cardoso,Rezende Paulista
2701,Fogão,Britânia,2,2976.52,Linha Branca,2023-09-13,Luigi das Neves,Oliveira dos Dourados
2702,Ar-Condicionado,Midea,4,3934.28,Climatização,2024-01-17,Srta. Mariane Dias,Pinto
2703,Cafeteira,Midea,3,4564.32,Eletroportáteis,2024-12-19,Caio Melo,Silva de Pereira
2704,Televisão,Mondial,3,842.77,Eletrônicos,2025-02-18,Alice Caldeira,Cunha
2705,Micro-ondas,Philco,4,5501.68,Eletroportáteis,2023-07-17,Arthur Gomes,Correia
2706,Cafeteira,Mondial,5,4594.73,Eletroportáteis,2024-07-17,Sr. Ian Alves,da Mata de Ramos
2707,Geladeira,Midea,2,5292.34,Linha Branca,2024-02-25,Dra. Ana Julia Cunha,Vieira
2708,Ar-Condicionado,Philco,3,4054.94,Climatização,2024-09-25,Isadora Nunes,Oliveira Grande
2709,Liquidificador,Mondial,5,2161.15,Eletroportáteis,2023-11-25,Catarina Freitas,Nascimento
2710,Liquidificador,Brastemp,3,843.31,Eletroportáteis,2024-02-07,Isis Barbosa,Rodrigues dos Dourados
2711,Cafeteira,Midea,3,5401.46,Eletroportáteis,2023-07-22,Sra. Eloah Ramos,Costela
2712,Ar-Condicionado,Consul,5,1722.78,Climatização,2023-09-01,Dr. João Lucas da Luz,Rezende
2713,Ar-Condicionado,Brastemp,4,4833.23,Climatização,2024-08-22,Lucca Almeida,Novaes
2714,Secadora,Consul,4,5687.21,Linha Branca,2024-05-05,Isabella da Mota,da Cruz do Oeste
2715,Micro-ondas,Britânia,4,2639.87,Eletroportáteis,2025-04-19,Maria Cecília Oliveira,da Mota
2716,Secadora,Consul,3,3931.84,Linha Branca,2025-03-15,Cauê Nogueira,Freitas do Sul
2717,Aspirador de Pó,LG,1,3722.13,Eletroportáteis,2023-12-11,Sra. Maria Vitória Pereira,Peixoto de da Mata
2718,Secadora,Panasonic,5,3842.83,Linha Branca,2025-05-02,Evelyn Melo,Dias
2719,Cafeteira,Philco,3,1493.56,Eletroportáteis,2024-05-21,Sr. Davi Lucas Moreira,Ferreira Paulista
2720,Fogão,Britânia,3,1024.67,Linha Branca,2024-10-08,Olivia Lopes,Vieira
2721,Cafeteira,LG,3,4603.01,Eletroportáteis,2024-02-21,Gustavo Henrique Cunha,da Rocha
2722,Geladeira,Brastemp,2,1984.45,Linha Branca,2024-06-26,Dra. Gabriela Moraes,Barros
2723,Cafeteira,Consul,5,3721.22,Eletroportáteis,2023-08-08,João Vitor Mendes,Silva
2724,Televisão,Philco,2,326.12,Eletrônicos,2025-03-22,Milena da Cruz,Dias de Vieira
2725,Ar-Condicionado,Philco,5,4808.8,Climatização,2024-06-29,Luiz Gustavo Silveira,da Cunha
2726,Máquina de Lavar,Consul,5,4659.0,Linha Branca,2024-02-08,Leonardo Moreira,Nogueira do Norte
2727,Máquina de Lavar,Philco,1,4464.94,Linha Branca,2024-10-30,Maysa da Rocha,Ramos
2728,Fogão,Mondial,1,3188.54,Linha Branca,2023-12-13,João Guilherme das Neves,da Mata
2729,Fogão,LG,2,4670.21,Linha Branca,2024-01-02,Davi Lucca Ribeiro,Barros
2730,Cafeteira,Consul,3,5003.26,Eletroportáteis,2024-06-01,Dr. João Nogueira,Pires
2731,Micro-ondas,Brastemp,2,3393.93,Eletroportáteis,2025-01-18,Vinicius Sales,Vieira das Pedras
2732,Fogão,Mondial,3,5737.22,Linha Branca,2024-07-04,Raquel da Mata,Ramos da Serra
2733,Fogão,Midea,2,5898.2,Linha Branca,2024-11-17,Emilly Ferreira,Cardoso
2734,Micro-ondas,Samsung,3,1702.85,Eletroportáteis,2024-07-25,Stella Caldeira,Monteiro
2735,Micro-ondas,Consul,2,817.88,Eletroportáteis,2023-09-23,João Lucas Pereira,Cardoso
2736,Máquina de Lavar,Electrolux,5,1715.64,Linha Branca,2025-04-12,Samuel Porto,da Mota
2737,Ar-Condicionado,Mondial,1,1098.25,Climatização,2024-08-09,Cauã Farias,Gomes
2738,Aspirador de Pó,Samsung,4,4946.62,Eletroportáteis,2024-10-14,André da Mata,Silveira
2739,Micro-ondas,Mondial,1,1896.5,Eletroportáteis,2024-01-13,Dr. Yago Lima,Freitas
2740,Televisão,Britânia,4,1802.27,Eletrônicos,2025-01-10,Bruna Caldeira,Pires das Pedras
2741,Máquina de Lavar,Philco,1,3290.29,Linha Branca,2025-06-17,Sr. Antônio Silva,Castro
2742,Geladeira,Philco,1,746.67,Linha Branca,2023-12-22,Dra. Juliana Rezende,Peixoto de Minas
2743,Liquidificador,Britânia,5,2864.43,Eletroportáteis,2025-06-07,Sra. Luiza Ferreira,Fogaça
2744,Cafeteira,Mondial,2,2113.7,Eletroportáteis,2025-06-04,Vinicius Martins,Moraes
2745,Secadora,LG,2,203.96,Linha Branca,2023-11-10,Manuela Cavalcanti,Cardoso
2746,Secadora,Brastemp,3,4851.67,Linha Branca,2025-04-28,Bryan Peixoto,Vieira
2747,Geladeira,Mondial,2,3979.74,Linha Branca,2024-09-29,Vitor Hugo Barros,Barbosa
2748,Micro-ondas,Electrolux,4,1863.67,Eletroportáteis,2024-12-22,Dr. Erick Rezende,Cardoso
2749,Fogão,Samsung,2,2744.05,Linha Branca,2025-05-02,Ryan Costela,Silveira Verde
2750,Secadora,LG,1,4228.19,Linha Branca,2023-11-07,Brenda Fernandes,Almeida
2751,Liquidificador,Samsung,5,5613.28,Eletroportáteis,2023-12-02,Maria Julia Porto,Nogueira da Serra
2752,Secadora,Midea,5,647.42,Linha Branca,2025-02-19,Nicole Fogaça,Pinto de Goiás
2753,Aspirador de Pó,Electrolux,3,2156.5,Eletroportáteis,2024-03-13,Dra. Isabel Barros,Martins de Goiás
2754,Cafeteira,Consul,5,5093.81,Eletroportáteis,2024-03-18,Melissa Duarte,Mendes de Minas
2755,Secadora,Britânia,1,4041.31,Linha Branca,2024-09-18,Enzo Gabriel Caldeira,Fernandes
2756,Liquidificador,Britânia,3,3307.55,Eletroportáteis,2024-11-21,Ian Sales,Peixoto
2757,Liquidificador,Panasonic,1,2066.88,Eletroportáteis,2024-10-25,Davi Lucca da Cruz,Cardoso
2758,Fogão,Mondial,3,3066.68,Linha Branca,2024-12-20,Cauê Gonçalves,Teixeira
2759,Liquidificador,Britânia,5,3556.05,Eletroportáteis,2023-11-27,João Guilherme Moura,Farias de Melo
2760,Ar-Condicionado,Philco,5,3581.67,Climatização,2023-09-08,Dra. Sarah Moraes,da Luz de Silva
2761,Liquidificador,Samsung,2,2012.96,Eletroportáteis,2024-11-16,Pietra Pires,Souza da Praia
2762,Cafeteira,Brastemp,5,5813.03,Eletroportáteis,2024-04-02,Bárbara Rocha,Dias
2763,Secadora,Brastemp,1,849.97,Linha Branca,2025-04-07,Isadora Araújo,Carvalho do Norte
2764,Ar-Condicionado,Britânia,1,5408.53,Climatização,2024-06-29,Davi Lucas Lopes,Castro do Norte
2765,Máquina de Lavar,Panasonic,1,2022.24,Linha Branca,2024-03-12,Amanda Ribeiro,Viana de Moreira
2766,Fogão,Panasonic,1,260.59,Linha Branca,2025-05-27,Dr. João Felipe Cardoso,da Conceição de da Mota
2767,Fogão,Consul,4,2598.2,Linha Branca,2024-10-05,Sr. João Felipe Pinto,Almeida do Oeste
2768,Televisão,LG,5,5508.23,Eletrônicos,2023-10-22,Amanda Alves,Viana da Prata
2769,Fogão,Consul,2,3944.1,Linha Branca,2024-11-08,Stella Costa,Pereira
2770,Secadora,LG,4,4104.09,Linha Branca,2024-12-31,Emanuelly da Rocha,da Rocha
2771,Secadora,LG,5,5385.23,Linha Branca,2023-10-07,Augusto Moraes,da Cunha da Praia
2772,Aspirador de Pó,Midea,1,3967.14,Eletroportáteis,2025-05-10,Luiz Felipe Gomes,da Costa
2773,Aspirador de Pó,Samsung,2,4297.69,Eletroportáteis,2024-05-20,Nina Silveira,Porto
2774,Fogão,Midea,4,3140.63,Linha Branca,2025-06-08,Srta. Milena Campos,Vieira
2775,Secadora,Mondial,1,3643.45,Linha Branca,2023-10-05,Lorena Correia,Pinto de Correia
2776,Aspirador de Pó,Midea,4,278.98,Eletroportáteis,2024-05-05,Murilo Duarte,Pires
2777,Geladeira,Brastemp,4,4681.94,Linha Branca,2023-11-23,Beatriz Jesus,Ferreira de da Costa
2778,Aspirador de Pó,LG,3,1160.44,Eletroportáteis,2024-11-29,Maria Vitória Silva,Lima do Oeste
2779,Liquidificador,Samsung,5,5370.74,Eletroportáteis,2025-05-19,Dr. Gustavo Henrique Peixoto,Pinto do Campo
2780,Geladeira,Electrolux,3,3364.62,Linha Branca,2023-09-27,Levi Costa,Viana
2781,Liquidificador,Mondial,4,234.31,Eletroportáteis,2024-07-20,João Miguel Lima,Duarte
2782,Secadora,Consul,1,1028.23,Linha Branca,2025-06-15,Dra. Luana Lima,Jesus
2783,Cafeteira,Consul,2,3428.02,Eletroportáteis,2024-05-21,Dra. Kamilly Campos,Araújo
2784,Televisão,LG,4,294.86,Eletrônicos,2024-06-11,Dra. Rafaela Barbosa,Souza
2785,Secadora,Mondial,2,418.66,Linha Branca,2024-08-25,Bryan Barros,Ribeiro
2786,Ar-Condicionado,Britânia,2,3246.92,Climatização,2025-03-24,Joaquim da Mota,Gonçalves
2787,Secadora,Britânia,2,3229.89,Linha Branca,2024-06-05,Julia Moreira,Gonçalves das Pedras
2788,Geladeira,Brastemp,3,2985.88,Linha Branca,2024-03-21,Júlia Azevedo,Pires de Pinto
2789,Micro-ondas,Consul,4,3348.54,Eletroportáteis,2024-03-26,Lavínia Ramos,da Conceição
2790,Cafeteira,Midea,4,5314.99,Eletroportáteis,2024-05-21,Ana Júlia Ramos,Farias
2791,Máquina de Lavar,Midea,3,2484.09,Linha Branca,2023-08-31,Theo Pinto,Oliveira
2792,Geladeira,Samsung,2,1280.71,Linha Branca,2023-10-02,Enzo Duarte,Fernandes
2793,Micro-ondas,Panasonic,4,5783.63,Eletroportáteis,2023-08-02,Arthur Lopes,Costela do Norte
2794,Liquidificador,Consul,3,265.56,Eletroportáteis,2024-09-12,Enzo Rocha,Cardoso
2795,Secadora,Brastemp,5,5029.86,Linha Branca,2025-06-23,Luiz Miguel Duarte,Nogueira
2796,Micro-ondas,LG,3,4355.72,Eletroportáteis,2024-07-13,Arthur Nascimento,Cunha
2797,Cafeteira,Electrolux,1,4116.34,Eletroportáteis,2024-05-13,Isadora da Cunha,Carvalho
2798,Televisão,Electrolux,4,2817.46,Eletrônicos,2023-12-06,Marcela Sales,Moreira de da Cunha
2799,Geladeira,Samsung,5,2702.0,Linha Branca,2023-12-19,Isabella Caldeira,Cardoso
2800,Micro-ondas,Samsung,5,589.31,Eletroportáteis,2024-12-23,Laura Alves,Duarte de Souza
2801,Ar-Condicionado,Mondial,3,4943.51,Climatização,2025-06-20,Ana Carolina Araújo,Nunes
2802,Micro-ondas,Britânia,3,4938.78,Eletroportáteis,2024-09-17,Otávio Moura,Souza
2803,Micro-ondas,Britânia,3,1478.72,Eletroportáteis,2024-11-16,Luigi Jesus,Azevedo de Dias
2804,Cafeteira,Philco,1,2789.13,Eletroportáteis,2024-03-10,Raquel Silveira,Barbosa
2805,Ar-Condicionado,Mondial,5,445.21,Climatização,2024-01-21,Augusto da Costa,Oliveira
2806,Micro-ondas,Consul,3,854.05,Eletroportáteis,2023-07-21,Dr. Nathan Monteiro,Oliveira
2807,Aspirador de Pó,Electrolux,5,1054.32,Eletroportáteis,2024-01-11,Juan Araújo,Ribeiro de Pires
2808,Geladeira,Consul,4,1719.07,Linha Branca,2024-08-18,Vitor Gabriel Silva,Rocha da Praia
2809,Micro-ondas,Electrolux,2,1175.3,Eletroportáteis,2024-08-09,Sra. Alícia Cardoso,Barros
2810,Liquidificador,Electrolux,1,3999.69,Eletroportáteis,2024-10-14,Noah Melo,da Mota
2811,Fogão,Midea,4,1730.21,Linha Branca,2023-10-23,Heitor Cardoso,Barros
2812,Geladeira,Panasonic,2,4683.75,Linha Branca,2024-05-17,Dra. Caroline Gomes,da Cunha
2813,Aspirador de Pó,Electrolux,4,4531.16,Eletroportáteis,2024-05-29,Dr. Theo da Cruz,Viana
2814,Máquina de Lavar,Electrolux,4,5683.94,Linha Branca,2023-11-19,Sr. Cauê Barbosa,Moreira
2815,Televisão,Britânia,4,1383.96,Eletrônicos,2024-12-20,Natália da Costa,da Cruz
2816,Liquidificador,LG,5,4286.24,Eletroportáteis,2025-04-28,Emanuella Porto,Teixeira
2817,Secadora,Consul,1,734.17,Linha Branca,2024-06-12,Igor das Neves,Martins das Flores
2818,Fogão,LG,5,4471.11,Linha Branca,2024-07-17,Fernanda Duarte,Dias do Campo
2819,Geladeira,Britânia,4,4589.8,Linha Branca,2024-04-22,Marcela Freitas,da Cunha
2820,Fogão,Mondial,2,5956.16,Linha Branca,2025-06-20,Emanuella Pires,Costa da Praia
2821,Geladeira,Philco,4,5077.17,Linha Branca,2023-12-03,Felipe Carvalho,da Mota
2822,Fogão,Mondial,2,1048.5,Linha Branca,2024-09-10,Sra. Sarah Rodrigues,Costela Paulista
2823,Televisão,Brastemp,4,5248.77,Eletrônicos,2024-10-09,Yago Oliveira,Souza
2824,Micro-ondas,LG,4,1998.1,Eletroportáteis,2025-02-26,Thomas Silveira,da Luz do Sul
2825,Liquidificador,LG,1,5590.72,Eletroportáteis,2024-12-16,Cecília Lima,Jesus Grande
2826,Máquina de Lavar,Samsung,4,4025.15,Linha Branca,2024-02-02,Renan Rezende,Monteiro
2827,Liquidificador,Mondial,1,1517.31,Eletroportáteis,2023-09-08,Sr. Luiz Felipe Lopes,Costela Alegre
2828,Geladeira,Brastemp,3,3386.49,Linha Branca,2024-01-17,Pedro Miguel Jesus,das Neves
2829,Micro-ondas,Britânia,2,5549.52,Eletroportáteis,2023-08-16,Dra. Maria Vitória da Luz,Pereira
2830,Liquidificador,Samsung,1,1586.16,Eletroportáteis,2023-12-01,Thomas Almeida,Almeida Verde
2831,Ar-Condicionado,Britânia,4,2643.32,Climatização,2024-07-05,Yago da Rosa,Caldeira de Minas
2832,Aspirador de Pó,Consul,3,1922.13,Eletroportáteis,2024-10-29,Amanda Correia,da Cruz
2833,Secadora,Midea,5,530.32,Linha Branca,2025-03-06,João da Conceição,Fernandes
2834,Máquina de Lavar,Mondial,5,2183.24,Linha Branca,2023-07-16,Dr. Diogo Monteiro,Dias
2835,Secadora,Consul,1,4829.26,Linha Branca,2024-11-06,Dr. Arthur Rocha,Carvalho
2836,Televisão,Panasonic,1,4511.16,Eletrônicos,2023-07-24,Erick Silva,Araújo
2837,Liquidificador,Britânia,3,1649.45,Eletroportáteis,2025-01-02,Dr. Francisco Castro,Porto do Sul
2838,Liquidificador,Midea,4,737.84,Eletroportáteis,2024-09-16,Agatha Moreira,Lopes do Sul
2839,Micro-ondas,Panasonic,5,1975.27,Eletroportáteis,2024-09-07,Maitê Gomes,da Cunha
2840,Micro-ondas,Electrolux,4,5884.85,Eletroportáteis,2025-05-03,Dr. André Vieira,da Conceição do Norte
2841,Fogão,Philco,2,5727.8,Linha Branca,2024-04-07,Sr. Luiz Fernando Moreira,Gomes
2842,Micro-ondas,Philco,3,4435.39,Eletroportáteis,2024-07-25,Samuel Pinto,Oliveira do Sul
2843,Máquina de Lavar,Brastemp,4,838.21,Linha Branca,2024-06-18,Luna Almeida,Monteiro
2844,Fogão,LG,1,578.29,Linha Branca,2024-03-18,Maria Vitória Santos,Pires
2845,Máquina de Lavar,Samsung,3,4812.94,Linha Branca,2024-08-16,Erick Costela,Rocha
2846,Secadora,LG,5,4992.49,Linha Branca,2024-02-09,Sofia Araújo,Rocha
2847,Aspirador de Pó,Mondial,3,4077.96,Eletroportáteis,2023-08-27,Danilo Freitas,Cardoso Alegre
2848,Aspirador de Pó,LG,5,5667.74,Eletroportáteis,2023-11-23,Srta. Rebeca Castro,Rocha do Oeste
2849,Cafeteira,Samsung,3,4895.63,Eletroportáteis,2025-01-13,Juliana Pinto,Lima
2850,Máquina de Lavar,Consul,2,1772.73,Linha Branca,2024-08-23,Sra. Carolina Nunes,da Conceição de Mendes
2851,Geladeira,LG,2,607.91,Linha Branca,2024-09-11,Eduarda Novaes,Lima do Galho
2852,Aspirador de Pó,Panasonic,5,2560.23,Eletroportáteis,2023-11-01,André Dias,Nunes da Mata
2853,Ar-Condicionado,Samsung,2,3600.9,Climatização,2023-12-07,Maria Fernanda Silveira,da Rocha
2854,Máquina de Lavar,Britânia,5,1594.34,Linha Branca,2023-10-18,Davi Araújo,Almeida do Sul
2855,Micro-ondas,Britânia,1,1850.9,Eletroportáteis,2023-11-10,Alícia Viana,Monteiro da Prata
2856,Ar-Condicionado,Samsung,5,3490.35,Climatização,2024-12-17,Emanuelly Jesus,Gomes do Amparo
2857,Cafeteira,Britânia,5,1416.94,Eletroportáteis,2024-01-01,Daniel da Mota,Cunha
2858,Geladeira,Brastemp,3,795.21,Linha Branca,2024-03-21,Stephany Cardoso,Martins de Nogueira
2859,Cafeteira,Consul,3,5502.67,Eletroportáteis,2024-04-20,Benício Teixeira,da Mata do Campo
2860,Liquidificador,Philco,3,5270.16,Eletroportáteis,2023-12-29,Srta. Eloah Rocha,Nascimento
2861,Secadora,LG,1,2261.44,Linha Branca,2024-05-01,Sr. Lucas Souza,Caldeira dos Dourados
2862,Televisão,Midea,3,358.49,Eletrônicos,2024-07-27,Theo Sales,Pereira de Monteiro
2863,Micro-ondas,Samsung,3,1457.85,Eletroportáteis,2023-10-22,Sophia Silva,Lima
2864,Ar-Condicionado,Brastemp,5,5019.31,Climatização,2025-02-24,Bryan Rocha,Nogueira da Prata
2865,Televisão,Brastemp,5,4506.6,Eletrônicos,2024-03-28,Dr. Danilo Rodrigues,Vieira Grande
2866,Fogão,Philco,5,2473.95,Linha Branca,2025-01-10,João Guilherme Costa,Gonçalves
2867,Secadora,Brastemp,3,2261.03,Linha Branca,2024-08-28,Stella Cardoso,da Cruz do Galho
2868,Máquina de Lavar,Panasonic,2,2911.59,Linha Branca,2023-11-24,Sr. Arthur Araújo,da Conceição
2869,Secadora,Britânia,2,2616.88,Linha Branca,2023-09-17,Theo da Rosa,Teixeira de Oliveira
2870,Fogão,Brastemp,2,1344.69,Linha Branca,2024-12-13,Ana Beatriz Costa,Rodrigues do Sul
2871,Geladeira,Midea,4,2812.42,Linha Branca,2023-10-26,Yuri da Conceição,Jesus do Sul
2872,Cafeteira,Consul,2,2115.72,Eletroportáteis,2025-04-10,Sr. Isaac Almeida,Oliveira da Mata
2873,Aspirador de Pó,Electrolux,5,495.87,Eletroportáteis,2024-02-22,Thales Cunha,Moreira
2874,Máquina de Lavar,Britânia,3,5468.94,Linha Branca,2024-08-21,Dra. Lívia Oliveira,Oliveira Grande
2875,Cafeteira,Mondial,5,2430.16,Eletroportáteis,2024-11-11,Manuela Pinto,da Paz dos Dourados
2876,Ar-Condicionado,Mondial,1,5147.46,Climatização,2025-01-28,Fernanda das Neves,Duarte
2877,Ar-Condicionado,LG,4,3585.25,Climatização,2024-04-16,Enrico Azevedo,Gomes
2878,Geladeira,Philco,1,2607.9,Linha Branca,2024-09-29,Samuel da Rosa,Moreira de Araújo
2879,Ar-Condicionado,Philco,5,4554.68,Climatização,2025-01-28,Leonardo da Luz,da Costa
2880,Secadora,Britânia,4,579.88,Linha Branca,2024-04-11,Srta. Mirella da Rocha,Pereira
2881,Ar-Condicionado,Midea,3,5986.19,Climatização,2024-10-05,Kaique Silva,Silva de Martins
2882,Fogão,Consul,2,4741.91,Linha Branca,2025-05-23,Kaique Souza,Cunha
2883,Aspirador de Pó,Panasonic,3,3562.3,Eletroportáteis,2025-06-21,Pedro Miguel Farias,Novaes
2884,Máquina de Lavar,Britânia,1,1440.86,Linha Branca,2025-02-02,Juan Silva,Oliveira da Mata
2885,Aspirador de Pó,Samsung,2,4307.19,Eletroportáteis,2023-08-24,Fernando Aragão,Pereira da Praia
2886,Aspirador de Pó,Electrolux,5,4420.29,Eletroportáteis,2024-06-24,Srta. Luana Fogaça,Nascimento
2887,Cafeteira,Britânia,4,2448.02,Eletroportáteis,2025-06-28,Luiz Otávio Teixeira,Vieira
2888,Televisão,Mondial,1,2042.04,Eletrônicos,2023-10-28,Paulo Ramos,Jesus Verde
2889,Micro-ondas,Mondial,4,5158.56,Eletroportáteis,2023-07-19,Francisco da Costa,Viana Alegre
2890,Máquina de Lavar,Mondial,1,2591.26,Linha Branca,2024-02-14,Cecília Costa,Vieira
2891,Ar-Condicionado,Samsung,5,1417.04,Climatização,2024-11-05,Luiza Vieira,Cavalcanti do Norte
2892,Micro-ondas,Electrolux,5,936.73,Eletroportáteis,2023-07-14,Heloísa Cavalcanti,Fogaça de Novaes
2893,Secadora,Panasonic,3,1932.86,Linha Branca,2024-08-17,Davi Alves,Alves
2894,Geladeira,Mondial,4,2735.11,Linha Branca,2024-02-11,Dr. Daniel Barbosa,Campos de Pinto
2895,Geladeira,Samsung,2,4554.98,Linha Branca,2025-02-27,Sra. Juliana Ramos,da Mota
2896,Liquidificador,Midea,3,2716.07,Eletroportáteis,2024-07-24,Sr. Emanuel Cardoso,das Neves da Mata
2897,Secadora,Midea,1,4695.52,Linha Branca,2025-04-12,Carolina Santos,Ramos
2898,Liquidificador,Britânia,3,1470.87,Eletroportáteis,2023-09-09,Vicente Carvalho,da Mata de Goiás
2899,Secadora,Mondial,2,1893.39,Linha Branca,2024-07-21,Maria Julia Cavalcanti,Vieira
2900,Máquina de Lavar,Britânia,3,5564.06,Linha Branca,2024-03-11,Pedro Pires,Peixoto
2901,Ar-Condicionado,LG,2,3457.93,Climatização,2023-08-16,Benício da Rocha,Jesus
2902,Micro-ondas,Philco,1,2246.14,Eletroportáteis,2025-04-04,Marcela Sales,Martins de Correia
2903,Micro-ondas,Philco,4,1181.64,Eletroportáteis,2025-02-26,Mirella Cavalcanti,Cardoso
2904,Aspirador de Pó,Samsung,2,1941.23,Eletroportáteis,2025-07-05,Fernanda Silveira,Cardoso
2905,Liquidificador,Midea,4,1718.6,Eletroportáteis,2023-12-12,Calebe Ribeiro,da Mata
2906,Aspirador de Pó,Panasonic,2,2059.76,Eletroportáteis,2024-09-09,Sabrina Rocha,Monteiro de Barbosa
2907,Ar-Condicionado,Philco,5,3709.23,Climatização,2025-05-22,Catarina Barros,Freitas de Mendes
2908,Micro-ondas,Consul,1,2875.9,Eletroportáteis,2025-07-02,Daniela Santos,Gomes
2909,Máquina de Lavar,Philco,3,4503.33,Linha Branca,2024-12-15,Daniela Aragão,da Paz Verde
2910,Geladeira,Britânia,5,2436.71,Linha Branca,2024-07-14,Davi Luiz Jesus,Rocha das Flores
2911,Geladeira,Panasonic,5,913.29,Linha Branca,2024-02-22,Dra. Natália Vieira,Cardoso
2912,Liquidificador,Samsung,3,2024.15,Eletroportáteis,2024-04-26,Maria Carvalho,Porto
2913,Fogão,Electrolux,3,1614.03,Linha Branca,2023-12-06,Thales Rocha,Novaes
2914,Geladeira,Philco,5,4822.15,Linha Branca,2024-03-21,Marcelo Mendes,da Mata Alegre
2915,Geladeira,Midea,4,1967.22,Linha Branca,2024-07-14,Nicole da Rocha,Costela de da Rocha
2916,Fogão,Panasonic,3,1376.48,Linha Branca,2024-12-21,Emilly Costela,Pinto
2917,Cafeteira,Mondial,1,4228.29,Eletroportáteis,2025-01-19,Enzo Cardoso,Farias do Sul
2918,Cafeteira,Electrolux,1,2286.07,Eletroportáteis,2024-04-04,Sra. Agatha Silva,Araújo
2919,Aspirador de Pó,Britânia,3,677.43,Eletroportáteis,2024-10-05,Leonardo da Cunha,Gomes da Serra
2920,Ar-Condicionado,Britânia,2,3180.59,Climatização,2024-03-27,Ana Sophia da Mata,Peixoto
2921,Ar-Condicionado,Britânia,5,644.86,Climatização,2024-11-15,Manuela Aragão,Nunes
2922,Liquidificador,Britânia,1,642.06,Eletroportáteis,2023-12-21,João Lucas Carvalho,da Costa
2923,Aspirador de Pó,Electrolux,5,3226.49,Eletroportáteis,2023-12-03,Letícia Almeida,Pereira Verde
2924,Cafeteira,Consul,1,5062.94,Eletroportáteis,2025-05-01,Lorenzo da Mata,Caldeira de da Paz
2925,Ar-Condicionado,Midea,3,4908.96,Climatização,2025-06-19,Sofia Ribeiro,Oliveira
2926,Máquina de Lavar,LG,1,2412.68,Linha Branca,2025-01-01,Amanda Porto,da Conceição do Norte
2927,Cafeteira,Midea,4,1476.67,Eletroportáteis,2024-10-12,Esther da Rosa,Caldeira
2928,Máquina de Lavar,Britânia,2,3086.43,Linha Branca,2023-12-21,Nicole Peixoto,Oliveira
2929,Televisão,Britânia,3,3460.65,Eletrônicos,2025-06-18,Henrique Rezende,Nascimento
2930,Fogão,Philco,4,1259.5,Linha Branca,2023-12-02,Dra. Emilly Ribeiro,Cardoso
2931,Televisão,Brastemp,2,641.64,Eletrônicos,2025-01-15,Heitor Monteiro,Melo
2932,Secadora,Philco,5,5868.65,Linha Branca,2023-10-19,João Pedro Monteiro,Lima da Mata
2933,Cafeteira,Midea,4,975.95,Eletroportáteis,2024-06-23,Sabrina Farias,Correia da Serra
2934,Televisão,LG,1,4787.73,Eletrônicos,2024-12-25,Marcos Vinicius Cunha,Mendes
2935,Secadora,LG,1,2414.77,Linha Branca,2025-07-03,Carlos Eduardo Cunha,Pires
2936,Secadora,Brastemp,3,1786.24,Linha Branca,2024-10-11,Clarice Cunha,Barros de Pires
2937,Liquidificador,Panasonic,4,670.04,Eletroportáteis,2024-04-27,Dra. Alícia Rodrigues,Pereira
2938,Ar-Condicionado,Samsung,1,3274.28,Climatização,2025-04-26,Leandro Pereira,Costa do Campo
2939,Geladeira,Mondial,5,4915.92,Linha Branca,2023-11-27,Juan Rodrigues,da Mota
2940,Geladeira,Consul,1,985.35,Linha Branca,2024-03-26,Maysa Oliveira,Gonçalves do Amparo
2941,Ar-Condicionado,Panasonic,2,1866.28,Climatização,2023-10-19,Lorenzo Moreira,Vieira Paulista
2942,Secadora,Electrolux,5,5464.45,Linha Branca,2025-03-31,Paulo Souza,da Mota de Carvalho
2943,Geladeira,Panasonic,3,4441.3,Linha Branca,2024-03-11,Kevin Rezende,Fogaça
2944,Liquidificador,Samsung,5,1560.64,Eletroportáteis,2023-09-12,Maria Rezende,Ferreira
2945,Fogão,Panasonic,2,3457.23,Linha Branca,2024-08-28,Vinicius Costela,da Cunha
2946,Fogão,Samsung,5,3042.99,Linha Branca,2024-06-14,Nathan Souza,Araújo das Flores
2947,Liquidificador,Mondial,1,845.2,Eletroportáteis,2025-01-13,Yago da Conceição,Ribeiro
2948,Máquina de Lavar,Panasonic,2,5496.9,Linha Branca,2023-12-23,Helena Almeida,Barbosa
2949,Fogão,Philco,3,4446.37,Linha Branca,2024-03-17,Isabella Silva,Azevedo
2950,Liquidificador,Midea,4,4804.6,Eletroportáteis,2023-10-24,Gustavo Henrique Gonçalves,Campos
2951,Televisão,Midea,2,505.63,Eletrônicos,2023-12-31,Dra. Lorena Silveira,da Mota
2952,Televisão,Consul,1,5795.02,Eletrônicos,2023-11-15,João Pedro Lima,Correia
2953,Liquidificador,LG,5,3886.27,Eletroportáteis,2023-10-12,Srta. Ana Carolina Campos,Aragão da Praia
2954,Fogão,Brastemp,4,690.77,Linha Branca,2024-02-07,Renan Ramos,Souza das Pedras
2955,Fogão,Consul,1,5990.28,Linha Branca,2024-07-04,Dr. João Gabriel Alves,da Cruz
2956,Cafeteira,Panasonic,3,219.09,Eletroportáteis,2024-02-11,Ana Clara Rodrigues,Dias Alegre
2957,Cafeteira,Mondial,2,4114.14,Eletroportáteis,2023-08-14,Thales das Neves,Carvalho de da Costa
2958,Liquidificador,Brastemp,4,1406.66,Eletroportáteis,2024-08-27,Nathan Sales,Correia do Oeste
2959,Micro-ondas,LG,3,1624.85,Eletroportáteis,2025-02-28,Marina Ramos,Dias de Silveira
2960,Micro-ondas,Philco,4,2225.57,Eletroportáteis,2025-03-18,Heitor Freitas,Nascimento
2961,Cafeteira,Brastemp,2,3796.99,Eletroportáteis,2024-07-09,Dra. Camila Araújo,Nogueira
2962,Geladeira,Philco,5,4530.6,Linha Branca,2025-06-28,Joana Sales,Santos
2963,Máquina de Lavar,Mondial,1,2665.19,Linha Branca,2025-02-05,Diogo Nascimento,Cavalcanti
2964,Máquina de Lavar,Philco,4,1528.26,Linha Branca,2024-10-05,Eloah da Luz,Azevedo da Mata
2965,Liquidificador,Samsung,1,4525.09,Eletroportáteis,2025-03-19,Bernardo da Cruz,Farias
2966,Cafeteira,Mondial,1,866.87,Eletroportáteis,2024-11-27,Maria da Conceição,Cunha das Flores
2967,Geladeira,Panasonic,3,2661.7,Linha Branca,2024-02-18,Ana Beatriz Duarte,da Costa da Prata
2968,Televisão,LG,4,239.58,Eletrônicos,2024-05-20,Thiago Caldeira,Novaes
2969,Ar-Condicionado,Samsung,3,2033.56,Climatização,2024-10-13,Dr. Noah Rezende,da Mota
2970,Fogão,Mondial,4,1724.9,Linha Branca,2024-03-19,Kamilly da Rocha,da Mota do Oeste
2971,Geladeira,Midea,3,3209.52,Linha Branca,2025-02-23,Luiz Fernando Nogueira,Pires
2972,Secadora,Mondial,2,1252.9,Linha Branca,2024-02-26,Sr. Pedro Henrique Silva,Farias
2973,Geladeira,Electrolux,5,4127.65,Linha Branca,2025-03-06,Juan Mendes,Correia do Galho
2974,Televisão,Britânia,3,689.49,Eletrônicos,2023-10-12,Emanuelly Almeida,Pires Paulista
2975,Secadora,Midea,4,2389.05,Linha Branca,2023-09-20,Davi Lucas Souza,da Mota
2976,Televisão,LG,1,3334.5,Eletrônicos,2024-07-10,Larissa Farias,Alves
2977,Televisão,Midea,5,3540.02,Eletrônicos,2024-03-25,Sra. Bárbara Nogueira,Azevedo de Aragão
2978,Fogão,Panasonic,5,5341.9,Linha Branca,2024-10-18,Erick da Cunha,Araújo do Sul
2979,Geladeira,Midea,2,5456.59,Linha Branca,2024-11-09,Leonardo Mendes,Moraes de Azevedo
2980,Liquidificador,LG,4,4220.74,Eletroportáteis,2024-01-17,Clarice Correia,Nogueira
2981,Cafeteira,Philco,5,1132.99,Eletroportáteis,2025-06-08,Vitor Teixeira,Nascimento
2982,Ar-Condicionado,Panasonic,3,3965.99,Climatização,2025-02-18,Marina Carvalho,Gonçalves
2983,Aspirador de Pó,Electrolux,1,4655.75,Eletroportáteis,2024-01-11,Maysa Alves,Ferreira de Oliveira
2984,Geladeira,Midea,4,4641.54,Linha Branca,2024-07-12,Henrique Campos,Castro
2985,Aspirador de Pó,Samsung,2,3904.79,Eletroportáteis,2025-01-25,Ana Clara Silva,Aragão
2986,Aspirador de Pó,LG,1,5919.58,Eletroportáteis,2024-11-29,Camila Pinto,Duarte da Mata
2987,Televisão,Samsung,1,673.7,Eletrônicos,2023-12-29,Maysa Carvalho,Moraes
2988,Ar-Condicionado,LG,4,2202.72,Climatização,2025-01-28,Lavínia Moraes,Nascimento
2989,Fogão,LG,3,2251.01,Linha Branca,2023-11-10,Dr. Vitor Hugo Porto,Porto
2990,Aspirador de Pó,Samsung,4,2112.29,Eletroportáteis,2024-02-01,Maria Alice Ramos,Mendes
2991,Micro-ondas,Samsung,4,3626.45,Eletroportáteis,2025-01-18,Caio Moraes,Peixoto
2992,Aspirador de Pó,Consul,3,3364.61,Eletroportáteis,2024-02-21,Alice Costa,Sales
2993,Máquina de Lavar,Mondial,1,1743.92,Linha Branca,2025-03-18,Joana Ramos,Cardoso
2994,Ar-Condicionado,Panasonic,5,4205.26,Climatização,2023-09-11,Maria Clara Cavalcanti,Pires Grande
2995,Máquina de Lavar,Samsung,3,3872.03,Linha Branca,2025-03-10,Isabella Silveira,Azevedo
2996,Televisão,Midea,1,354.2,Eletrônicos,2024-09-17,Srta. Ana Lívia da Rocha,Cardoso de Novaes
2997,Micro-ondas,Philco,2,2392.85,Eletroportáteis,2023-12-14,Cauã Araújo,Ferreira
2998,Cafeteira,Midea,5,5836.7,Eletroportáteis,2025-03-23,Dr. Diego Silva,da Paz
2999,Televisão,Consul,1,895.31,Eletrônicos,2024-03-22,Thomas Silveira,Vieira de Azevedo
3000,Fogão,Brastemp,2,3459.21,Linha Branca,2025-01-10,Kaique Freitas,Sales
3001,Televisão,LG,1,4861.96,Eletrônicos,2024-01-28,Luiz Otávio Rocha,Santos
3002,Cafeteira,Philco,1,3574.03,Eletroportáteis,2023-07-23,Ryan Nunes,Pinto
3003,Micro-ondas,Samsung,5,5333.58,Eletroportáteis,2025-05-22,Paulo Novaes,Rocha
3004,Televisão,Consul,3,4585.79,Eletrônicos,2024-09-10,Thales Costela,Araújo
3005,Micro-ondas,Britânia,3,5568.08,Eletroportáteis,2023-11-07,Thiago Azevedo,Santos
3006,Máquina de Lavar,Brastemp,2,1933.92,Linha Branca,2024-01-27,Sr. Emanuel Aragão,Rocha das Flores
3007,Micro-ondas,Samsung,4,2620.22,Eletroportáteis,2024-09-26,Henrique Rezende,Pinto
3008,Máquina de Lavar,Consul,4,2772.27,Linha Branca,2024-03-27,Bruna Martins,Fogaça
3009,Micro-ondas,Britânia,1,4057.85,Eletroportáteis,2023-10-14,Sr. Enzo Caldeira,Novaes
3010,Liquidificador,Consul,2,860.44,Eletroportáteis,2025-02-14,Laura Campos,Moraes
3011,Cafeteira,Britânia,1,4072.24,Eletroportáteis,2024-10-25,Kevin Caldeira,Viana do Oeste
3012,Cafeteira,Brastemp,5,5401.43,Eletroportáteis,2023-08-03,Gustavo Barbosa,Rodrigues da Prata
3013,Micro-ondas,Brastemp,2,5478.03,Eletroportáteis,2025-03-13,Emanuella Vieira,da Mota de Cardoso
3014,Fogão,Brastemp,3,3571.07,Linha Branca,2024-08-30,Sophie Aragão,Ferreira
3015,Máquina de Lavar,Panasonic,2,5641.13,Linha Branca,2023-07-29,Benjamin Cardoso,Farias da Mata
3016,Fogão,Electrolux,1,1943.99,Linha Branca,2025-04-06,Raul Souza,da Rocha Alegre
3017,Máquina de Lavar,Mondial,5,4321.2,Linha Branca,2025-04-12,Bryan Silva,Jesus
3018,Televisão,Brastemp,1,2376.67,Eletrônicos,2024-08-01,Luiz Gustavo Barbosa,Caldeira de Jesus
3019,Televisão,Philco,3,3722.08,Eletrônicos,2024-07-17,Rebeca Silva,Teixeira Verde
3020,Cafeteira,Samsung,1,1782.66,Eletroportáteis,2025-04-28,Isabelly Melo,Pires
3021,Televisão,Britânia,4,557.23,Eletrônicos,2023-12-20,Lara Mendes,Cunha do Norte
3022,Televisão,Britânia,2,1837.05,Eletrônicos,2024-04-16,Sr. Pedro Miguel das Neves,Moura da Prata
3023,Aspirador de Pó,Electrolux,4,1403.72,Eletroportáteis,2024-11-09,Sr. Erick Araújo,Rocha
3024,Geladeira,Electrolux,3,3607.63,Linha Branca,2025-06-12,Pedro Henrique Fogaça,da Rosa da Mata
3025,Geladeira,LG,2,3802.22,Linha Branca,2024-02-09,Ana Ramos,Moreira de Pereira
3026,Televisão,Electrolux,4,800.04,Eletrônicos,2025-04-22,Sr. Benício Pereira,da Cunha
3027,Máquina de Lavar,Mondial,4,5649.55,Linha Branca,2023-10-17,Nicole Freitas,Freitas da Mata
3028,Aspirador de Pó,Electrolux,5,1092.4,Eletroportáteis,2025-05-19,Emanuel da Cruz,Novaes
3029,Aspirador de Pó,Philco,1,4836.23,Eletroportáteis,2024-09-23,Pedro Miguel Nascimento,Silveira
3030,Micro-ondas,Electrolux,4,2197.44,Eletroportáteis,2024-04-19,Ana Lívia Carvalho,Vieira Verde
3031,Televisão,Midea,3,2345.19,Eletrônicos,2024-06-01,Pietra Vieira,Monteiro de Caldeira
3032,Geladeira,Britânia,4,2454.87,Linha Branca,2024-04-25,Sr. Vinicius da Mota,Nascimento do Norte
3033,Ar-Condicionado,Britânia,5,5687.71,Climatização,2024-09-07,Carolina Ramos,Freitas
3034,Liquidificador,Philco,5,5750.46,Eletroportáteis,2023-12-10,Felipe Santos,Porto
3035,Televisão,Electrolux,1,2417.4,Eletrônicos,2025-05-31,Sr. Levi Jesus,Cunha da Mata
3036,Televisão,Britânia,2,4042.56,Eletrônicos,2025-02-21,Stella da Paz,Silva de Goiás
3037,Máquina de Lavar,Consul,2,2063.51,Linha Branca,2024-01-19,Luana Aragão,Silva
3038,Fogão,Samsung,3,914.66,Linha Branca,2024-04-25,Kaique da Conceição,da Mata de da Mota
3039,Máquina de Lavar,Samsung,5,1928.26,Linha Branca,2025-03-28,Alana Correia,Costa
3040,Micro-ondas,Brastemp,1,1322.71,Eletroportáteis,2024-01-28,Vitor Gabriel Nascimento,da Conceição
3041,Máquina de Lavar,Samsung,3,5293.14,Linha Branca,2024-12-27,Sra. Pietra Nunes,da Mata
3042,Televisão,LG,5,5679.43,Eletrônicos,2025-06-09,Luiz Felipe Nascimento,Moreira
3043,Liquidificador,Samsung,5,531.51,Eletroportáteis,2024-03-03,Maria Clara Peixoto,Moreira
3044,Máquina de Lavar,Britânia,4,5028.99,Linha Branca,2025-06-02,Evelyn Azevedo,Nunes
3045,Liquidificador,Mondial,1,2843.38,Eletroportáteis,2025-03-22,Dra. Fernanda Pires,Rezende das Pedras
3046,Geladeira,Consul,2,2823.38,Linha Branca,2025-02-01,Luiz Felipe da Rosa,Melo
3047,Liquidificador,Samsung,2,1257.01,Eletroportáteis,2024-03-12,Sr. Lucas Gabriel Castro,Costa do Campo
3048,Geladeira,LG,4,5262.67,Linha Branca,2024-04-25,Emanuella Silva,Rezende de Ramos
3049,Máquina de Lavar,Mondial,2,5445.77,Linha Branca,2024-06-15,Arthur Rocha,da Costa
3050,Cafeteira,Mondial,4,4427.51,Eletroportáteis,2023-09-09,João Lima,Lopes
3051,Fogão,LG,4,995.86,Linha Branca,2024-05-17,Luiz Felipe Costela,das Neves Grande
3052,Aspirador de Pó,Consul,2,871.7,Eletroportáteis,2025-06-06,Srta. Agatha das Neves,Jesus
3053,Geladeira,Electrolux,1,2800.24,Linha Branca,2025-03-11,Julia Cardoso,Melo de Silveira
3054,Televisão,Brastemp,1,4169.22,Eletrônicos,2024-06-16,Luigi Caldeira,Nogueira dos Dourados
3055,Secadora,Brastemp,5,5410.16,Linha Branca,2024-08-15,Emanuelly Moreira,Alves
3056,Cafeteira,Panasonic,1,5829.33,Eletroportáteis,2024-08-02,Marcelo Almeida,Castro
3057,Cafeteira,Britânia,5,5255.26,Eletroportáteis,2024-04-20,Leonardo da Paz,Pereira dos Dourados
3058,Micro-ondas,Samsung,3,5246.27,Eletroportáteis,2025-05-22,Lorena da Mota,Lopes dos Dourados
3059,Liquidificador,Philco,5,1437.46,Eletroportáteis,2024-09-12,Luana da Cunha,Nunes
3060,Televisão,Mondial,2,1390.37,Eletrônicos,2025-04-30,Dr. Renan Novaes,da Rosa do Oeste
3061,Ar-Condicionado,Britânia,2,1420.83,Climatização,2025-06-22,Gustavo Henrique Cardoso,da Rosa da Praia
3062,Secadora,Electrolux,2,5854.99,Linha Branca,2025-06-23,Laura Campos,Martins de Pires
3063,Ar-Condicionado,Midea,3,5230.48,Climatização,2024-03-15,Luiz Fernando Jesus,Sales da Serra
3064,Cafeteira,Samsung,4,681.02,Eletroportáteis,2023-09-09,Luiz Henrique Jesus,Viana
3065,Aspirador de Pó,Samsung,5,5005.11,Eletroportáteis,2024-04-09,Henrique Azevedo,Teixeira das Flores
3066,Máquina de Lavar,Consul,2,2840.24,Linha Branca,2024-12-30,Dra. Helena Farias,Azevedo de da Cruz
3067,Ar-Condicionado,Electrolux,3,4926.12,Climatização,2024-12-19,Gabriel Carvalho,Campos Grande
3068,Ar-Condicionado,Philco,2,5125.36,Climatização,2024-02-22,Marcela Ribeiro,Novaes de Lima
3069,Cafeteira,Britânia,1,3128.37,Eletroportáteis,2024-09-20,André Oliveira,Barbosa Grande
3070,Ar-Condicionado,LG,4,2525.79,Climatização,2024-04-23,Thiago Cardoso,Campos
3071,Fogão,Samsung,3,3045.99,Linha Branca,2024-12-01,Anthony Correia,Silva Verde
3072,Aspirador de Pó,LG,3,3084.66,Eletroportáteis,2024-09-13,Enrico Fogaça,Souza Paulista
3073,Televisão,Midea,2,3688.9,Eletrônicos,2024-03-12,Ana Beatriz Gomes,da Rosa
3074,Televisão,Philco,3,5204.46,Eletrônicos,2023-12-19,Daniel da Mota,Cunha de Freitas
3075,Fogão,Consul,5,5688.48,Linha Branca,2025-03-08,Maria Vitória Martins,das Neves de Santos
3076,Liquidificador,Panasonic,4,4300.98,Eletroportáteis,2024-07-23,Enzo Gabriel Martins,Moraes Paulista
3077,Fogão,Samsung,1,3640.73,Linha Branca,2024-06-13,Bernardo Pinto,Moraes de Minas
3078,Cafeteira,Brastemp,4,4704.79,Eletroportáteis,2025-06-15,Gabriela Viana,Rodrigues da Serra
3079,Aspirador de Pó,Samsung,3,906.39,Eletroportáteis,2024-01-16,Kevin Cunha,Nascimento do Galho
3080,Fogão,Brastemp,2,3204.12,Linha Branca,2024-01-26,Stella Costa,Lopes
3081,Secadora,Mondial,1,2127.33,Linha Branca,2024-07-30,Vinicius Ramos,Cardoso
3082,Micro-ondas,LG,2,1419.06,Eletroportáteis,2024-10-13,Ana Júlia Jesus,da Mata de Viana
3083,Máquina de Lavar,Philco,5,5874.45,Linha Branca,2023-10-07,Maitê Santos,Pereira de Azevedo
3084,Micro-ondas,Electrolux,4,3931.52,Eletroportáteis,2024-08-26,Luiz Henrique Cardoso,Mendes
3085,Fogão,LG,1,2236.29,Linha Branca,2023-11-03,Renan Farias,Martins
3086,Televisão,LG,1,926.37,Eletrônicos,2023-10-12,Amanda Alves,Carvalho dos Dourados
3087,Fogão,LG,3,2462.04,Linha Branca,2024-12-27,Enrico Costela,Martins de Minas
3088,Ar-Condicionado,Britânia,4,5253.61,Climatização,2023-07-15,Guilherme Fernandes,Rocha dos Dourados
3089,Televisão,Samsung,4,5569.96,Eletrônicos,2025-06-02,Renan Cardoso,Correia
3090,Ar-Condicionado,Brastemp,4,1682.65,Climatização,2024-11-13,João Vitor Melo,Peixoto
3091,Micro-ondas,Mondial,3,388.03,Eletroportáteis,2024-12-05,Sarah da Cunha,Cavalcanti da Serra
3092,Micro-ondas,Midea,5,4515.59,Eletroportáteis,2023-12-17,Levi Monteiro,Teixeira do Galho
3093,Máquina de Lavar,Philco,2,5433.83,Linha Branca,2025-06-21,Olivia Peixoto,Aragão
3094,Secadora,Britânia,1,3652.59,Linha Branca,2023-08-06,Eloah Caldeira,Oliveira
3095,Ar-Condicionado,Consul,5,5374.25,Climatização,2023-08-09,Valentina Rodrigues,Dias de Jesus
3096,Micro-ondas,Brastemp,4,3464.22,Eletroportáteis,2025-05-26,Dr. Guilherme Ferreira,Lopes
3097,Micro-ondas,Midea,2,231.74,Eletroportáteis,2025-04-18,Lorena Cardoso,Alves
3098,Aspirador de Pó,Midea,3,5023.21,Eletroportáteis,2025-03-12,Sra. Ana Julia da Paz,Cavalcanti
3099,Micro-ondas,Consul,2,3078.52,Eletroportáteis,2024-07-08,Elisa da Mota,Mendes do Sul
3100,Liquidificador,LG,3,1861.28,Eletroportáteis,2023-07-30,Enzo Gabriel Mendes,Peixoto de Ferreira
3101,Cafeteira,Consul,5,216.61,Eletroportáteis,2024-07-25,Luiz Henrique Azevedo,Campos
3102,Cafeteira,Samsung,5,5629.18,Eletroportáteis,2024-02-03,Manuela Monteiro,Lima Verde
3103,Ar-Condicionado,Britânia,3,2339.46,Climatização,2023-10-09,Mariana da Conceição,Moura das Flores
3104,Cafeteira,Brastemp,4,4798.27,Eletroportáteis,2025-04-21,Raul da Cunha,Pereira de Goiás
3105,Televisão,Britânia,3,5699.8,Eletrônicos,2024-04-17,Maria Clara da Costa,Moreira
3106,Fogão,Panasonic,3,4293.99,Linha Branca,2024-04-26,Leonardo Costela,da Cunha
3107,Cafeteira,Midea,2,5830.92,Eletroportáteis,2024-04-26,Srta. Camila Correia,Viana da Mata
3108,Fogão,Samsung,4,4794.66,Linha Branca,2024-01-23,Daniela Ramos,Nogueira da Prata
3109,Máquina de Lavar,Electrolux,3,5072.84,Linha Branca,2024-12-04,Rafael da Rocha,das Neves
3110,Aspirador de Pó,Brastemp,4,5609.43,Eletroportáteis,2023-10-25,Maitê Peixoto,Rocha
3111,Fogão,Consul,4,4663.39,Linha Branca,2025-02-01,Srta. Maria Eduarda Moraes,Campos da Praia
3112,Ar-Condicionado,Midea,3,3853.65,Climatização,2025-04-30,Theo Carvalho,Nogueira Grande
3113,Secadora,Midea,3,5012.53,Linha Branca,2023-11-24,Sra. Laura Pires,Rodrigues de Aragão
3114,Secadora,Panasonic,1,1587.94,Linha Branca,2023-10-16,Vitória Almeida,da Rocha do Campo
3115,Micro-ondas,Midea,5,4836.68,Eletroportáteis,2025-02-08,Natália Mendes,da Mata
3116,Aspirador de Pó,Electrolux,1,1395.85,Eletroportáteis,2024-07-03,Sophia Ferreira,da Cunha de Goiás
3117,Geladeira,Philco,3,3465.71,Linha Branca,2024-03-26,Thomas Castro,da Paz
3118,Geladeira,Britânia,1,4913.01,Linha Branca,2025-04-09,Bianca Souza,Pires do Sul
3119,Geladeira,LG,4,5698.27,Linha Branca,2023-10-02,Arthur Martins,Correia da Serra
3120,Ar-Condicionado,Consul,5,3717.9,Climatização,2023-12-17,Cauã Moreira,Pinto
3121,Televisão,Brastemp,4,1087.57,Eletrônicos,2024-07-14,Henrique Monteiro,Castro Alegre
3122,Micro-ondas,Brastemp,3,2160.21,Eletroportáteis,2023-07-27,Dr. Pedro Lucas Monteiro,Alves
3123,Televisão,Mondial,3,5519.71,Eletrônicos,2025-01-27,Juliana Teixeira,da Mata
3124,Cafeteira,Midea,2,5969.57,Eletroportáteis,2024-06-21,Melissa Pinto,Rocha
3125,Micro-ondas,Midea,3,578.26,Eletroportáteis,2023-10-12,Maria Alice Fernandes,Gonçalves
3126,Geladeira,Panasonic,3,3725.48,Linha Branca,2023-09-19,Bernardo Almeida,Silva
3127,Televisão,Panasonic,3,685.9,Eletrônicos,2024-05-04,Elisa Cardoso,Martins Verde
3128,Liquidificador,Mondial,4,1303.13,Eletroportáteis,2025-05-03,Rebeca Santos,Pinto Grande
3129,Secadora,Midea,5,652.99,Linha Branca,2025-06-22,Elisa Teixeira,Silveira
3130,Geladeira,LG,5,3257.3,Linha Branca,2025-05-09,Stephany Correia,da Rocha de Moraes
3131,Geladeira,Mondial,1,3545.95,Linha Branca,2025-01-21,Isabella Duarte,Vieira da Mata
3132,Ar-Condicionado,Electrolux,1,4241.53,Climatização,2023-11-17,João da Rosa,Pereira
3133,Fogão,Electrolux,1,2810.84,Linha Branca,2025-02-24,Nicole Barbosa,Aragão de Silveira
3134,Máquina de Lavar,Britânia,2,1061.49,Linha Branca,2024-01-22,Srta. Lara Peixoto,Alves
3135,Fogão,Midea,3,2287.32,Linha Branca,2024-05-28,Alana Novaes,Pinto
3136,Micro-ondas,Samsung,3,1232.28,Eletroportáteis,2024-08-09,Amanda Jesus,Silveira
3137,Ar-Condicionado,Electrolux,5,5213.08,Climatização,2025-05-09,Ana Julia Oliveira,da Cunha da Praia
3138,Secadora,Panasonic,1,3017.04,Linha Branca,2025-06-28,Cauê Nogueira,da Rocha de Nogueira
3139,Máquina de Lavar,Electrolux,1,4503.87,Linha Branca,2024-01-21,Carlos Eduardo Rezende,Nogueira da Prata
3140,Geladeira,Britânia,5,5759.0,Linha Branca,2023-10-02,Sr. Rodrigo Freitas,Campos da Mata
3141,Máquina de Lavar,Philco,3,1209.49,Linha Branca,2023-12-13,Marcelo Gonçalves,da Rocha de Fernandes
3142,Secadora,Midea,3,1737.9,Linha Branca,2024-10-19,Otávio Silveira,da Conceição
3143,Máquina de Lavar,Consul,4,1353.32,Linha Branca,2023-07-12,Gustavo Henrique da Paz,Pinto do Norte
3144,Aspirador de Pó,Mondial,1,257.8,Eletroportáteis,2024-01-04,Lívia Lopes,Peixoto
3145,Geladeira,Midea,4,2007.23,Linha Branca,2024-03-22,Lorenzo Rodrigues,Cunha
3146,Ar-Condicionado,Britânia,3,5039.29,Climatização,2023-10-22,Augusto da Costa,Silveira do Norte
3147,Geladeira,Mondial,4,5216.64,Linha Branca,2025-03-02,Erick Gonçalves,Gonçalves Paulista
3148,Máquina de Lavar,Panasonic,1,5053.83,Linha Branca,2024-09-24,André da Rosa,Alves
3149,Geladeira,Britânia,1,2280.12,Linha Branca,2024-12-29,Leonardo Pinto,da Costa
3150,Televisão,Samsung,4,5601.92,Eletrônicos,2023-11-21,Miguel da Conceição,Cunha Paulista
3151,Televisão,LG,5,3446.03,Eletrônicos,2025-04-30,Cauê Teixeira,Nunes
3152,Fogão,Consul,5,880.58,Linha Branca,2023-10-03,Srta. Caroline Ramos,Correia
3153,Cafeteira,Consul,4,4798.68,Eletroportáteis,2024-03-02,João Miguel da Costa,Cunha
3154,Máquina de Lavar,LG,4,2836.07,Linha Branca,2025-07-07,Daniel Ribeiro,Ribeiro
3155,Televisão,LG,4,3199.77,Eletrônicos,2024-04-27,André Dias,Souza de Carvalho
3156,Televisão,Panasonic,2,4205.0,Eletrônicos,2025-04-15,Vitória Peixoto,Oliveira
3157,Televisão,Electrolux,5,1579.81,Eletrônicos,2025-04-19,Vinicius Santos,Monteiro de Nunes
3158,Micro-ondas,Consul,3,4456.56,Eletroportáteis,2024-10-24,Sr. Luiz Gustavo Pereira,Moura de Minas
3159,Geladeira,Electrolux,4,3974.57,Linha Branca,2024-11-13,João Felipe da Cruz,da Mota da Mata
3160,Aspirador de Pó,Britânia,3,5704.96,Eletroportáteis,2023-10-16,Clara Nunes,Fogaça
3161,Televisão,Brastemp,4,2436.55,Eletrônicos,2024-09-13,Bruno da Rocha,Teixeira da Prata
3162,Cafeteira,Panasonic,5,1372.58,Eletroportáteis,2025-06-07,Francisco Azevedo,Santos
3163,Aspirador de Pó,Britânia,2,3308.1,Eletroportáteis,2023-09-11,Leandro Rodrigues,Castro de Campos
3164,Máquina de Lavar,Consul,1,3227.45,Linha Branca,2025-05-14,Srta. Sophia Silva,das Neves da Praia
3165,Cafeteira,Samsung,1,577.41,Eletroportáteis,2024-04-09,Kamilly Cardoso,Cardoso da Prata
3166,Televisão,Samsung,4,3616.41,Eletrônicos,2024-12-26,Natália Gomes,Ribeiro
3167,Cafeteira,Brastemp,5,4360.95,Eletroportáteis,2024-07-18,Lorena Correia,Teixeira
3168,Geladeira,Panasonic,4,569.63,Linha Branca,2024-06-02,Sr. Erick Castro,Novaes do Galho
3169,Aspirador de Pó,Electrolux,4,4342.89,Eletroportáteis,2024-01-10,Isabelly Vieira,da Conceição
3170,Liquidificador,Brastemp,2,3241.83,Eletroportáteis,2024-08-19,Lucca Martins,da Paz
3171,Secadora,Mondial,3,1843.78,Linha Branca,2023-12-23,Bryan Ferreira,Almeida
3172,Fogão,Electrolux,5,5790.08,Linha Branca,2024-09-08,Bernardo Moraes,Fogaça de Fernandes
3173,Cafeteira,Samsung,5,3661.07,Eletroportáteis,2024-05-18,Nicolas Porto,Azevedo de Moura
3174,Máquina de Lavar,Electrolux,1,2942.89,Linha Branca,2024-03-24,Thomas Correia,Araújo do Norte
3175,Aspirador de Pó,Electrolux,4,471.86,Eletroportáteis,2023-12-28,Nathan da Mota,Pereira da Serra
3176,Máquina de Lavar,Panasonic,2,2042.11,Linha Branca,2024-09-30,Dra. Amanda Vieira,Barbosa da Praia
3177,Micro-ondas,Panasonic,4,4659.7,Eletroportáteis,2024-12-20,Dra. Maria Vitória Carvalho,da Rocha
3178,Ar-Condicionado,Electrolux,1,1212.3,Climatização,2025-05-17,Augusto Costela,Barbosa do Galho
3179,Máquina de Lavar,Midea,5,4220.1,Linha Branca,2024-03-30,Manuela da Rosa,Duarte
3180,Geladeira,Electrolux,1,3747.53,Linha Branca,2025-04-06,Calebe Mendes,da Mata Grande
3181,Liquidificador,Consul,1,5500.48,Eletroportáteis,2023-12-10,Clarice Pereira,Moura
3182,Aspirador de Pó,LG,3,5712.29,Eletroportáteis,2024-11-30,Emanuel Pires,da Cruz da Mata
3183,Liquidificador,LG,3,1066.17,Eletroportáteis,2025-03-08,Pedro Henrique Martins,Correia Alegre
3184,Micro-ondas,LG,4,1774.66,Eletroportáteis,2023-12-09,Kamilly Ribeiro,Ribeiro de Barbosa
3185,Secadora,Britânia,2,1902.26,Linha Branca,2023-07-20,Laura Caldeira,Lima de Azevedo
3186,Micro-ondas,Mondial,5,5225.26,Eletroportáteis,2024-02-25,André das Neves,Pires das Pedras
3187,Ar-Condicionado,Brastemp,3,2252.49,Climatização,2025-02-07,Maria Nogueira,Moreira
3188,Micro-ondas,Britânia,1,4320.54,Eletroportáteis,2024-02-24,João Pedro Mendes,Melo
3189,Liquidificador,Brastemp,1,2994.73,Eletroportáteis,2024-01-06,Noah da Mata,Mendes de Goiás
3190,Geladeira,Consul,3,1136.5,Linha Branca,2025-06-04,Marcos Vinicius Jesus,Castro de Barros
3191,Micro-ondas,Britânia,4,4019.21,Eletroportáteis,2025-01-29,Levi Melo,da Luz de Minas
3192,Aspirador de Pó,Consul,2,1318.98,Eletroportáteis,2024-04-28,Brenda Nunes,Pereira da Praia
3193,Cafeteira,Samsung,5,3222.66,Eletroportáteis,2025-01-21,Sofia Martins,da Rocha
3194,Secadora,Britânia,5,2269.72,Linha Branca,2025-03-23,Augusto Monteiro,Fernandes da Mata
3195,Geladeira,Samsung,4,1769.13,Linha Branca,2023-10-22,Sra. Emanuella Nunes,Barros do Oeste
3196,Cafeteira,Midea,3,2676.2,Eletroportáteis,2023-10-30,Maysa Campos,Cunha
3197,Aspirador de Pó,Philco,5,814.32,Eletroportáteis,2024-12-11,Larissa Campos,Silveira
3198,Geladeira,Electrolux,3,3450.93,Linha Branca,2024-10-09,Brenda Santos,Nascimento
3199,Fogão,Electrolux,3,1698.28,Linha Branca,2023-08-27,Sra. Ana Vitória da Rocha,Araújo de Ribeiro
3200,Televisão,Samsung,2,5619.61,Eletrônicos,2025-05-13,Benjamin Castro,Peixoto
3201,Secadora,Philco,3,4715.4,Linha Branca,2024-06-15,Srta. Alana Correia,Carvalho Verde
3202,Cafeteira,Consul,3,1947.5,Eletroportáteis,2024-03-04,Clarice Freitas,da Mota de da Rosa
3203,Televisão,Britânia,5,1945.87,Eletrônicos,2023-09-27,Alícia Ferreira,da Luz do Amparo
3204,Geladeira,Philco,5,1123.67,Linha Branca,2025-03-22,Dra. Catarina Farias,Jesus do Amparo
3205,Liquidificador,Mondial,3,1170.24,Eletroportáteis,2023-09-17,Lucca Souza,Santos
3206,Secadora,Mondial,4,3495.31,Linha Branca,2024-11-07,Luiz Miguel Melo,Costela
3207,Televisão,Consul,2,1420.03,Eletrônicos,2023-10-30,Ana Lívia Barros,Pereira
3208,Geladeira,Samsung,4,2569.57,Linha Branca,2023-12-16,Isabel Pires,Pires
3209,Secadora,Midea,4,2469.76,Linha Branca,2023-12-16,Calebe Rodrigues,da Luz
3210,Secadora,Consul,2,5506.31,Linha Branca,2023-11-05,Lorenzo Fogaça,Azevedo da Mata
3211,Ar-Condicionado,Philco,3,228.48,Climatização,2024-05-27,Murilo Cardoso,Ferreira de Carvalho
3212,Ar-Condicionado,Brastemp,4,3353.44,Climatização,2024-07-25,Eduardo Barros,da Cunha
3213,Secadora,Brastemp,3,4133.51,Linha Branca,2024-03-21,Guilherme Farias,Pinto
3214,Cafeteira,Consul,4,1841.23,Eletroportáteis,2023-10-03,Lavínia Cavalcanti,da Paz dos Dourados
3215,Cafeteira,Midea,5,826.67,Eletroportáteis,2023-12-02,Brenda Sales,Lopes de Minas
3216,Televisão,Midea,5,4938.19,Eletrônicos,2025-03-21,Dr. Davi Silva,Oliveira
3217,Ar-Condicionado,Electrolux,2,2176.69,Climatização,2025-02-23,Enrico Fogaça,Ramos do Oeste
3218,Televisão,Electrolux,3,3225.24,Eletrônicos,2023-09-21,Erick da Cunha,da Conceição
3219,Aspirador de Pó,Mondial,1,3841.74,Eletroportáteis,2024-06-16,Bruna Silva,Vieira do Sul
3220,Geladeira,Electrolux,1,4991.66,Linha Branca,2025-06-13,Augusto Araújo,Alves das Pedras
3221,Fogão,Mondial,3,2243.28,Linha Branca,2024-02-23,Maria Fernanda da Paz,Santos do Amparo
3222,Máquina de Lavar,Brastemp,5,5509.23,Linha Branca,2024-02-20,Maysa Freitas,Pires do Amparo
3223,Geladeira,Electrolux,3,3479.86,Linha Branca,2024-07-14,Maria Luiza Alves,Monteiro
3224,Geladeira,LG,2,1468.13,Linha Branca,2023-08-22,Sr. Cauê Aragão,Gomes da Praia
3225,Secadora,Brastemp,5,3495.94,Linha Branca,2023-07-15,Bárbara Lima,da Mata da Praia
3226,Aspirador de Pó,Samsung,4,5663.33,Eletroportáteis,2025-04-07,Kamilly Fogaça,da Paz do Norte
3227,Liquidificador,Panasonic,5,2666.44,Eletroportáteis,2023-07-17,Augusto da Mota,Lopes de Goiás
3228,Ar-Condicionado,Mondial,4,4417.27,Climatização,2025-04-03,Srta. Eloah Cunha,Cunha das Flores
3229,Secadora,Brastemp,1,4803.25,Linha Branca,2024-08-14,Maysa Araújo,Moreira Paulista
3230,Cafeteira,Brastemp,4,2464.51,Eletroportáteis,2024-03-18,Vitor Hugo Cardoso,da Cunha
3231,Liquidificador,Samsung,5,1613.58,Eletroportáteis,2023-10-16,Rafaela Dias,Oliveira
3232,Ar-Condicionado,Consul,2,4162.72,Climatização,2025-03-20,Ana Silva,Nascimento de Cunha
3233,Geladeira,Samsung,5,1125.71,Linha Branca,2024-12-24,Dra. Alexia Costa,Carvalho
3234,Fogão,Brastemp,1,3496.33,Linha Branca,2024-01-03,Caroline Rezende,da Rocha de Teixeira
3235,Ar-Condicionado,Consul,2,5449.21,Climatização,2025-01-21,Thiago Lima,Rocha do Amparo
3236,Geladeira,Britânia,1,5943.66,Linha Branca,2025-01-29,Isabelly da Costa,Lopes
3237,Máquina de Lavar,Brastemp,5,1592.5,Linha Branca,2025-01-29,Sra. Marcela Araújo,da Luz das Flores
3238,Ar-Condicionado,Electrolux,1,2029.87,Climatização,2024-12-11,Isabella Pires,da Mata do Sul
3239,Aspirador de Pó,Midea,2,5876.06,Eletroportáteis,2023-07-16,Elisa Azevedo,Carvalho
3240,Geladeira,Philco,1,1049.62,Linha Branca,2024-09-04,Dra. Marcela Martins,Fernandes
3241,Cafeteira,Brastemp,1,1618.8,Eletroportáteis,2024-06-18,Carlos Eduardo Caldeira,das Neves
3242,Geladeira,Samsung,5,3839.71,Linha Branca,2024-01-31,Srta. Isis Oliveira,Ferreira
3243,Secadora,Brastemp,5,1398.02,Linha Branca,2024-01-01,Mirella da Rocha,da Mata
3244,Micro-ondas,Britânia,1,1950.23,Eletroportáteis,2023-11-05,Breno Sales,Lopes do Galho
3245,Fogão,Philco,2,312.7,Linha Branca,2024-07-05,Heitor das Neves,Rodrigues
3246,Secadora,Brastemp,3,860.75,Linha Branca,2024-02-04,Emanuel Correia,Moraes
3247,Televisão,Mondial,3,3710.68,Eletrônicos,2024-08-12,Ana Sophia da Mota,Almeida
3248,Televisão,Mondial,3,1148.94,Eletrônicos,2024-03-05,Alícia da Cunha,Ramos da Prata
3249,Televisão,Electrolux,3,1140.44,Eletrônicos,2025-05-18,Sr. João Gabriel Cardoso,Monteiro de Campos
3250,Aspirador de Pó,Britânia,2,3638.17,Eletroportáteis,2023-08-02,Sra. Alice Sales,Cardoso da Prata
3251,Fogão,Electrolux,2,1138.16,Linha Branca,2024-03-20,Maria Alice Araújo,Gonçalves
3252,Máquina de Lavar,Midea,5,3619.47,Linha Branca,2024-08-20,João Guilherme Rezende,Novaes
3253,Máquina de Lavar,Britânia,4,4238.21,Linha Branca,2024-02-03,Maria Peixoto,Correia da Prata
3254,Geladeira,Midea,5,4640.63,Linha Branca,2024-04-30,Thomas Barros,Ramos de Campos
3255,Liquidificador,Philco,5,3271.09,Eletroportáteis,2025-04-21,Brenda Nascimento,Costa do Oeste
3256,Aspirador de Pó,Samsung,5,5314.34,Eletroportáteis,2025-02-23,Cauã Fernandes,da Mota do Oeste
3257,Micro-ondas,Panasonic,1,4503.23,Eletroportáteis,2024-12-11,Dra. Alícia Gomes,Fogaça Grande
3258,Liquidificador,Brastemp,5,2696.68,Eletroportáteis,2024-06-02,Lucas Cunha,Fogaça
3259,Televisão,Mondial,1,1747.1,Eletrônicos,2025-07-03,André Porto,Santos Grande
3260,Secadora,Electrolux,1,2729.28,Linha Branca,2025-06-25,Vicente Azevedo,Fernandes dos Dourados
3261,Secadora,Samsung,4,3323.98,Linha Branca,2024-06-26,João Lucas Porto,Souza
3262,Aspirador de Pó,Brastemp,4,1905.88,Eletroportáteis,2025-01-16,Yasmin Freitas,Pires do Sul
3263,Geladeira,Panasonic,5,3030.33,Linha Branca,2024-09-27,Kaique Moura,Ferreira do Sul
3264,Aspirador de Pó,Consul,4,5860.53,Eletroportáteis,2024-09-12,Sra. Ana Vitória Rocha,Viana
3265,Micro-ondas,Britânia,3,3351.95,Eletroportáteis,2025-01-07,Melissa Almeida,Azevedo do Sul
3266,Fogão,Consul,2,3289.7,Linha Branca,2023-07-25,Eloah Oliveira,Ramos
3267,Ar-Condicionado,Samsung,2,2221.5,Climatização,2024-02-24,João Farias,Fernandes
3268,Liquidificador,Britânia,5,2701.8,Eletroportáteis,2024-04-21,Isis Lopes,Rodrigues de Mendes
3269,Secadora,Midea,3,872.81,Linha Branca,2023-12-13,Diego Sales,da Cunha
3270,Fogão,LG,3,5785.06,Linha Branca,2024-11-06,Beatriz Carvalho,Rocha do Oeste
3271,Televisão,Panasonic,4,1346.38,Eletrônicos,2024-03-02,Yuri Fernandes,Dias
3272,Fogão,Brastemp,1,4982.18,Linha Branca,2023-10-26,Catarina Vieira,Ferreira
3273,Fogão,Consul,3,742.38,Linha Branca,2024-05-07,Mirella Dias,Rocha do Galho
3274,Cafeteira,Samsung,1,1219.68,Eletroportáteis,2024-04-29,Ana Julia Nogueira,Barros
3275,Geladeira,Samsung,2,5928.9,Linha Branca,2023-10-14,Dra. Bianca Duarte,Ramos do Oeste
3276,Aspirador de Pó,Electrolux,4,2682.25,Eletroportáteis,2023-07-19,Lívia Rocha,da Conceição
3277,Televisão,Panasonic,5,4451.67,Eletrônicos,2025-03-16,Davi Lucca Fogaça,Farias Paulista
3278,Fogão,Consul,5,963.47,Linha Branca,2023-11-23,Eloah da Cunha,Barbosa das Flores
3279,Liquidificador,Samsung,4,4890.43,Eletroportáteis,2023-10-02,Kevin Costela,Barros das Flores
3280,Secadora,Britânia,3,2155.2,Linha Branca,2023-09-22,Marina Moraes,Freitas da Mata
3281,Secadora,Consul,2,5303.6,Linha Branca,2025-03-09,Nicolas Pinto,Rodrigues
3282,Televisão,Samsung,2,5747.82,Eletrônicos,2024-12-23,Luiz Miguel Monteiro,Alves do Sul
3283,Micro-ondas,Consul,4,2612.6,Eletroportáteis,2024-10-17,Ana Laura Caldeira,Costa
3284,Liquidificador,Samsung,1,3385.04,Eletroportáteis,2023-09-24,Helena Rocha,Cardoso
3285,Aspirador de Pó,Philco,5,934.59,Eletroportáteis,2023-12-28,Luiza Freitas,Vieira das Flores
3286,Geladeira,Philco,2,2914.0,Linha Branca,2025-07-09,Sr. Enzo Silveira,Teixeira da Serra
3287,Secadora,Britânia,2,3117.86,Linha Branca,2025-02-13,Vitor Hugo da Rosa,Ramos Verde
3288,Geladeira,Panasonic,3,5731.54,Linha Branca,2023-10-19,Ana Júlia Alves,Lima
3289,Máquina de Lavar,Samsung,2,5136.34,Linha Branca,2024-09-11,Daniel Nunes,Jesus
3290,Liquidificador,Consul,5,4336.21,Eletroportáteis,2025-05-07,Isabel das Neves,Rocha
3291,Aspirador de Pó,Midea,2,4056.85,Eletroportáteis,2024-09-28,Sr. Davi Lucca Moura,Cardoso do Oeste
3292,Ar-Condicionado,LG,1,519.58,Climatização,2023-10-25,Thiago Dias,Lopes
3293,Secadora,Philco,5,3185.5,Linha Branca,2023-12-15,Nicolas Cavalcanti,Castro
3294,Ar-Condicionado,Britânia,3,752.43,Climatização,2025-01-10,Joana Pires,Santos de Pinto
3295,Geladeira,Consul,3,4518.16,Linha Branca,2024-02-21,Dr. Alexandre Fernandes,Souza de Carvalho
3296,Aspirador de Pó,Samsung,3,438.38,Eletroportáteis,2024-03-06,Alexandre da Luz,Pinto
3297,Máquina de Lavar,LG,1,1437.72,Linha Branca,2024-12-24,Ana Carolina Nunes,Pereira
3298,Ar-Condicionado,Midea,1,5645.48,Climatização,2023-12-11,Vitor Hugo Nogueira,Santos de Nascimento
3299,Micro-ondas,Consul,2,3944.59,Eletroportáteis,2023-11-24,Helena Martins,Cunha da Prata
3300,Aspirador de Pó,Brastemp,4,683.91,Eletroportáteis,2024-10-02,Isabelly Duarte,Fernandes das Flores
3301,Micro-ondas,Panasonic,4,5633.05,Eletroportáteis,2024-11-23,Valentina Costa,Pereira de Cardoso
3302,Fogão,Brastemp,4,3861.53,Linha Branca,2024-12-05,Sr. Eduardo Gonçalves,Carvalho da Serra
3303,Máquina de Lavar,Midea,4,5621.44,Linha Branca,2025-04-20,Raul Alves,Alves de Cavalcanti
3304,Fogão,Philco,3,4467.48,Linha Branca,2025-01-24,Renan Teixeira,Rodrigues
3305,Fogão,Electrolux,4,870.45,Linha Branca,2024-02-07,Srta. Ana Carolina Moura,Cunha
3306,Ar-Condicionado,Samsung,1,296.67,Climatização,2023-09-04,Valentina Carvalho,Fogaça
3307,Televisão,Britânia,5,5228.38,Eletrônicos,2023-10-14,Maria Alice Correia,Ribeiro da Prata
3308,Liquidificador,Mondial,1,2731.9,Eletroportáteis,2024-02-16,Thomas Rocha,Gomes do Campo
3309,Televisão,Electrolux,2,1195.03,Eletrônicos,2024-07-30,Bruno Dias,Viana
3310,Secadora,Panasonic,5,3139.47,Linha Branca,2023-12-24,Luigi Campos,da Rosa
3311,Micro-ondas,LG,5,2047.2,Eletroportáteis,2024-08-10,Agatha Mendes,Barbosa
3312,Micro-ondas,Britânia,4,1103.76,Eletroportáteis,2024-07-26,Bruno Ferreira,da Paz Verde
3313,Fogão,Consul,3,3491.34,Linha Branca,2024-12-01,Maria Sophia Novaes,da Mota de Castro
3314,Ar-Condicionado,Midea,3,4704.68,Climatização,2025-01-08,Maria Cecília da Rosa,Santos do Galho
3315,Cafeteira,LG,5,2074.76,Eletroportáteis,2024-08-16,Heitor Barbosa,Gonçalves
3316,Cafeteira,Mondial,2,4632.45,Eletroportáteis,2024-12-03,Luiz Henrique Silva,Jesus
3317,Ar-Condicionado,Consul,4,1582.64,Climatização,2023-08-27,Maria Porto,Moraes do Sul
3318,Televisão,Panasonic,5,1630.14,Eletrônicos,2024-04-14,João Lucas Freitas,Costela
3319,Liquidificador,Panasonic,1,3835.72,Eletroportáteis,2024-01-27,Yago Ferreira,Rezende do Norte
3320,Cafeteira,Britânia,3,1802.67,Eletroportáteis,2023-12-27,Gustavo Ramos,Moreira de Pinto
3321,Geladeira,Britânia,4,1161.27,Linha Branca,2023-09-11,Yuri Nascimento,Dias
3322,Televisão,Philco,1,1136.09,Eletrônicos,2025-03-03,Danilo Alves,Dias Grande
3323,Secadora,LG,5,4359.26,Linha Branca,2025-01-01,Yasmin da Rosa,Campos dos Dourados
3324,Fogão,Britânia,5,4352.3,Linha Branca,2025-01-20,Ana Clara Araújo,Santos
3325,Micro-ondas,Panasonic,5,3403.4,Eletroportáteis,2025-07-02,Sr. Marcelo Souza,Rodrigues Paulista
3326,Secadora,LG,3,383.43,Linha Branca,2023-12-15,Augusto Lopes,Castro do Campo
3327,Geladeira,Britânia,3,505.69,Linha Branca,2023-09-18,Marcos Vinicius Dias,Aragão
3328,Micro-ondas,Philco,3,3190.87,Eletroportáteis,2023-10-05,Maysa da Rocha,Peixoto da Mata
3329,Máquina de Lavar,Midea,3,5999.06,Linha Branca,2024-07-25,Lara da Conceição,Melo de Dias
3330,Cafeteira,Electrolux,4,5681.13,Eletroportáteis,2025-03-28,Dr. Vinicius Correia,Almeida
3331,Fogão,Brastemp,4,5188.43,Linha Branca,2024-07-11,Sra. Emanuella Cardoso,Castro
3332,Fogão,Mondial,5,5669.04,Linha Branca,2024-06-22,Vitor Hugo Cardoso,Teixeira de Minas
3333,Secadora,LG,1,1695.87,Linha Branca,2024-04-07,Bianca Rocha,Oliveira
3334,Máquina de Lavar,Consul,2,3287.41,Linha Branca,2024-11-19,Maria Porto,Mendes
3335,Máquina de Lavar,Brastemp,1,3182.05,Linha Branca,2024-04-08,Joana Oliveira,Mendes do Oeste
3336,Ar-Condicionado,Panasonic,2,1361.7,Climatização,2024-09-27,Davi Luiz Ferreira,Moraes
3337,Aspirador de Pó,Brastemp,2,5905.13,Eletroportáteis,2024-10-23,Maitê Pires,Araújo Verde
3338,Secadora,Brastemp,5,3610.86,Linha Branca,2025-02-03,Dra. Amanda Rocha,Nunes Verde
3339,Micro-ondas,Mondial,2,4266.94,Eletroportáteis,2025-01-02,Luiz Felipe Rocha,Farias de Costa
3340,Micro-ondas,Midea,2,3050.77,Eletroportáteis,2023-11-05,Sra. Maria Julia Carvalho,Moreira do Norte
3341,Geladeira,Philco,1,3541.41,Linha Branca,2023-11-10,Joaquim Pereira,Pinto Alegre
3342,Micro-ondas,Consul,2,4915.56,Eletroportáteis,2024-01-26,Nina Farias,Barbosa dos Dourados
3343,Ar-Condicionado,Philco,1,3430.48,Climatização,2024-09-29,Luna Lopes,Jesus
3344,Micro-ondas,Mondial,1,1315.49,Eletroportáteis,2023-07-19,Enzo Castro,Nunes
3345,Geladeira,Philco,2,1632.77,Linha Branca,2025-04-29,Paulo Cunha,Gonçalves
3346,Cafeteira,Electrolux,3,4186.44,Eletroportáteis,2023-12-04,Isabelly Rodrigues,Jesus Alegre
3347,Ar-Condicionado,Consul,2,5269.96,Climatização,2024-01-17,Sr. Ryan Gonçalves,Farias da Mata
3348,Micro-ondas,Britânia,4,2227.69,Eletroportáteis,2024-12-03,Gabriel das Neves,Almeida de Nunes
3349,Televisão,Brastemp,1,2860.01,Eletrônicos,2025-05-31,Nicolas da Cunha,Melo da Prata
3350,Geladeira,LG,5,2492.85,Linha Branca,2024-07-23,João Gabriel Caldeira,Duarte
3351,Fogão,Mondial,2,3501.12,Linha Branca,2024-01-28,Laura Martins,Ferreira
3352,Cafeteira,Midea,3,218.99,Eletroportáteis,2023-07-12,Srta. Caroline Silveira,da Cunha das Flores
3353,Liquidificador,Electrolux,3,809.25,Eletroportáteis,2025-05-26,João Gabriel Correia,Viana de da Costa
3354,Micro-ondas,Consul,3,2106.92,Eletroportáteis,2025-06-15,Dr. Bernardo Oliveira,Santos
3355,Secadora,Mondial,5,4493.38,Linha Branca,2024-04-11,Joana Farias,Costa das Flores
3356,Fogão,Panasonic,2,970.42,Linha Branca,2024-03-21,Pedro Lucas Gonçalves,Sales das Pedras
3357,Cafeteira,Samsung,4,2005.77,Eletroportáteis,2023-07-30,Ana Vitória Fernandes,Caldeira
3358,Cafeteira,Philco,2,2745.09,Eletroportáteis,2023-07-18,Luana Costa,Lopes dos Dourados
3359,Micro-ondas,Panasonic,4,4584.61,Eletroportáteis,2024-11-14,Henrique Alves,Viana
3360,Aspirador de Pó,Midea,1,1064.85,Eletroportáteis,2023-12-30,Clara Castro,Aragão Alegre
3361,Secadora,Midea,5,3428.14,Linha Branca,2024-12-20,Srta. Ana Laura da Mata,da Rocha
3362,Cafeteira,Consul,2,578.83,Eletroportáteis,2023-07-23,Yago Silva,Correia Paulista
3363,Ar-Condicionado,Electrolux,3,1173.17,Climatização,2025-01-11,Vitor Gabriel Caldeira,Costa do Campo
3364,Aspirador de Pó,Midea,2,3872.08,Eletroportáteis,2025-06-28,Dr. Nicolas Castro,Santos
3365,Secadora,LG,4,4865.69,Linha Branca,2024-03-31,Sra. Laís Mendes,Mendes de Jesus
3366,Cafeteira,Electrolux,4,5596.98,Eletroportáteis,2024-11-08,Elisa Souza,da Paz da Praia
3367,Cafeteira,LG,4,653.02,Eletroportáteis,2025-06-11,Sra. Stephany Barros,Melo do Galho
3368,Máquina de Lavar,Consul,1,5802.21,Linha Branca,2024-03-18,João Guilherme Araújo,Fogaça de Lima
3369,Ar-Condicionado,Britânia,3,5544.67,Climatização,2023-11-06,Maria Fernanda Duarte,Silveira Alegre
3370,Liquidificador,Panasonic,1,4973.65,Eletroportáteis,2024-01-26,Sr. Otávio Teixeira,Rocha Verde
3371,Cafeteira,LG,2,1046.99,Eletroportáteis,2025-06-26,Maria Julia Freitas,Melo da Prata
3372,Liquidificador,Consul,5,302.71,Eletroportáteis,2023-07-11,Pedro Lucas da Mata,Aragão
3373,Aspirador de Pó,Panasonic,1,5701.52,Eletroportáteis,2024-07-12,Daniela Barros,Rezende
3374,Ar-Condicionado,Panasonic,3,5634.66,Climatização,2025-02-28,Luana Lopes,Castro de da Conceição
3375,Secadora,Consul,5,5637.76,Linha Branca,2024-06-17,Raquel Pinto,Rocha
3376,Geladeira,Philco,3,5277.97,Linha Branca,2024-04-14,Dra. Emanuella Santos,Costa
3377,Cafeteira,Consul,1,653.73,Eletroportáteis,2023-07-14,Luiz Fernando Rocha,da Cruz
3378,Liquidificador,Samsung,3,5833.13,Eletroportáteis,2024-12-16,Lucas Pereira,Pereira Paulista
3379,Ar-Condicionado,Panasonic,5,1240.7,Climatização,2023-09-21,Dr. Gustavo Vieira,Jesus
3380,Secadora,Britânia,4,1402.84,Linha Branca,2023-10-27,João Miguel Ribeiro,da Rosa
3381,Liquidificador,Electrolux,3,4375.88,Eletroportáteis,2025-02-10,Dr. Daniel Nunes,Rocha Grande
3382,Geladeira,LG,4,927.71,Linha Branca,2025-06-10,Lara das Neves,da Mata
3383,Secadora,Midea,4,2037.8,Linha Branca,2025-06-29,Sr. Igor Fogaça,Costa de da Mata
3384,Cafeteira,Consul,3,5993.83,Eletroportáteis,2024-08-04,Maria Vitória Caldeira,Nogueira das Pedras
3385,Liquidificador,Samsung,1,2704.28,Eletroportáteis,2025-05-20,Milena Fernandes,da Cruz da Praia
3386,Fogão,Brastemp,5,333.72,Linha Branca,2024-01-13,Srta. Ana Luiza Vieira,Azevedo Verde
3387,Liquidificador,Brastemp,3,3426.11,Eletroportáteis,2025-02-25,Gabrielly Barbosa,Barros
3388,Ar-Condicionado,LG,2,2700.38,Climatização,2024-11-30,Raquel da Rosa,da Mota
3389,Aspirador de Pó,Brastemp,3,5041.19,Eletroportáteis,2023-11-22,Theo Viana,Jesus Grande
3390,Secadora,Philco,4,2454.31,Linha Branca,2023-09-10,Vitor Hugo da Paz,Rocha
3391,Máquina de Lavar,Mondial,2,3055.79,Linha Branca,2023-10-29,Ana Júlia Oliveira,Moura
3392,Fogão,Panasonic,1,1057.3,Linha Branca,2023-12-08,Emanuella Gonçalves,Duarte
3393,Cafeteira,Samsung,3,5554.21,Eletroportáteis,2024-12-23,Olivia Moraes,da Cunha do Sul
3394,Máquina de Lavar,Philco,1,3171.94,Linha Branca,2024-04-28,Dr. Gabriel Almeida,Monteiro
3395,Fogão,Midea,4,5335.23,Linha Branca,2024-07-23,Agatha Moura,Porto de da Luz
3396,Cafeteira,Panasonic,1,1239.55,Eletroportáteis,2025-07-04,Srta. Helena da Cruz,Aragão
3397,Secadora,Panasonic,1,2362.26,Linha Branca,2025-01-22,Caio Caldeira,Freitas
3398,Geladeira,Electrolux,4,4628.4,Linha Branca,2024-10-26,Luigi da Conceição,Teixeira Grande
3399,Cafeteira,Consul,5,3085.82,Eletroportáteis,2024-04-17,Davi Cavalcanti,Martins
3400,Cafeteira,LG,2,492.9,Eletroportáteis,2024-05-13,Cecília Mendes,Moraes do Sul
3401,Fogão,Consul,1,5265.96,Linha Branca,2024-04-30,Dra. Carolina das Neves,Ramos do Sul
3402,Geladeira,Britânia,5,2028.91,Linha Branca,2023-08-08,Murilo Costela,da Mota
3403,Cafeteira,Midea,2,5995.41,Eletroportáteis,2025-03-25,Bárbara Peixoto,Silva
3404,Máquina de Lavar,Samsung,2,2354.94,Linha Branca,2025-04-12,Laura Souza,Rezende Verde
3405,Cafeteira,Panasonic,5,5883.56,Eletroportáteis,2024-10-25,Vicente Lopes,Ribeiro
3406,Ar-Condicionado,Midea,3,2168.93,Climatização,2024-05-29,Thomas Jesus,da Paz
3407,Ar-Condicionado,Brastemp,2,1274.62,Climatização,2024-10-28,Emilly da Luz,Fernandes do Galho
3408,Ar-Condicionado,Britânia,5,1266.82,Climatização,2023-09-11,Danilo Fernandes,Santos Alegre
3409,Televisão,LG,5,2787.44,Eletrônicos,2024-02-06,Daniela Gomes,Gomes
3410,Geladeira,Consul,2,5063.74,Linha Branca,2025-07-02,Gabrielly da Cruz,Ramos
3411,Máquina de Lavar,Consul,3,1074.6,Linha Branca,2024-06-09,Srta. Laura das Neves,Martins
3412,Cafeteira,Panasonic,4,4414.14,Eletroportáteis,2024-08-11,Breno das Neves,da Mata da Serra
3413,Ar-Condicionado,Mondial,3,2995.36,Climatização,2025-06-23,Dra. Eduarda Santos,Moraes
3414,Ar-Condicionado,Mondial,5,3228.14,Climatização,2024-01-04,Marina Vieira,Lima de Goiás
3415,Fogão,Brastemp,3,4702.73,Linha Branca,2024-07-05,Ana Beatriz Caldeira,Souza
3416,Fogão,Consul,3,1184.97,Linha Branca,2024-03-13,Júlia Moraes,Pires
3417,Micro-ondas,Mondial,4,1297.86,Eletroportáteis,2023-07-12,Maria Vitória Jesus,Caldeira
3418,Cafeteira,Midea,3,5596.88,Eletroportáteis,2024-06-28,Ana Clara Barbosa,Rezende
3419,Aspirador de Pó,Britânia,5,4620.32,Eletroportáteis,2025-02-21,Dr. Diogo Fogaça,da Conceição
3420,Secadora,Brastemp,4,4634.48,Linha Branca,2025-06-30,Igor das Neves,Teixeira do Campo
3421,Máquina de Lavar,Midea,4,5998.27,Linha Branca,2024-07-31,Ana Carolina da Mota,da Luz de Barbosa
3422,Ar-Condicionado,Panasonic,3,5284.03,Climatização,2024-12-11,Isabelly Teixeira,Costela
3423,Secadora,Philco,5,3415.44,Linha Branca,2024-06-03,Luigi Souza,Moreira do Amparo
3424,Secadora,Midea,3,1844.13,Linha Branca,2025-04-09,Vitória Mendes,Ribeiro
3425,Micro-ondas,Mondial,2,5276.63,Eletroportáteis,2024-12-29,Arthur Carvalho,Lima do Galho
3426,Televisão,Brastemp,1,452.25,Eletrônicos,2025-02-03,Camila Ramos,Barbosa
3427,Aspirador de Pó,Samsung,2,4082.47,Eletroportáteis,2023-11-15,Sra. Fernanda Fogaça,Alves de Lima
3428,Micro-ondas,Consul,2,3963.85,Eletroportáteis,2024-08-12,Davi Lucas da Conceição,Peixoto de Araújo
3429,Secadora,Samsung,3,326.43,Linha Branca,2025-02-28,Sr. Cauã Nascimento,Azevedo
3430,Aspirador de Pó,Panasonic,3,4851.51,Eletroportáteis,2025-02-16,Enzo Gabriel Monteiro,Ramos das Flores
3431,Máquina de Lavar,Britânia,4,5318.26,Linha Branca,2024-04-09,Sra. Vitória Cardoso,da Mata da Praia
3432,Secadora,Mondial,2,1188.51,Linha Branca,2024-04-09,Luiz Otávio Freitas,da Paz
3433,Televisão,Samsung,5,2350.17,Eletrônicos,2025-06-11,Antônio da Costa,Aragão
3434,Geladeira,Electrolux,3,1949.23,Linha Branca,2023-11-15,Maria Luiza Freitas,Barros
3435,Televisão,Electrolux,5,4690.12,Eletrônicos,2023-08-10,Daniel Silva,Gomes do Sul
3436,Liquidificador,Panasonic,3,1406.41,Eletroportáteis,2024-01-18,Marcelo Castro,da Paz
3437,Ar-Condicionado,Britânia,3,2870.56,Climatização,2024-03-29,Yago Mendes,Nogueira da Prata
3438,Máquina de Lavar,Consul,2,1180.25,Linha Branca,2024-04-15,Augusto Nogueira,Martins do Norte
3439,Máquina de Lavar,Mondial,3,4500.41,Linha Branca,2024-06-29,Yasmin Ferreira,da Mata
3440,Cafeteira,Samsung,4,3200.59,Eletroportáteis,2024-03-23,Maria Cecília da Rosa,Costa das Flores
3441,Geladeira,Panasonic,5,5301.49,Linha Branca,2024-03-17,Natália Porto,Porto de Gomes
3442,Cafeteira,Electrolux,1,5074.79,Eletroportáteis,2024-10-22,Vitor Gabriel Cardoso,Campos de Aragão
3443,Aspirador de Pó,Consul,2,5976.49,Eletroportáteis,2024-10-12,Pietra Melo,Aragão da Praia
3444,Liquidificador,Brastemp,1,4912.41,Eletroportáteis,2025-04-11,Valentina Moura,Freitas de Goiás
3445,Televisão,Panasonic,4,976.76,Eletrônicos,2024-11-06,Thiago Oliveira,Campos das Flores
3446,Máquina de Lavar,Brastemp,5,4548.61,Linha Branca,2024-08-29,Sofia Carvalho,Sales de Lopes
3447,Secadora,Electrolux,2,4889.92,Linha Branca,2024-07-24,Mirella Martins,Ferreira do Norte
3448,Aspirador de Pó,LG,1,3365.37,Eletroportáteis,2025-06-23,Helena Moura,Castro
3449,Ar-Condicionado,Philco,5,5906.83,Climatização,2025-04-29,Benício Ribeiro,Teixeira
3450,Liquidificador,Samsung,2,2713.83,Eletroportáteis,2023-11-09,Noah da Conceição,Araújo das Pedras
3451,Geladeira,Britânia,4,3352.62,Linha Branca,2023-08-03,Samuel Viana,Costa
3452,Micro-ondas,Samsung,3,4061.44,Eletroportáteis,2023-08-29,Maitê Fernandes,Novaes
3453,Cafeteira,Midea,5,2681.02,Eletroportáteis,2024-05-25,Yago da Costa,Vieira
3454,Micro-ondas,Britânia,1,2768.03,Eletroportáteis,2023-10-31,Sr. João Guilherme Mendes,Ferreira das Pedras
3455,Aspirador de Pó,Mondial,4,5073.29,Eletroportáteis,2024-11-04,Anthony Lima,Teixeira de Vieira
3456,Geladeira,Electrolux,3,4852.42,Linha Branca,2024-12-28,André Freitas,Santos Paulista
3457,Ar-Condicionado,LG,5,4148.24,Climatização,2024-01-17,Ana Lívia da Cruz,Cardoso
3458,Liquidificador,LG,3,3471.99,Eletroportáteis,2024-12-17,Alexandre Costela,Aragão de da Paz
3459,Ar-Condicionado,Brastemp,2,2685.28,Climatização,2025-06-25,Lucas Ramos,Alves
3460,Aspirador de Pó,Mondial,5,4598.94,Eletroportáteis,2024-11-26,Emanuel Cardoso,Ramos
3461,Cafeteira,Mondial,4,1116.21,Eletroportáteis,2024-06-23,Amanda Moreira,Costa
3462,Cafeteira,Electrolux,2,2238.23,Eletroportáteis,2025-07-06,Catarina Fernandes,da Conceição de Goiás
3463,Micro-ondas,Britânia,4,4898.18,Eletroportáteis,2025-04-16,Sra. Eduarda Silva,Mendes de Lima
3464,Secadora,Britânia,3,4408.96,Linha Branca,2024-03-26,Lucas Gabriel Cavalcanti,Caldeira
3465,Secadora,Samsung,1,1421.22,Linha Branca,2024-04-27,Emanuella Correia,Aragão
3466,Televisão,Philco,1,5227.54,Eletrônicos,2025-03-27,Luiz Otávio da Paz,Farias das Flores
3467,Liquidificador,Midea,4,4281.94,Eletroportáteis,2024-09-26,Amanda da Mota,da Rocha do Galho
3468,Televisão,LG,2,2174.84,Eletrônicos,2023-08-14,Amanda Lima,Araújo
3469,Secadora,Britânia,4,4485.5,Linha Branca,2024-08-25,Srta. Lívia da Mota,Freitas do Amparo
3470,Aspirador de Pó,Consul,2,3045.48,Eletroportáteis,2023-09-22,Igor Dias,Pires das Pedras
3471,Aspirador de Pó,Midea,3,4113.89,Eletroportáteis,2024-11-14,Arthur Melo,Melo de da Cunha
3472,Ar-Condicionado,LG,3,972.33,Climatização,2025-05-01,Gabriel Viana,Nascimento
3473,Secadora,Consul,3,314.42,Linha Branca,2024-07-24,Miguel Barros,Sales das Pedras
3474,Máquina de Lavar,Mondial,4,4512.94,Linha Branca,2025-02-13,Mariane Campos,Pinto
3475,Geladeira,Samsung,2,4880.49,Linha Branca,2023-12-23,Cauê da Conceição,da Mata
3476,Máquina de Lavar,LG,3,4542.41,Linha Branca,2023-12-25,Guilherme Ribeiro,Moreira da Serra
3477,Micro-ondas,Brastemp,2,5852.34,Eletroportáteis,2023-12-23,Noah Duarte,Farias
3478,Ar-Condicionado,Midea,4,2178.76,Climatização,2024-02-27,Luana da Paz,Barros
3479,Liquidificador,Samsung,4,3988.59,Eletroportáteis,2024-10-04,Lorena da Paz,Lima do Campo
3480,Aspirador de Pó,Midea,2,5034.18,Eletroportáteis,2024-10-17,Luigi Moura,Nascimento
3481,Geladeira,Samsung,5,5429.74,Linha Branca,2023-11-24,Gustavo Pereira,Lima
3482,Secadora,LG,4,874.67,Linha Branca,2023-12-13,Helena da Rosa,Ferreira das Flores
3483,Secadora,Mondial,3,4135.74,Linha Branca,2024-05-03,Ana Laura da Luz,Melo
3484,Aspirador de Pó,Philco,5,1095.81,Eletroportáteis,2023-12-28,Sr. Gustavo Nogueira,Fogaça do Oeste
3485,Máquina de Lavar,Consul,1,5167.65,Linha Branca,2023-10-02,João Lucas Monteiro,Campos Verde
3486,Liquidificador,Philco,5,5153.24,Eletroportáteis,2024-06-20,Sra. Clarice Monteiro,Barbosa do Amparo
3487,Aspirador de Pó,Britânia,1,3001.15,Eletroportáteis,2023-12-12,Maria Vitória Barbosa,da Cunha de Minas
3488,Aspirador de Pó,Panasonic,5,1418.71,Eletroportáteis,2025-04-17,Sr. Noah Pereira,Lima da Praia
3489,Micro-ondas,Electrolux,4,4669.54,Eletroportáteis,2024-11-17,Ana Laura Almeida,Peixoto de Souza
3490,Máquina de Lavar,Panasonic,1,5545.2,Linha Branca,2024-02-27,Maria Clara da Luz,Castro
3491,Liquidificador,Panasonic,4,5213.98,Eletroportáteis,2025-05-26,Elisa Peixoto,Azevedo
3492,Televisão,LG,5,5499.05,Eletrônicos,2024-03-01,Davi Luiz Barros,da Paz de da Conceição
3493,Aspirador de Pó,Midea,4,2563.08,Eletroportáteis,2023-07-15,Davi Martins,Pinto de da Cunha
3494,Fogão,Midea,4,1859.12,Linha Branca,2023-09-21,Anthony da Conceição,da Rocha Grande
3495,Cafeteira,Panasonic,3,2520.07,Eletroportáteis,2023-07-13,Carolina Nascimento,Cavalcanti Grande
3496,Cafeteira,Midea,2,1972.58,Eletroportáteis,2024-09-13,Kaique das Neves,Campos do Norte
3497,Micro-ondas,Brastemp,5,1961.94,Eletroportáteis,2023-09-04,Eloah Alves,Nunes
3498,Fogão,Samsung,3,448.59,Linha Branca,2024-04-23,Brenda Dias,das Neves
3499,Micro-ondas,Britânia,4,2080.69,Eletroportáteis,2023-10-27,André Porto,Mendes de Duarte
3500,Televisão,Mondial,5,1687.99,Eletrônicos,2024-11-15,Sophia Mendes,da Mota de da Conceição
3501,Cafeteira,Consul,2,4524.39,Eletroportáteis,2023-10-14,Bianca da Costa,Nunes Alegre
3502,Fogão,Samsung,5,3642.25,Linha Branca,2024-06-16,Danilo Lima,Monteiro da Mata
3503,Televisão,Consul,4,598.78,Eletrônicos,2024-08-19,Raul Cavalcanti,Fernandes
3504,Televisão,Philco,1,5147.73,Eletrônicos,2023-12-06,Daniel Fogaça,Cunha
3505,Secadora,Mondial,1,5236.03,Linha Branca,2023-11-21,Ian Rodrigues,Aragão
3506,Liquidificador,Midea,1,389.57,Eletroportáteis,2024-12-25,Sr. Luiz Henrique da Costa,Costela do Campo
3507,Geladeira,LG,1,1133.84,Linha Branca,2024-12-16,Luiza Martins,Ferreira das Flores
3508,Máquina de Lavar,Midea,5,3141.19,Linha Branca,2023-10-31,Bruno Alves,Duarte
3509,Fogão,Britânia,3,4669.14,Linha Branca,2023-08-21,Gustavo Rodrigues,Novaes
3510,Micro-ondas,Mondial,4,4805.72,Eletroportáteis,2024-01-10,Benício Santos,Silveira
3511,Ar-Condicionado,Mondial,5,534.77,Climatização,2024-04-29,Mariana da Mota,Sales
3512,Fogão,LG,1,5954.75,Linha Branca,2024-01-07,Yago da Conceição,Martins
3513,Ar-Condicionado,Electrolux,4,3881.1,Climatização,2024-10-14,Carlos Eduardo Lopes,da Rocha do Amparo
3514,Fogão,LG,2,3178.08,Linha Branca,2025-04-14,Maria Teixeira,da Cunha
3515,Secadora,Midea,2,1757.18,Linha Branca,2023-07-11,Diego Pinto,Silva do Oeste
3516,Aspirador de Pó,Midea,1,1388.61,Eletroportáteis,2023-11-07,Dr. Gustavo da Mata,da Rosa
3517,Secadora,Consul,1,3004.24,Linha Branca,2024-04-09,Emanuel Freitas,Nunes de da Cunha
3518,Liquidificador,Panasonic,5,3534.7,Eletroportáteis,2025-06-10,Mariana Costela,Lopes
3519,Fogão,Brastemp,4,4394.08,Linha Branca,2024-09-01,Lorenzo Gonçalves,Sales do Campo
3520,Cafeteira,Samsung,1,5491.53,Eletroportáteis,2025-02-15,Rodrigo Pereira,Teixeira
3521,Secadora,Brastemp,2,804.73,Linha Branca,2025-05-20,Srta. Ana Lívia Nogueira,Dias
3522,Cafeteira,Consul,3,4431.59,Eletroportáteis,2023-11-28,Alana Moura,Martins
3523,Máquina de Lavar,Mondial,5,4700.67,Linha Branca,2024-07-25,Cauê Nogueira,Silva Grande
3524,Liquidificador,LG,4,4877.46,Eletroportáteis,2023-12-29,Isaac Costela,Caldeira do Oeste
3525,Ar-Condicionado,Electrolux,4,1118.6,Climatização,2024-10-02,Isadora das Neves,Teixeira
3526,Máquina de Lavar,Midea,1,4883.55,Linha Branca,2023-12-20,Srta. Stella da Mata,da Conceição
3527,Fogão,Britânia,2,3108.25,Linha Branca,2023-11-21,Maysa Lima,da Rocha
3528,Micro-ondas,Electrolux,5,1013.03,Eletroportáteis,2024-12-21,Pedro Miguel Sales,Pinto
3529,Fogão,Panasonic,2,5893.1,Linha Branca,2025-02-02,Maria Gomes,da Luz
3530,Liquidificador,Britânia,1,3795.01,Eletroportáteis,2025-01-16,Daniela Almeida,Pinto do Amparo
3531,Micro-ondas,Brastemp,5,5119.76,Eletroportáteis,2025-04-10,Carlos Eduardo Moraes,Correia do Oeste
3532,Cafeteira,Midea,4,4526.57,Eletroportáteis,2024-01-04,Ian Ribeiro,Cunha
3533,Televisão,Samsung,1,2269.54,Eletrônicos,2024-10-15,Sr. Marcos Vinicius Gomes,Pinto
3534,Secadora,Samsung,3,5639.04,Linha Branca,2024-12-13,Luiz Otávio das Neves,Viana do Oeste
3535,Cafeteira,Consul,5,4473.55,Eletroportáteis,2024-12-17,Vitor da Mota,Novaes da Mata
3536,Liquidificador,Consul,2,5656.18,Eletroportáteis,2023-10-16,Esther Vieira,Oliveira das Pedras
3537,Ar-Condicionado,Samsung,2,5393.4,Climatização,2023-07-31,Eloah Azevedo,da Mota de Fernandes
3538,Aspirador de Pó,Britânia,3,1788.17,Eletroportáteis,2024-04-20,Lavínia Rezende,Farias
3539,Secadora,Mondial,5,5449.82,Linha Branca,2023-08-10,Laís Ferreira,Teixeira Grande
3540,Aspirador de Pó,Electrolux,4,3356.88,Eletroportáteis,2024-04-08,Bryan Peixoto,da Mota Grande
3541,Micro-ondas,Electrolux,5,443.07,Eletroportáteis,2024-11-13,Joaquim Azevedo,Cardoso dos Dourados
3542,Liquidificador,Brastemp,5,2310.13,Eletroportáteis,2025-01-23,Ana da Mata,Rezende dos Dourados
3543,Ar-Condicionado,Electrolux,1,5026.74,Climatização,2023-11-28,Agatha Costela,Correia de Rocha
3544,Cafeteira,Britânia,2,1877.71,Eletroportáteis,2024-07-06,Dr. Francisco Ferreira,Viana da Mata
3545,Máquina de Lavar,Samsung,2,968.74,Linha Branca,2024-02-23,Cecília Cardoso,Dias
3546,Secadora,Samsung,2,5134.76,Linha Branca,2024-10-08,Ana Carolina Cardoso,Cardoso do Oeste
3547,Aspirador de Pó,Brastemp,3,640.16,Eletroportáteis,2024-11-03,Luiz Otávio Lopes,Dias do Norte
3548,Cafeteira,Brastemp,5,2331.17,Eletroportáteis,2025-05-12,Sra. Rebeca Cardoso,da Luz
3549,Secadora,Brastemp,3,821.31,Linha Branca,2025-01-14,Sofia Moraes,Araújo
3550,Máquina de Lavar,LG,5,5513.9,Linha Branca,2024-12-28,Sra. Ana Laura da Paz,da Conceição
3551,Aspirador de Pó,Britânia,2,675.99,Eletroportáteis,2024-02-03,Dr. Thiago Lima,Barbosa do Norte
3552,Geladeira,Panasonic,3,2629.61,Linha Branca,2024-02-29,Heitor Rodrigues,Cunha da Serra
3553,Geladeira,Panasonic,1,3562.62,Linha Branca,2024-03-01,Pietra da Cunha,da Conceição
3554,Liquidificador,Panasonic,3,528.34,Eletroportáteis,2024-04-04,Luana Cardoso,Barros Grande
3555,Ar-Condicionado,Midea,2,2240.18,Climatização,2025-03-11,Sr. João Felipe Silva,Nunes
3556,Cafeteira,Brastemp,5,3375.89,Eletroportáteis,2025-06-30,Lorenzo Lima,Viana de Cavalcanti
3557,Televisão,Samsung,3,4170.62,Eletrônicos,2023-10-29,Anthony Nunes,Melo
3558,Televisão,Mondial,1,1435.4,Eletrônicos,2025-06-22,Pietra Correia,Cardoso
3559,Aspirador de Pó,Midea,1,2452.7,Eletroportáteis,2024-05-08,Lucca Rodrigues,Moura
3560,Micro-ondas,Electrolux,5,5370.85,Eletroportáteis,2024-08-05,Yasmin Martins,Ramos da Serra
3561,Máquina de Lavar,Midea,5,314.4,Linha Branca,2024-07-14,Noah da Mata,Correia
3562,Ar-Condicionado,Philco,1,3220.37,Climatização,2024-09-14,Ana Luiza Monteiro,da Paz das Flores
3563,Liquidificador,Britânia,2,2549.36,Eletroportáteis,2024-10-28,Amanda Ribeiro,da Luz
3564,Cafeteira,Mondial,4,4416.91,Eletroportáteis,2025-02-11,Maria Vitória Caldeira,Vieira de Rocha
3565,Máquina de Lavar,Panasonic,1,4335.67,Linha Branca,2024-09-25,Augusto da Mata,Ribeiro do Galho
3566,Liquidificador,Consul,3,5574.43,Eletroportáteis,2023-10-02,Valentina Araújo,da Cunha
3567,Televisão,Panasonic,2,1961.7,Eletrônicos,2024-10-25,Leonardo da Mata,da Rosa da Mata
3568,Fogão,Philco,5,3717.51,Linha Branca,2025-04-22,Sra. Rafaela Alves,Cunha da Mata
3569,Televisão,Philco,4,704.55,Eletrônicos,2023-12-16,Yasmin da Paz,Silveira
3570,Fogão,Midea,1,633.47,Linha Branca,2025-05-24,Eduarda Ramos,da Mota
3571,Televisão,Brastemp,3,5167.1,Eletrônicos,2023-10-15,Diogo Dias,Cardoso
3572,Televisão,Consul,4,3125.94,Eletrônicos,2024-04-27,Gabriel Gonçalves,Porto de Pinto
3573,Liquidificador,Mondial,2,2745.74,Eletroportáteis,2023-12-12,Maria Eduarda Nunes,Sales dos Dourados
3574,Aspirador de Pó,Electrolux,5,2953.48,Eletroportáteis,2024-08-08,Luana Vieira,Mendes Alegre
3575,Televisão,Midea,1,3929.87,Eletrônicos,2024-02-22,Stella Ramos,Santos de Nogueira
3576,Cafeteira,Electrolux,4,568.07,Eletroportáteis,2024-08-24,Ana Laura Fogaça,Novaes
3577,Secadora,Panasonic,4,2157.77,Linha Branca,2024-06-07,Guilherme da Cunha,Dias de Rodrigues
3578,Liquidificador,LG,3,4862.61,Eletroportáteis,2023-11-14,Daniel Gonçalves,Souza da Mata
3579,Televisão,Brastemp,5,3744.51,Eletrônicos,2024-02-28,Bernardo da Luz,Dias
3580,Micro-ondas,Brastemp,1,1054.78,Eletroportáteis,2025-03-22,Yuri Pinto,Gonçalves de Silva
3581,Ar-Condicionado,Philco,4,2077.07,Climatização,2025-04-01,Clara Pereira,Castro de Rezende
3582,Liquidificador,Britânia,4,4718.71,Eletroportáteis,2025-01-23,Augusto Silva,Gonçalves
3583,Ar-Condicionado,Brastemp,4,2013.55,Climatização,2023-12-29,Luiz Felipe Cardoso,da Rosa
3584,Aspirador de Pó,Mondial,4,5107.72,Eletroportáteis,2024-12-24,Lucas Pinto,Lima da Serra
3585,Ar-Condicionado,Consul,2,3847.67,Climatização,2023-08-03,Enzo da Rosa,da Rosa Verde
3586,Cafeteira,Mondial,5,5451.22,Eletroportáteis,2025-05-23,Luna da Conceição,Araújo do Norte
3587,Televisão,Philco,2,3644.73,Eletrônicos,2023-09-30,Benjamin Aragão,Peixoto
3588,Liquidificador,Mondial,2,3639.97,Eletroportáteis,2025-01-21,Melissa Silveira,Moreira
3589,Aspirador de Pó,Brastemp,2,4905.54,Eletroportáteis,2023-12-05,Dr. Kevin das Neves,das Neves
3590,Cafeteira,Consul,4,1320.73,Eletroportáteis,2024-10-07,Danilo Lopes,Farias
3591,Aspirador de Pó,Electrolux,3,5233.79,Eletroportáteis,2025-04-03,Murilo da Rosa,Novaes
3592,Ar-Condicionado,Electrolux,2,3166.6,Climatização,2025-07-08,Beatriz Oliveira,Ribeiro Paulista
3593,Liquidificador,Midea,2,4284.26,Eletroportáteis,2024-10-13,Dr. Renan da Mata,Ribeiro do Sul
3594,Televisão,Midea,5,3051.5,Eletrônicos,2024-12-20,Gustavo Henrique Cardoso,da Rocha de Minas
3595,Ar-Condicionado,Consul,2,5219.28,Climatização,2024-07-03,Agatha Costa,da Conceição
3596,Cafeteira,Samsung,5,1208.09,Eletroportáteis,2025-07-09,Dr. Igor Nascimento,Vieira
3597,Ar-Condicionado,Midea,1,5183.23,Climatização,2024-12-02,Noah Monteiro,Fogaça do Norte
3598,Cafeteira,Samsung,3,3045.24,Eletroportáteis,2025-07-07,Dr. Arthur Pinto,Peixoto
3599,Aspirador de Pó,Philco,1,1495.68,Eletroportáteis,2023-11-15,Enrico Correia,da Cruz da Serra
3600,Aspirador de Pó,Philco,4,5717.81,Eletroportáteis,2024-07-24,Augusto Lopes,Pires
3601,Ar-Condicionado,Brastemp,5,4862.57,Climatização,2023-08-30,Arthur Rocha,Ramos do Galho
3602,Televisão,Midea,4,1820.23,Eletrônicos,2024-08-19,Emilly Costa,Aragão de Vieira
3603,Micro-ondas,Midea,4,4392.36,Eletroportáteis,2024-06-28,Isabel Oliveira,da Paz Grande
3604,Televisão,LG,4,2428.82,Eletrônicos,2024-11-11,Danilo Viana,Viana
3605,Televisão,Britânia,2,2268.18,Eletrônicos,2024-09-08,Sr. Vicente Nogueira,da Rosa
3606,Cafeteira,Britânia,4,1225.37,Eletroportáteis,2024-05-03,Agatha Lopes,Farias de Goiás
3607,Secadora,Philco,3,1670.88,Linha Branca,2024-11-08,Sra. Lívia Cardoso,Rezende
3608,Geladeira,Britânia,1,5134.52,Linha Branca,2025-05-22,Sophia Oliveira,Vieira
3609,Micro-ondas,Britânia,3,5775.12,Eletroportáteis,2024-01-20,João Lucas Araújo,Ramos
3610,Liquidificador,Panasonic,4,4785.81,Eletroportáteis,2025-05-07,Otávio Dias,Jesus
3611,Liquidificador,Brastemp,1,2398.97,Eletroportáteis,2025-01-18,Ana Beatriz Cunha,Correia de Minas
3612,Televisão,LG,2,2095.01,Eletrônicos,2024-12-17,Eduardo Dias,Moraes
3613,Televisão,Philco,5,1005.7,Eletrônicos,2023-08-27,Ana Clara Souza,Nascimento
3614,Máquina de Lavar,Consul,3,2054.85,Linha Branca,2025-04-20,Sr. Cauã Porto,Porto
3615,Aspirador de Pó,Mondial,1,1556.2,Eletroportáteis,2024-12-12,Sr. Francisco da Cruz,Nunes da Mata
3616,Televisão,Midea,3,3466.42,Eletrônicos,2023-08-24,Erick Barbosa,Ramos da Prata
3617,Cafeteira,Brastemp,1,4833.7,Eletroportáteis,2023-09-15,Rebeca da Paz,Fogaça
3618,Aspirador de Pó,Panasonic,2,5784.14,Eletroportáteis,2025-07-03,Ana Vitória Ribeiro,Mendes
3619,Aspirador de Pó,Philco,1,5691.42,Eletroportáteis,2024-08-29,Cauê Vieira,Barbosa
3620,Ar-Condicionado,Samsung,1,2748.34,Climatização,2023-12-18,Caroline Vieira,Carvalho
3621,Fogão,Britânia,2,5265.3,Linha Branca,2025-01-31,Bruna da Paz,Farias
3622,Máquina de Lavar,Panasonic,5,3683.78,Linha Branca,2025-02-12,Sophie Campos,Cardoso de Almeida
3623,Televisão,LG,2,1558.47,Eletrônicos,2025-07-03,Sra. Ana Luiza Barbosa,Jesus Grande
3624,Fogão,Midea,5,3360.61,Linha Branca,2024-05-07,Daniela Monteiro,Cunha
3625,Liquidificador,Brastemp,5,968.24,Eletroportáteis,2025-06-30,Sophie Rezende,Dias
3626,Cafeteira,Samsung,1,2353.46,Eletroportáteis,2024-01-25,Leandro Moraes,Ramos de Cavalcanti
3627,Aspirador de Pó,Panasonic,5,2420.29,Eletroportáteis,2025-05-31,Maria Fernanda Novaes,Ramos do Amparo
3628,Aspirador de Pó,Samsung,4,2655.61,Eletroportáteis,2023-08-09,Bruno Jesus,Fernandes
3629,Fogão,Panasonic,4,3506.3,Linha Branca,2025-04-18,Yasmin Dias,Correia do Oeste
3630,Geladeira,LG,2,4224.34,Linha Branca,2024-02-24,Stella Cavalcanti,Barbosa
3631,Aspirador de Pó,Midea,5,5690.32,Eletroportáteis,2024-12-08,Elisa Fogaça,Peixoto de Santos
3632,Secadora,Panasonic,4,797.38,Linha Branca,2025-05-21,Bianca Rezende,Porto da Mata
3633,Aspirador de Pó,Consul,1,2086.54,Eletroportáteis,2023-12-14,Raquel Souza,da Paz
3634,Ar-Condicionado,Mondial,3,4472.69,Climatização,2023-09-12,Dra. Emanuella Costela,da Costa
3635,Fogão,Samsung,5,1334.39,Linha Branca,2024-10-31,Olivia Lima,Santos do Oeste
3636,Ar-Condicionado,Philco,1,873.92,Climatização,2024-12-11,Ana Júlia Martins,das Neves de Barbosa
3637,Secadora,Britânia,2,5905.0,Linha Branca,2023-08-10,Carlos Eduardo Santos,Freitas
3638,Fogão,Electrolux,3,1972.5,Linha Branca,2025-06-23,Isis Silveira,Ferreira do Sul
3639,Micro-ondas,Britânia,4,291.32,Eletroportáteis,2025-04-15,Manuela Nascimento,Porto
3640,Ar-Condicionado,Mondial,5,5222.69,Climatização,2025-05-16,Olivia Cavalcanti,Araújo do Oeste
3641,Geladeira,Mondial,2,616.48,Linha Branca,2023-09-10,Juliana Santos,Azevedo
3642,Cafeteira,Mondial,4,2512.13,Eletroportáteis,2024-11-12,Manuela Aragão,Porto dos Dourados
3643,Secadora,Brastemp,1,2915.97,Linha Branca,2024-09-03,Emanuelly Alves,Dias
3644,Micro-ondas,Consul,5,4567.9,Eletroportáteis,2025-04-11,Rafael Peixoto,Peixoto Paulista
3645,Secadora,Midea,1,1848.59,Linha Branca,2024-05-07,Nicolas Pinto,da Conceição
3646,Geladeira,Mondial,3,3506.02,Linha Branca,2024-05-08,Mariana Castro,Cunha da Prata
3647,Ar-Condicionado,Samsung,1,3738.61,Climatização,2023-10-07,Miguel Fernandes,Azevedo de Teixeira
3648,Máquina de Lavar,Britânia,1,1293.79,Linha Branca,2024-12-14,Lucca Vieira,Rocha
3649,Secadora,Philco,1,5704.67,Linha Branca,2025-01-01,Luana Rodrigues,Araújo Paulista
3650,Fogão,Panasonic,5,3248.12,Linha Branca,2023-08-29,Ana Sophia Nunes,Carvalho Paulista
3651,Geladeira,Electrolux,1,3612.99,Linha Branca,2024-06-13,Dra. Ana Cavalcanti,Carvalho do Norte
3652,Máquina de Lavar,Electrolux,5,3850.52,Linha Branca,2024-12-02,Maria Fernanda Nunes,Barros
3653,Aspirador de Pó,LG,5,2200.87,Eletroportáteis,2023-11-08,Marina Cavalcanti,Cardoso
3654,Secadora,Philco,3,5227.26,Linha Branca,2025-03-11,Maria Aragão,Fogaça da Praia
3655,Ar-Condicionado,Brastemp,4,1379.43,Climatização,2025-06-07,Sr. Pietro Campos,Cardoso da Praia
3656,Cafeteira,Mondial,2,1302.11,Eletroportáteis,2024-12-31,Ana Correia,Freitas das Flores
3657,Geladeira,Samsung,3,3969.18,Linha Branca,2024-03-30,Natália Oliveira,Moraes
3658,Ar-Condicionado,Samsung,5,1310.33,Climatização,2024-05-02,Sr. Felipe Pires,Rocha Paulista
3659,Fogão,Philco,5,1773.0,Linha Branca,2024-10-17,Luiz Henrique da Cruz,Costela do Galho
3660,Máquina de Lavar,Midea,3,2733.72,Linha Branca,2025-03-04,Antônio Pinto,Moreira do Oeste
3661,Fogão,Panasonic,1,1510.52,Linha Branca,2024-07-31,Luiz Felipe Nascimento,Martins de da Conceição
3662,Fogão,Philco,5,1166.31,Linha Branca,2025-04-09,Julia da Rosa,Jesus
3663,Televisão,Britânia,4,1702.18,Eletrônicos,2024-08-27,Sarah Cunha,Silveira da Mata
3664,Geladeira,Electrolux,2,4440.13,Linha Branca,2024-01-15,Fernando Rezende,Vieira
3665,Fogão,Midea,1,657.86,Linha Branca,2023-08-24,Emanuel Lima,Rocha de Nunes
3666,Secadora,Samsung,4,2747.61,Linha Branca,2025-02-01,Ana Sophia Gonçalves,Costa
3667,Ar-Condicionado,Brastemp,5,2424.98,Climatização,2023-08-02,Srta. Raquel da Paz,Silveira de Pires
3668,Liquidificador,Samsung,5,4941.46,Eletroportáteis,2024-07-21,Lívia Teixeira,Porto de Costela
3669,Televisão,Midea,1,3496.29,Eletrônicos,2024-07-31,Luiz Gustavo da Costa,das Neves do Amparo
3670,Máquina de Lavar,Midea,1,4605.25,Linha Branca,2024-01-25,Gustavo Barbosa,Dias Verde
3671,Máquina de Lavar,Consul,2,5800.93,Linha Branca,2024-08-26,Otávio das Neves,Santos do Oeste
3672,Máquina de Lavar,Philco,4,5847.77,Linha Branca,2025-01-03,Pedro Almeida,Silveira de Gonçalves
3673,Liquidificador,Midea,3,2850.19,Eletroportáteis,2025-07-05,João Guilherme Lima,Duarte das Flores
3674,Máquina de Lavar,Brastemp,3,4717.29,Linha Branca,2024-10-13,Lucca Lima,Cardoso do Campo
3675,Ar-Condicionado,Midea,5,207.54,Climatização,2025-01-23,Marcelo Fernandes,Oliveira
3676,Cafeteira,Mondial,3,1698.84,Eletroportáteis,2024-09-30,Benício Costa,Farias
3677,Aspirador de Pó,Samsung,1,2496.62,Eletroportáteis,2023-12-15,Ana Julia Cardoso,Cunha de Nogueira
3678,Geladeira,Samsung,5,1632.09,Linha Branca,2025-04-20,Murilo Silva,Barbosa
3679,Fogão,Samsung,2,1026.34,Linha Branca,2023-12-04,Sr. Joaquim Barbosa,da Cruz
3680,Ar-Condicionado,Electrolux,1,801.91,Climatização,2024-05-14,Dr. Gabriel Melo,Pinto
3681,Micro-ondas,Brastemp,5,2651.08,Eletroportáteis,2023-11-10,Raquel da Luz,Cavalcanti
3682,Cafeteira,Mondial,1,5156.32,Eletroportáteis,2023-12-19,Pedro Miguel Ribeiro,Nunes de Nogueira
3683,Cafeteira,Philco,4,1729.76,Eletroportáteis,2023-12-10,Isadora Pinto,da Mota
3684,Cafeteira,LG,3,4251.6,Eletroportáteis,2024-03-11,Dra. Pietra Correia,Moraes
3685,Aspirador de Pó,Mondial,4,3396.69,Eletroportáteis,2023-12-16,Srta. Maria Luiza Oliveira,Lima do Galho
3686,Secadora,Panasonic,4,1066.74,Linha Branca,2025-04-10,Mirella da Mota,Viana
3687,Geladeira,Philco,1,880.27,Linha Branca,2024-09-14,Júlia Pereira,das Neves
3688,Fogão,Mondial,1,1052.66,Linha Branca,2024-02-05,Diego Viana,Ramos
3689,Liquidificador,Consul,1,222.32,Eletroportáteis,2024-12-28,Luiz Henrique Nascimento,Castro
3690,Micro-ondas,Samsung,4,5366.07,Eletroportáteis,2023-09-26,Sr. Antônio Lima,Nascimento de Minas
3691,Fogão,Samsung,1,1291.54,Linha Branca,2023-08-27,Rafaela Lima,Oliveira
3692,Ar-Condicionado,Electrolux,2,5306.69,Climatização,2024-11-18,Lorena Azevedo,Santos
3693,Ar-Condicionado,Panasonic,2,3578.05,Climatização,2024-12-12,Agatha da Rocha,Martins
3694,Cafeteira,Panasonic,1,1382.53,Eletroportáteis,2025-02-03,Maria Vitória das Neves,Peixoto
3695,Fogão,LG,3,4283.12,Linha Branca,2023-10-13,Dr. Calebe Rezende,Lopes
3696,Ar-Condicionado,Britânia,3,1205.31,Climatização,2023-09-15,Caio Almeida,Cardoso
3697,Máquina de Lavar,Brastemp,5,3512.33,Linha Branca,2023-11-15,Thales Santos,da Cruz da Serra
3698,Fogão,Britânia,4,604.15,Linha Branca,2024-05-28,Helena Pires,Caldeira de Teixeira
3699,Fogão,LG,4,5747.74,Linha Branca,2024-08-30,Isis Mendes,Rezende de da Costa
3700,Aspirador de Pó,Electrolux,3,2613.29,Eletroportáteis,2024-04-15,Daniel Novaes,Freitas de Rezende
3701,Geladeira,Electrolux,4,4639.49,Linha Branca,2024-11-22,Sr. Davi Luiz Castro,Caldeira do Galho
3702,Máquina de Lavar,Consul,2,2527.44,Linha Branca,2024-01-09,Lucas Melo,Ramos
3703,Liquidificador,Britânia,1,229.52,Eletroportáteis,2024-05-21,Yasmin da Cunha,Novaes
3704,Televisão,LG,1,562.37,Eletrônicos,2025-04-11,Vinicius Sales,Pereira
3705,Máquina de Lavar,Samsung,1,4413.8,Linha Branca,2024-08-14,Davi Lucca Silveira,Correia
3706,Liquidificador,Mondial,1,1422.29,Eletroportáteis,2024-09-30,Dr. Gabriel Ribeiro,Rocha
3707,Secadora,Panasonic,3,5644.62,Linha Branca,2025-07-01,Benício da Cunha,Barros Verde
3708,Aspirador de Pó,Brastemp,1,1560.22,Eletroportáteis,2024-08-08,Dra. Natália da Mata,Lima
3709,Ar-Condicionado,Consul,2,3855.81,Climatização,2025-05-03,Srta. Isis da Cruz,Nascimento
3710,Fogão,LG,3,4011.94,Linha Branca,2024-12-21,Thomas Araújo,Nascimento
3711,Aspirador de Pó,LG,4,5570.26,Eletroportáteis,2025-01-28,Eduarda Souza,Nunes Alegre
3712,Micro-ondas,Mondial,5,2786.83,Eletroportáteis,2024-10-31,Vitor Rezende,Pires
3713,Secadora,Brastemp,5,888.18,Linha Branca,2024-01-24,Alexandre da Paz,Porto do Oeste
3714,Micro-ondas,Electrolux,1,1324.81,Eletroportáteis,2024-10-13,Nicolas Pires,Teixeira do Norte
3715,Liquidificador,Britânia,5,5263.71,Eletroportáteis,2023-09-21,Marcelo Rodrigues,Barros
3716,Cafeteira,Electrolux,2,703.4,Eletroportáteis,2024-09-24,Carlos Eduardo da Rocha,Santos
3717,Liquidificador,Philco,1,3426.41,Eletroportáteis,2024-12-26,Bruno da Mata,Vieira
3718,Aspirador de Pó,Midea,3,4787.38,Eletroportáteis,2024-10-11,Lucca Campos,Campos do Galho
3719,Cafeteira,LG,5,3381.36,Eletroportáteis,2025-03-07,João Guilherme Nunes,da Cruz do Oeste
3720,Geladeira,LG,1,1963.98,Linha Branca,2024-08-28,Lucas Gabriel Almeida,Dias
3721,Liquidificador,Mondial,1,1640.59,Eletroportáteis,2024-09-07,Ana Carolina Nascimento,Aragão do Oeste
3722,Micro-ondas,Britânia,3,2870.02,Eletroportáteis,2025-06-24,Ian das Neves,Dias
3723,Cafeteira,Panasonic,4,3181.5,Eletroportáteis,2024-07-17,Rebeca da Rocha,Cunha
3724,Micro-ondas,Brastemp,4,2261.57,Eletroportáteis,2024-02-17,Catarina Pereira,da Rosa
3725,Máquina de Lavar,Panasonic,1,330.46,Linha Branca,2025-03-31,Srta. Ana Vitória da Mata,Moraes do Campo
3726,Fogão,LG,2,4988.76,Linha Branca,2024-12-27,Pedro Barbosa,Araújo de das Neves
3727,Ar-Condicionado,Britânia,4,5299.33,Climatização,2024-02-25,Julia Silva,Souza
3728,Liquidificador,Panasonic,5,5264.5,Eletroportáteis,2025-03-29,Luana Pereira,Porto de Vieira
3729,Secadora,Mondial,4,5209.28,Linha Branca,2023-12-15,João Vitor Carvalho,Cardoso de Moraes
3730,Geladeira,Samsung,3,1831.71,Linha Branca,2023-10-09,Maitê Silveira,da Rocha
3731,Liquidificador,Britânia,4,1178.55,Eletroportáteis,2023-07-12,Eloah Monteiro,da Cruz Paulista
3732,Geladeira,Panasonic,5,3892.0,Linha Branca,2024-02-02,Anthony Melo,da Rosa
3733,Máquina de Lavar,Britânia,3,1993.71,Linha Branca,2023-07-12,Alexia Oliveira,Silveira do Norte
3734,Aspirador de Pó,Midea,3,980.77,Eletroportáteis,2024-01-08,Miguel Freitas,Pires de Minas
3735,Fogão,Brastemp,3,5087.21,Linha Branca,2024-09-28,Joaquim Pinto,Nogueira de Goiás
3736,Fogão,Consul,3,1329.54,Linha Branca,2024-05-09,Maria Cecília Viana,Rodrigues do Norte
3737,Liquidificador,Consul,1,3645.62,Eletroportáteis,2024-10-30,Ana Nunes,Pereira Verde
3738,Liquidificador,Brastemp,1,5194.68,Eletroportáteis,2023-08-12,Valentina Fernandes,da Rocha
3739,Televisão,Consul,2,984.51,Eletrônicos,2025-05-14,Pedro Lucas Barros,Alves
3740,Micro-ondas,Brastemp,4,799.59,Eletroportáteis,2025-06-06,Sr. Luiz Miguel Barbosa,Novaes de Lima
3741,Liquidificador,Brastemp,2,5770.87,Eletroportáteis,2024-06-01,Valentina Fogaça,da Luz Verde
3742,Micro-ondas,Electrolux,4,407.32,Eletroportáteis,2024-03-25,Heloísa Ribeiro,Barbosa da Prata
3743,Ar-Condicionado,LG,1,2547.55,Climatização,2024-01-02,Kaique Nascimento,Campos
3744,Cafeteira,Philco,1,2973.06,Eletroportáteis,2025-04-26,Ian Jesus,Viana da Prata
3745,Ar-Condicionado,Samsung,2,2585.93,Climatização,2024-12-20,João Lucas Ramos,da Cunha
3746,Ar-Condicionado,Consul,1,1599.99,Climatização,2025-04-10,Sra. Maria Eduarda Rezende,Porto do Norte
3747,Aspirador de Pó,Brastemp,5,3260.76,Eletroportáteis,2025-04-01,Marcela Gonçalves,Fogaça da Prata
3748,Máquina de Lavar,Electrolux,1,2934.4,Linha Branca,2025-01-29,João Lucas das Neves,Lima da Praia
3749,Televisão,Philco,3,3472.9,Eletrônicos,2023-07-17,Alana Melo,Fogaça do Galho
3750,Micro-ondas,Consul,5,3460.89,Eletroportáteis,2023-11-10,Elisa da Cruz,Martins
3751,Micro-ondas,Philco,1,1354.46,Eletroportáteis,2024-07-16,Bryan Cunha,Rezende Paulista
3752,Televisão,Philco,4,5171.09,Eletrônicos,2024-05-07,Sr. Antônio Costela,Peixoto da Mata
3753,Secadora,Consul,2,2018.66,Linha Branca,2023-11-17,Enzo Rocha,da Cruz dos Dourados
3754,Geladeira,Philco,5,909.64,Linha Branca,2024-12-27,Bernardo da Mata,Ferreira do Amparo
3755,Geladeira,Midea,4,2463.39,Linha Branca,2023-08-26,Cauã Santos,Lima
3756,Máquina de Lavar,Consul,3,5433.76,Linha Branca,2023-09-18,Yuri Martins,Campos
3757,Televisão,Consul,2,1031.58,Eletrônicos,2024-05-03,Helena Monteiro,Santos
3758,Secadora,Samsung,5,999.2,Linha Branca,2024-02-23,Rebeca Ferreira,Oliveira
3759,Micro-ondas,Panasonic,1,249.96,Eletroportáteis,2023-09-17,Isaac Ribeiro,da Paz das Pedras
3760,Liquidificador,Midea,1,2598.85,Eletroportáteis,2024-07-08,Maria Clara Lima,Cardoso
3761,Secadora,Consul,3,4742.95,Linha Branca,2024-02-24,Daniela Freitas,da Costa
3762,Secadora,Samsung,4,2748.27,Linha Branca,2024-11-18,Luiza da Paz,da Rocha
3763,Micro-ondas,Brastemp,2,3602.83,Eletroportáteis,2023-11-12,Stella da Rosa,Pereira Alegre
3764,Secadora,Consul,2,4161.67,Linha Branca,2025-03-13,João Lucas Castro,Duarte
3765,Cafeteira,Philco,2,2421.3,Eletroportáteis,2024-02-21,André da Cunha,Duarte
3766,Liquidificador,Panasonic,3,4790.37,Eletroportáteis,2025-03-08,Evelyn Dias,Fernandes Paulista
3767,Micro-ondas,Brastemp,5,644.58,Eletroportáteis,2025-02-26,Kaique Pinto,Duarte de Duarte
3768,Micro-ondas,Samsung,5,4079.58,Eletroportáteis,2024-02-03,Lucca Cavalcanti,Araújo Alegre
3769,Televisão,Electrolux,2,5402.82,Eletrônicos,2023-07-29,Kevin da Paz,Cavalcanti
3770,Fogão,LG,3,466.57,Linha Branca,2024-04-04,Ian Teixeira,Moreira
3771,Micro-ondas,Brastemp,5,538.41,Eletroportáteis,2023-12-28,Júlia Rezende,Teixeira do Campo
3772,Secadora,Consul,5,5926.74,Linha Branca,2023-07-25,Sr. Pedro Miguel Mendes,Farias
3773,Fogão,Mondial,5,448.39,Linha Branca,2024-01-15,Sra. Luana Castro,Caldeira Alegre
3774,Ar-Condicionado,Philco,3,3188.49,Climatização,2025-06-22,Manuela Cardoso,da Cunha
3775,Ar-Condicionado,Midea,4,4188.32,Climatização,2023-07-11,Dr. Cauã Martins,Moreira do Sul
3776,Ar-Condicionado,LG,4,2962.29,Climatização,2025-06-08,Carolina Moraes,Ramos
3777,Cafeteira,Britânia,5,4327.23,Eletroportáteis,2024-09-08,Cecília Gomes,Viana
3778,Cafeteira,Britânia,2,4443.08,Eletroportáteis,2025-06-15,Thales Melo,Ribeiro
3779,Cafeteira,Panasonic,3,233.79,Eletroportáteis,2024-03-01,Maria Eduarda Souza,Pinto
3780,Aspirador de Pó,Philco,1,1354.46,Eletroportáteis,2024-01-14,Clara Duarte,Ribeiro de Pires
3781,Micro-ondas,Electrolux,5,3227.97,Eletroportáteis,2023-12-19,Srta. Mariane Aragão,da Cruz do Amparo
3782,Micro-ondas,Electrolux,2,1042.77,Eletroportáteis,2024-08-31,Sr. Benjamin Freitas,Silveira do Oeste
3783,Fogão,Brastemp,4,1386.12,Linha Branca,2023-10-17,Ian Barbosa,Gonçalves do Norte
3784,Ar-Condicionado,Britânia,3,3316.14,Climatização,2024-12-31,Pedro Lucas Ramos,da Rocha
3785,Máquina de Lavar,Consul,3,5975.96,Linha Branca,2024-09-09,Vitória Nogueira,Monteiro
3786,Televisão,Brastemp,5,4107.75,Eletrônicos,2025-02-06,Dra. Nina Vieira,Moreira do Campo
3787,Televisão,Mondial,2,2380.84,Eletrônicos,2024-09-10,Luigi Barros,da Rocha de Minas
3788,Aspirador de Pó,Britânia,3,5843.07,Eletroportáteis,2024-11-08,Kaique da Cunha,Moura da Praia
3789,Liquidificador,Midea,5,5943.95,Eletroportáteis,2025-06-06,Lívia Cavalcanti,Pereira
3790,Cafeteira,Electrolux,5,3737.27,Eletroportáteis,2024-10-04,Dra. Sophia Martins,das Neves da Praia
3791,Cafeteira,LG,5,3035.57,Eletroportáteis,2024-05-06,Bernardo Novaes,Araújo de Oliveira
3792,Aspirador de Pó,Samsung,1,5236.06,Eletroportáteis,2025-02-14,Dra. Fernanda Melo,Rezende de Cardoso
3793,Máquina de Lavar,Midea,5,4927.09,Linha Branca,2025-03-02,Mariane Dias,Pinto
3794,Fogão,Philco,4,491.19,Linha Branca,2024-09-04,Gustavo Porto,Peixoto
3795,Secadora,Britânia,3,849.08,Linha Branca,2025-04-04,Kamilly Freitas,Ribeiro Grande
3796,Cafeteira,Panasonic,4,323.94,Eletroportáteis,2025-03-30,Lucas Nogueira,Alves de Moreira
3797,Micro-ondas,Samsung,5,691.5,Eletroportáteis,2025-06-11,Sr. Bryan Cardoso,Nascimento
3798,Televisão,LG,2,4157.61,Eletrônicos,2025-02-21,Ana Júlia Cavalcanti,Rodrigues da Serra
3799,Cafeteira,Panasonic,4,5050.98,Eletroportáteis,2024-03-17,Srta. Gabriela Sales,Araújo
3800,Cafeteira,Mondial,5,2592.07,Eletroportáteis,2023-07-15,Vicente Correia,da Mota da Prata
3801,Micro-ondas,Midea,2,1807.66,Eletroportáteis,2024-11-21,Catarina Barros,da Cunha de Caldeira
3802,Micro-ondas,Panasonic,4,1707.39,Eletroportáteis,2024-12-13,Bruna Vieira,Caldeira da Mata
3803,Fogão,Britânia,4,1556.48,Linha Branca,2024-12-12,Valentina Pereira,Melo
3804,Liquidificador,Panasonic,4,2659.47,Eletroportáteis,2025-04-09,João Gabriel Ramos,Mendes
3805,Fogão,Panasonic,4,2535.57,Linha Branca,2024-04-09,Dr. Gustavo Henrique da Mota,Ramos das Pedras
3806,Máquina de Lavar,Britânia,1,3330.21,Linha Branca,2025-07-04,Vitor Gabriel Martins,Moraes das Pedras
3807,Fogão,Consul,3,1568.66,Linha Branca,2025-01-08,Isaac Aragão,Ramos
3808,Televisão,Mondial,5,2253.96,Eletrônicos,2024-11-19,Pietro Lima,Peixoto
3809,Televisão,LG,3,5442.83,Eletrônicos,2024-11-01,Srta. Lívia Teixeira,Lopes da Praia
3810,Micro-ondas,Mondial,3,3308.31,Eletroportáteis,2024-11-02,Alícia Duarte,Silveira
3811,Máquina de Lavar,Electrolux,2,2796.92,Linha Branca,2023-08-20,Brenda Silveira,Cunha de Correia
3812,Ar-Condicionado,LG,5,5946.39,Climatização,2024-12-04,Ana Carolina Ribeiro,Aragão da Praia
3813,Ar-Condicionado,LG,4,478.99,Climatização,2025-03-03,João Felipe da Conceição,da Rocha
3814,Cafeteira,Samsung,4,671.83,Eletroportáteis,2023-11-16,Vitor Gabriel Pereira,Caldeira
3815,Cafeteira,Consul,2,3150.94,Eletroportáteis,2024-06-26,Sr. Pedro Moraes,da Mata
3816,Geladeira,Mondial,2,2747.3,Linha Branca,2023-09-07,Thales Carvalho,Pereira
3817,Aspirador de Pó,Electrolux,3,4095.61,Eletroportáteis,2024-11-13,Mariane Barros,Silva Alegre
3818,Aspirador de Pó,Consul,4,5387.73,Eletroportáteis,2024-10-08,Marcelo Pires,Nascimento de Melo
3819,Máquina de Lavar,Brastemp,3,3456.15,Linha Branca,2024-05-16,João Lucas Moura,Nunes das Flores
3820,Liquidificador,Midea,4,3168.88,Eletroportáteis,2025-06-24,Gustavo Henrique Pires,Pires de Barros
3821,Geladeira,Consul,5,2223.62,Linha Branca,2024-06-24,Luigi da Rocha,Alves Alegre
3822,Liquidificador,Samsung,3,4364.38,Eletroportáteis,2023-10-07,Renan Rocha,Rocha
3823,Cafeteira,Panasonic,5,4737.63,Eletroportáteis,2023-07-27,Danilo da Costa,Vieira
3824,Ar-Condicionado,Brastemp,5,5546.28,Climatização,2023-10-06,Henrique Nogueira,Fernandes do Campo
3825,Fogão,Consul,4,5597.04,Linha Branca,2023-11-23,Lucca Nascimento,Cunha
3826,Cafeteira,Panasonic,1,1106.8,Eletroportáteis,2024-06-06,Ana Beatriz Ribeiro,Santos da Mata
3827,Ar-Condicionado,Consul,1,1161.47,Climatização,2024-08-10,Caroline Gomes,Santos do Oeste
3828,Cafeteira,Midea,4,4577.37,Eletroportáteis,2025-01-02,Bruno Silveira,Mendes do Campo
3829,Geladeira,Britânia,4,5001.49,Linha Branca,2024-06-28,Luiza Ramos,Barros de Minas
3830,Micro-ondas,Philco,1,4991.38,Eletroportáteis,2023-07-24,Ian Vieira,da Cunha
3831,Cafeteira,Consul,5,1719.61,Eletroportáteis,2024-04-06,Kamilly Moreira,Costela da Praia
3832,Televisão,Philco,2,263.41,Eletrônicos,2023-07-15,Davi Luiz da Mata,Silveira Verde
3833,Fogão,Consul,1,4621.96,Linha Branca,2024-05-26,Julia Dias,Ramos
3834,Liquidificador,Mondial,3,4895.3,Eletroportáteis,2024-07-29,Beatriz Nascimento,Aragão
3835,Aspirador de Pó,Samsung,2,799.31,Eletroportáteis,2025-04-22,Dr. Gustavo Henrique Cavalcanti,Teixeira
3836,Geladeira,Samsung,3,1768.52,Linha Branca,2024-02-08,Mirella Moura,Gonçalves Alegre
3837,Aspirador de Pó,Electrolux,2,3376.86,Eletroportáteis,2023-12-17,Valentina da Paz,Pereira das Flores
3838,Televisão,Britânia,1,1541.27,Eletrônicos,2025-04-22,Murilo Nogueira,Lopes
3839,Liquidificador,Panasonic,5,2413.81,Eletroportáteis,2024-12-09,Isaac Gonçalves,da Mota Paulista
3840,Liquidificador,LG,1,2435.61,Eletroportáteis,2025-06-26,Maria Oliveira,Melo
3841,Cafeteira,Panasonic,5,4445.47,Eletroportáteis,2024-06-20,Rafaela Cunha,Pires Paulista
3842,Máquina de Lavar,Electrolux,3,937.21,Linha Branca,2024-12-02,Sr. Gustavo Viana,da Rosa do Galho
3843,Televisão,Philco,1,2206.55,Eletrônicos,2024-04-28,Raquel Correia,Costa
3844,Liquidificador,Samsung,3,3896.15,Eletroportáteis,2024-09-20,Isaac da Mata,Ramos de Farias
3845,Aspirador de Pó,Brastemp,1,715.87,Eletroportáteis,2024-06-24,Marcos Vinicius Moura,Dias de Lopes
3846,Aspirador de Pó,Electrolux,1,5824.24,Eletroportáteis,2025-01-04,Camila Martins,Monteiro de da Paz
3847,Geladeira,Consul,5,912.41,Linha Branca,2024-08-15,Erick Nascimento,Peixoto
3848,Liquidificador,Samsung,3,3640.69,Eletroportáteis,2025-02-16,Sr. João Guilherme Campos,Nascimento Alegre
3849,Máquina de Lavar,Consul,2,5188.07,Linha Branca,2023-12-06,Ana Carolina Moreira,Dias da Mata
3850,Secadora,Electrolux,2,1283.14,Linha Branca,2024-07-01,Luna Correia,Alves
3851,Fogão,Philco,5,2956.57,Linha Branca,2025-06-14,Mariane Rezende,Ramos de Duarte
3852,Televisão,Brastemp,4,4776.29,Eletrônicos,2024-10-06,Sr. Benício Pinto,Santos
3853,Geladeira,LG,3,5087.17,Linha Branca,2024-05-26,Emanuella Teixeira,Azevedo
3854,Geladeira,Philco,2,2081.95,Linha Branca,2023-07-21,Raquel Farias,Alves de Minas
3855,Televisão,Midea,5,5013.8,Eletrônicos,2023-10-29,Esther Carvalho,Rezende dos Dourados
3856,Secadora,Britânia,1,2752.11,Linha Branca,2024-04-10,Rafael Pires,Sales da Serra
3857,Aspirador de Pó,Mondial,1,3361.8,Eletroportáteis,2024-05-31,Lucca Caldeira,Fogaça
3858,Micro-ondas,Britânia,5,1050.36,Eletroportáteis,2025-02-05,Joaquim Dias,Gomes da Serra
3859,Máquina de Lavar,Britânia,2,5537.46,Linha Branca,2024-12-09,Lorenzo Castro,Rodrigues
3860,Aspirador de Pó,Samsung,5,1897.88,Eletroportáteis,2024-07-03,Bárbara da Mata,Cardoso
3861,Secadora,Brastemp,3,3348.08,Linha Branca,2025-02-13,Maria Cecília da Cunha,Moraes
3862,Micro-ondas,Samsung,5,747.83,Eletroportáteis,2024-08-19,Sr. Raul Ramos,Moura
3863,Liquidificador,Brastemp,5,441.69,Eletroportáteis,2024-12-03,Rafaela Peixoto,da Paz Paulista
3864,Televisão,Panasonic,4,1215.17,Eletrônicos,2025-04-11,Laura Nascimento,Cardoso da Mata
3865,Secadora,Consul,4,4788.4,Linha Branca,2024-10-29,Davi Lucas Fogaça,Barros
3866,Cafeteira,Brastemp,2,3132.41,Eletroportáteis,2023-10-16,Isabelly Rodrigues,Castro da Prata
3867,Secadora,Britânia,5,3449.43,Linha Branca,2025-04-18,Benício Ferreira,Caldeira
3868,Cafeteira,Britânia,3,4448.13,Eletroportáteis,2024-11-17,Luigi Viana,Santos
3869,Geladeira,Samsung,2,2645.4,Linha Branca,2024-06-17,Gustavo Henrique Nunes,Castro
3870,Televisão,Midea,3,4497.46,Eletrônicos,2024-12-03,Enrico Melo,Rodrigues Paulista
3871,Liquidificador,Consul,4,3022.52,Eletroportáteis,2025-04-03,Thomas Moraes,Costa
3872,Ar-Condicionado,Electrolux,2,1234.62,Climatização,2025-02-11,Nicolas Santos,Costa da Serra
3873,Liquidificador,Electrolux,1,2794.26,Eletroportáteis,2023-12-04,Gustavo Henrique das Neves,Porto de Goiás
3874,Liquidificador,Samsung,5,4746.72,Eletroportáteis,2023-07-20,Rafaela Rocha,Freitas
3875,Micro-ondas,Panasonic,1,5279.6,Eletroportáteis,2024-12-04,Luiz Miguel Cardoso,Azevedo
3876,Liquidificador,Mondial,1,3923.16,Eletroportáteis,2024-11-16,Heloísa Barros,da Mata de Monteiro
3877,Cafeteira,Midea,2,1995.74,Eletroportáteis,2025-01-14,Bruno Peixoto,Nogueira
3878,Aspirador de Pó,Mondial,1,953.6,Eletroportáteis,2025-06-06,Carolina Nascimento,Barros Grande
3879,Fogão,Electrolux,4,5072.57,Linha Branca,2025-05-29,Julia Vieira,Pinto do Oeste
3880,Máquina de Lavar,Midea,2,1686.92,Linha Branca,2024-11-26,Davi Lucas da Luz,Silveira do Sul
3881,Cafeteira,Consul,5,2431.96,Eletroportáteis,2023-11-04,Murilo Cavalcanti,Aragão Alegre
3882,Fogão,Mondial,2,1571.06,Linha Branca,2024-04-13,Erick Rezende,Farias das Pedras
3883,Máquina de Lavar,Britânia,1,5615.17,Linha Branca,2023-12-03,Francisco Cardoso,Souza Paulista
3884,Secadora,Midea,4,1229.61,Linha Branca,2023-10-26,Isabelly Barros,Moura do Norte
3885,Liquidificador,Brastemp,1,1069.46,Eletroportáteis,2024-05-30,Alexia Souza,Silva do Campo
3886,Ar-Condicionado,Panasonic,5,3315.9,Climatização,2025-01-31,João Pedro Ferreira,Nunes do Amparo
3887,Cafeteira,Electrolux,5,2391.2,Eletroportáteis,2023-08-23,Vicente Freitas,Vieira Alegre
3888,Liquidificador,Electrolux,5,2479.38,Eletroportáteis,2024-07-11,Mariana Mendes,Farias de Araújo
3889,Máquina de Lavar,Panasonic,5,2611.35,Linha Branca,2024-12-16,Alana Barbosa,Gonçalves do Campo
3890,Ar-Condicionado,Mondial,3,1320.59,Climatização,2024-05-30,Srta. Agatha Nogueira,Farias das Flores
3891,Secadora,Samsung,3,797.93,Linha Branca,2024-01-27,Sr. Davi Lucca Peixoto,Nunes das Flores
3892,Cafeteira,Mondial,4,2125.84,Eletroportáteis,2024-07-09,Elisa Ramos,Santos
3893,Micro-ondas,Mondial,1,2831.78,Eletroportáteis,2024-09-03,Dr. Henrique Alves,Silva Paulista
3894,Liquidificador,Samsung,5,3935.02,Eletroportáteis,2024-12-09,Benjamin Duarte,Ferreira das Flores
3895,Televisão,Philco,5,1087.08,Eletrônicos,2023-11-28,Amanda Barbosa,Araújo de Moreira
3896,Geladeira,Philco,2,2257.62,Linha Branca,2024-03-28,Luana Pires,Melo de Aragão
3897,Secadora,Mondial,1,931.4,Linha Branca,2023-11-12,Bianca Pereira,Dias do Norte
3898,Máquina de Lavar,Samsung,1,3217.13,Linha Branca,2025-06-30,Sr. João Felipe Barros,Rodrigues
3899,Liquidificador,LG,4,5483.78,Eletroportáteis,2024-02-22,Letícia Cavalcanti,Cunha de Mendes
3900,Secadora,Mondial,3,3417.62,Linha Branca,2024-05-22,Esther Cardoso,Nogueira
3901,Aspirador de Pó,Brastemp,2,804.81,Eletroportáteis,2023-08-21,Olivia Fogaça,Farias de Minas
3902,Cafeteira,Consul,3,546.24,Eletroportáteis,2024-11-26,Luana da Luz,da Rosa de Cardoso
3903,Cafeteira,Philco,5,3892.95,Eletroportáteis,2024-07-18,Lorenzo Rezende,Oliveira da Praia
3904,Geladeira,Britânia,1,5656.98,Linha Branca,2025-03-25,Clarice Correia,Barbosa de Lima
3905,Cafeteira,Electrolux,2,3029.95,Eletroportáteis,2024-11-24,Dra. Juliana Silva,Moura das Flores
3906,Televisão,Panasonic,1,4991.99,Eletrônicos,2024-10-15,Dr. Leonardo Ribeiro,Azevedo Alegre
3907,Liquidificador,Panasonic,1,921.62,Eletroportáteis,2025-02-12,Gabrielly da Rosa,Peixoto do Sul
3908,Secadora,Electrolux,1,1289.37,Linha Branca,2024-05-15,Stella Almeida,Viana
3909,Ar-Condicionado,Mondial,1,1962.71,Climatização,2024-02-06,Sra. Ana Carolina Mendes,Souza de Ribeiro
3910,Micro-ondas,Mondial,4,5690.15,Eletroportáteis,2024-10-09,Pedro Peixoto,Costa
3911,Televisão,Brastemp,1,5045.29,Eletrônicos,2025-01-29,Lucas Gabriel Moreira,Silva do Amparo
3912,Geladeira,Midea,2,3448.96,Linha Branca,2023-08-07,Nathan Farias,da Paz
3913,Aspirador de Pó,Britânia,4,4106.94,Eletroportáteis,2024-10-20,Antônio Vieira,Sales de Caldeira
3914,Ar-Condicionado,Philco,3,873.45,Climatização,2024-07-03,Mariane da Mata,Ramos de da Rocha
3915,Aspirador de Pó,Samsung,2,2165.32,Eletroportáteis,2025-05-25,Luiz Gustavo Viana,Moraes
3916,Micro-ondas,Philco,2,4826.42,Eletroportáteis,2025-03-31,Juan da Mota,Fogaça da Mata
3917,Geladeira,Consul,1,2457.83,Linha Branca,2025-01-26,Dra. Marcela Campos,da Cunha
3918,Máquina de Lavar,Mondial,4,3068.97,Linha Branca,2023-12-03,Esther Caldeira,Costa do Oeste
3919,Liquidificador,Philco,2,3830.09,Eletroportáteis,2025-03-23,Lucas Rodrigues,Pereira Grande
3920,Aspirador de Pó,Brastemp,2,4205.06,Eletroportáteis,2025-01-09,Samuel Oliveira,Novaes
3921,Cafeteira,Philco,1,3184.87,Eletroportáteis,2025-05-01,Ian Lopes,Araújo de Novaes
3922,Secadora,LG,4,2039.08,Linha Branca,2024-08-15,Srta. Rebeca Pires,Teixeira
3923,Máquina de Lavar,Panasonic,3,5628.22,Linha Branca,2024-03-14,Leandro Nascimento,Rezende da Praia
3924,Micro-ondas,Panasonic,4,4638.86,Eletroportáteis,2024-08-23,Emanuelly Lopes,da Mata de Farias
3925,Televisão,Midea,1,5585.16,Eletrônicos,2025-02-02,Sr. João Gomes,Aragão do Norte
3926,Televisão,Samsung,5,4159.92,Eletrônicos,2025-02-19,Thomas Fernandes,Melo
3927,Geladeira,Mondial,5,4398.44,Linha Branca,2024-02-08,Dra. Ana Julia da Rocha,Martins dos Dourados
3928,Televisão,Electrolux,2,1754.87,Eletrônicos,2024-12-14,Isabella Cardoso,Cardoso
3929,Televisão,Philco,3,2734.1,Eletrônicos,2025-02-17,Ian da Luz,Vieira de Costela
3930,Fogão,Consul,2,465.76,Linha Branca,2025-06-15,Ana Lopes,Freitas das Pedras
3931,Máquina de Lavar,Panasonic,4,2790.32,Linha Branca,2024-12-22,Caroline Aragão,da Paz
3932,Fogão,Britânia,4,1197.33,Linha Branca,2025-04-06,Fernanda Nunes,Dias
3933,Televisão,Philco,1,945.58,Eletrônicos,2025-05-13,Sophia Castro,Moreira
3934,Fogão,LG,3,2896.3,Linha Branca,2025-03-08,Isaac Monteiro,Monteiro de Nogueira
3935,Aspirador de Pó,Midea,4,1002.3,Eletroportáteis,2024-10-08,Ian Silva,Silveira
3936,Televisão,Mondial,3,2751.66,Eletrônicos,2024-06-08,Bárbara Martins,Silva do Campo
3937,Televisão,Brastemp,3,1307.73,Eletrônicos,2025-03-03,Raul Dias,Peixoto da Mata
3938,Aspirador de Pó,Philco,2,654.47,Eletroportáteis,2025-01-04,Ana da Rocha,Aragão
3939,Televisão,LG,1,2538.54,Eletrônicos,2023-07-14,Maria Julia Pinto,Fogaça de Duarte
3940,Televisão,Panasonic,4,3584.39,Eletrônicos,2023-09-19,Pedro Lucas Nascimento,Oliveira da Prata
3941,Ar-Condicionado,Midea,1,1981.18,Climatização,2025-03-10,Sr. Marcelo Ribeiro,Nascimento
3942,Ar-Condicionado,Britânia,4,3740.34,Climatização,2023-12-12,Benício Porto,Pereira
3943,Secadora,Britânia,3,3771.93,Linha Branca,2025-03-03,Isadora Campos,da Conceição do Amparo
3944,Fogão,Consul,3,3481.47,Linha Branca,2024-03-10,Joaquim Gomes,da Mota do Sul
3945,Secadora,Samsung,2,2650.35,Linha Branca,2023-10-02,Luana Nunes,Moraes
3946,Fogão,Panasonic,5,1202.04,Linha Branca,2024-10-23,Olivia Gonçalves,Rezende
3947,Secadora,Brastemp,1,5778.04,Linha Branca,2025-05-12,Pedro Lucas Jesus,Ramos
3948,Cafeteira,Electrolux,3,4986.99,Eletroportáteis,2023-08-13,Thales Almeida,Ramos de Moraes
3949,Televisão,Mondial,1,342.6,Eletrônicos,2023-09-26,Maria Luiza Aragão,das Neves
3950,Cafeteira,Samsung,1,1460.53,Eletroportáteis,2024-07-08,Cecília da Cruz,Gomes do Sul
3951,Televisão,Britânia,4,1735.07,Eletrônicos,2024-01-20,Emanuella Barros,Cardoso
3952,Ar-Condicionado,LG,1,1513.93,Climatização,2024-03-16,Maria Fernanda Castro,da Rosa de Teixeira
3953,Fogão,Midea,3,5471.48,Linha Branca,2025-04-22,Gabrielly Nascimento,Barbosa do Amparo
3954,Aspirador de Pó,Consul,5,3053.23,Eletroportáteis,2024-05-15,Noah Cavalcanti,Gonçalves de Fernandes
3955,Ar-Condicionado,Mondial,4,5422.69,Climatização,2024-05-23,Helena da Cruz,Novaes do Amparo
3956,Secadora,Consul,3,5094.39,Linha Branca,2024-10-15,Igor Cavalcanti,Lima
3957,Aspirador de Pó,Midea,1,441.15,Eletroportáteis,2023-09-24,Emanuel Pires,Fogaça do Galho
3958,Cafeteira,Samsung,4,2584.3,Eletroportáteis,2025-06-17,Gabrielly Barros,Correia
3959,Geladeira,Electrolux,5,1037.76,Linha Branca,2025-04-04,Sr. Davi Luiz Farias,Cardoso Alegre
3960,Secadora,Mondial,1,5996.06,Linha Branca,2024-05-22,Juan Moreira,Dias
3961,Geladeira,Panasonic,2,889.22,Linha Branca,2024-09-21,Daniela Santos,Monteiro
3962,Cafeteira,Brastemp,2,785.04,Eletroportáteis,2024-08-24,Laís Fogaça,Aragão de Silva
3963,Secadora,Philco,5,5494.85,Linha Branca,2023-07-12,Dr. Benício Souza,Gomes de da Cunha
3964,Ar-Condicionado,Brastemp,5,3727.7,Climatização,2023-11-30,Cauê da Rosa,Souza do Sul
3965,Secadora,Consul,4,1839.9,Linha Branca,2023-12-09,Lavínia Rocha,da Cunha do Norte
3966,Micro-ondas,Mondial,2,2951.29,Eletroportáteis,2023-09-11,Ana Luiza Gonçalves,Pires
3967,Geladeira,Britânia,3,4624.47,Linha Branca,2025-07-04,Srta. Gabriela Sales,Jesus
3968,Fogão,Brastemp,2,5708.98,Linha Branca,2024-03-22,Elisa Pereira,Jesus
3969,Geladeira,Consul,3,4229.39,Linha Branca,2023-11-03,Srta. Mariane Duarte,Castro
3970,Geladeira,Mondial,1,2307.11,Linha Branca,2024-02-27,Sr. Murilo Moreira,Pinto
3971,Secadora,Brastemp,2,3132.33,Linha Branca,2025-01-19,Matheus Pires,Rocha de Carvalho
3972,Geladeira,Samsung,4,2643.22,Linha Branca,2024-09-22,Dr. Kaique Pires,Oliveira
3973,Geladeira,Consul,1,1420.09,Linha Branca,2024-10-01,Maitê da Rocha,Oliveira de Minas
3974,Ar-Condicionado,Mondial,5,5298.22,Climatização,2024-03-05,Caroline Mendes,Farias das Pedras
3975,Micro-ondas,Consul,2,2990.01,Eletroportáteis,2025-04-07,Isis da Costa,Nunes
3976,Secadora,Consul,2,5091.94,Linha Branca,2024-03-16,Bianca Ribeiro,Moreira
3977,Televisão,Consul,5,628.71,Eletrônicos,2024-04-20,Enrico da Mota,Pires do Campo
3978,Geladeira,Consul,2,850.14,Linha Branca,2025-06-16,Ana Clara Moreira,Rezende
3979,Máquina de Lavar,Consul,4,5884.45,Linha Branca,2025-05-13,Srta. Sofia Silveira,Melo
3980,Ar-Condicionado,Brastemp,5,4832.93,Climatização,2024-10-13,Cauê Nogueira,Araújo
3981,Cafeteira,Mondial,1,5147.98,Eletroportáteis,2023-09-16,João Gabriel Moreira,Martins de Minas
3982,Secadora,Philco,1,5736.26,Linha Branca,2024-04-08,Eduarda Pinto,Jesus
3983,Fogão,Midea,4,1689.58,Linha Branca,2023-12-05,Lorenzo Ribeiro,Ramos
3984,Aspirador de Pó,LG,5,2944.48,Eletroportáteis,2024-01-25,Marina Nunes,Aragão
3985,Ar-Condicionado,Midea,4,2981.41,Climatização,2024-09-06,Vitor Hugo Fogaça,Fernandes do Sul
3986,Fogão,Philco,2,2634.5,Linha Branca,2024-10-20,Gustavo Henrique Sales,Ribeiro
3987,Fogão,Samsung,3,5683.84,Linha Branca,2024-11-28,Enrico Silva,Silveira da Serra
3988,Máquina de Lavar,Brastemp,4,3346.4,Linha Branca,2025-02-20,Rafael Caldeira,Cavalcanti da Serra
3989,Aspirador de Pó,Britânia,4,2016.88,Eletroportáteis,2023-12-14,Luana da Mota,Costa
3990,Geladeira,Samsung,5,688.88,Linha Branca,2024-12-20,Amanda Gonçalves,da Mata Alegre
3991,Geladeira,Consul,3,3116.09,Linha Branca,2023-09-25,Eduardo da Luz,Silveira de Barbosa
3992,Micro-ondas,Midea,5,4688.65,Eletroportáteis,2023-10-30,Olivia Lopes,Rezende de Minas
3993,Televisão,Consul,4,968.78,Eletrônicos,2023-07-12,Renan Gonçalves,da Costa da Praia
3994,Aspirador de Pó,Midea,1,2048.39,Eletroportáteis,2024-11-12,Manuela Martins,Sales
3995,Fogão,Philco,3,275.22,Linha Branca,2024-09-11,Noah das Neves,Almeida de Goiás
3996,Fogão,Samsung,2,4037.77,Linha Branca,2024-08-23,Fernanda Castro,da Cunha
3997,Liquidificador,Samsung,1,5606.62,Eletroportáteis,2024-04-10,Calebe Alves,Caldeira
3998,Cafeteira,Midea,3,2453.68,Eletroportáteis,2024-03-12,Maria Julia Lopes,Monteiro
3999,Liquidificador,Consul,5,3286.82,Eletroportáteis,2025-04-17,Miguel Campos,Gomes
4000,Aspirador de Pó,Consul,4,5369.45,Eletroportáteis,2024-02-04,Matheus Pinto,Moreira
4001,Máquina de Lavar,LG,2,4985.04,Linha Branca,2024-05-21,Maitê Ferreira,Silveira de Melo
4002,Ar-Condicionado,Electrolux,4,2109.71,Climatização,2024-02-04,Vinicius Pinto,Fogaça
4003,Secadora,Electrolux,2,1882.99,Linha Branca,2023-08-11,Fernanda Costa,Barbosa
4004,Micro-ondas,Brastemp,5,4509.42,Eletroportáteis,2024-10-25,Bruno Mendes,da Luz do Oeste
4005,Fogão,Mondial,5,1742.54,Linha Branca,2024-10-01,Isabella Campos,Nascimento das Flores
4006,Secadora,Britânia,4,453.43,Linha Branca,2024-02-11,Otávio Souza,Porto de Cardoso
4007,Liquidificador,Consul,3,1526.08,Eletroportáteis,2024-02-25,João Guilherme Novaes,Viana
4008,Aspirador de Pó,Philco,2,4336.73,Eletroportáteis,2024-05-27,Maria Cecília Dias,Rezende do Norte
4009,Televisão,Philco,1,5696.59,Eletrônicos,2023-08-16,Sr. Bryan Cavalcanti,Gomes
4010,Cafeteira,LG,3,1475.47,Eletroportáteis,2023-12-19,Marina Mendes,Cardoso de Barbosa
4011,Máquina de Lavar,Mondial,3,3485.66,Linha Branca,2023-07-14,Catarina Rodrigues,Gomes das Flores
4012,Micro-ondas,Electrolux,5,4682.03,Eletroportáteis,2025-03-07,Ryan Porto,da Luz da Mata
4013,Televisão,LG,3,4704.73,Eletrônicos,2024-03-13,Sra. Isabella Rocha,Cardoso
4014,Ar-Condicionado,LG,1,5495.21,Climatização,2023-10-08,Danilo Dias,da Mata do Sul
4015,Aspirador de Pó,Midea,2,2914.09,Eletroportáteis,2024-01-06,Fernanda Fernandes,Campos de Moraes
4016,Televisão,Panasonic,1,3058.72,Eletrônicos,2023-07-23,Maria Alice Gonçalves,Correia das Pedras
4017,Secadora,Brastemp,2,4601.48,Linha Branca,2024-11-30,Clara Farias,Pereira de Goiás
4018,Fogão,Consul,1,1166.29,Linha Branca,2024-02-11,Dr. Pedro Henrique Cunha,Alves
4019,Cafeteira,Brastemp,4,2525.91,Eletroportáteis,2025-07-08,Sr. Davi Lucca da Paz,Alves
4020,Liquidificador,Consul,3,4578.29,Eletroportáteis,2024-11-17,Dr. Ian Rezende,Barbosa
4021,Secadora,Consul,1,5046.68,Linha Branca,2024-10-24,Dra. Joana Fernandes,Costela de Barbosa
4022,Televisão,Britânia,3,3367.72,Eletrônicos,2024-01-03,Fernanda Novaes,da Costa dos Dourados
4023,Cafeteira,Electrolux,2,1554.41,Eletroportáteis,2023-07-12,Theo Barros,da Mota
4024,Cafeteira,Mondial,4,535.67,Eletroportáteis,2023-11-26,Catarina Caldeira,da Cunha
4025,Cafeteira,Mondial,3,3660.11,Eletroportáteis,2024-12-03,Luigi Pinto,Araújo
4026,Ar-Condicionado,Samsung,3,386.67,Climatização,2025-07-09,Srta. Agatha Fernandes,Pinto de Nunes
4027,Ar-Condicionado,Panasonic,4,4671.54,Climatização,2024-12-29,Emanuel da Cunha,Nunes
4028,Liquidificador,Electrolux,1,1086.89,Eletroportáteis,2023-07-29,Gabriela Moraes,da Cruz de Martins
4029,Liquidificador,Midea,2,4626.86,Eletroportáteis,2024-03-25,João Gabriel Jesus,Dias
4030,Cafeteira,Brastemp,3,3870.28,Eletroportáteis,2025-03-07,Sophia Silveira,Costa das Flores
4031,Ar-Condicionado,Mondial,1,5027.3,Climatização,2023-08-26,Gustavo Henrique Lima,Lopes da Mata
4032,Máquina de Lavar,Consul,2,1440.92,Linha Branca,2025-01-16,Sra. Kamilly Azevedo,Farias
4033,Ar-Condicionado,Panasonic,1,3905.42,Climatização,2024-05-21,Emanuelly da Conceição,Nogueira
4034,Secadora,Philco,4,1004.16,Linha Branca,2023-10-05,Emanuella Lopes,Farias da Prata
4035,Fogão,Britânia,3,3473.97,Linha Branca,2024-06-07,Gabrielly Nunes,Santos
4036,Cafeteira,Philco,2,442.2,Eletroportáteis,2024-05-05,Marcela Nogueira,da Cruz
4037,Máquina de Lavar,Consul,3,1633.84,Linha Branca,2024-05-25,Sr. Diego Viana,Farias
4038,Televisão,Britânia,4,5881.71,Eletrônicos,2025-04-25,Srta. Pietra Castro,Lima
4039,Micro-ondas,Samsung,4,1647.04,Eletroportáteis,2024-10-23,Lucas Moraes,Ribeiro da Praia
4040,Fogão,Mondial,2,3874.73,Linha Branca,2024-06-12,Dra. Ana Sophia Pereira,Vieira de Mendes
4041,Aspirador de Pó,Philco,3,1703.78,Eletroportáteis,2024-08-13,Dra. Sabrina Pereira,Correia de Goiás
4042,Micro-ondas,Brastemp,4,5760.27,Eletroportáteis,2024-10-11,Theo Novaes,Aragão de Moura
4043,Geladeira,Midea,5,2746.34,Linha Branca,2023-09-30,Dra. Maria Vitória Cardoso,Araújo do Oeste
4044,Liquidificador,Consul,4,2508.0,Eletroportáteis,2025-01-28,Cauã Fernandes,da Mata
4045,Aspirador de Pó,Samsung,1,1812.66,Eletroportáteis,2023-09-06,João Guilherme Dias,Souza
4046,Micro-ondas,Brastemp,1,574.65,Eletroportáteis,2023-10-27,Mirella Pinto,da Cunha do Galho
4047,Aspirador de Pó,Brastemp,5,286.99,Eletroportáteis,2024-11-04,Guilherme Peixoto,Almeida
4048,Liquidificador,Brastemp,3,4183.03,Eletroportáteis,2024-12-29,Srta. Marcela Gonçalves,Freitas Grande
4049,Cafeteira,Midea,4,1164.84,Eletroportáteis,2023-08-23,Gabriela Peixoto,Barros de Araújo
4050,Aspirador de Pó,Samsung,1,3115.84,Eletroportáteis,2023-08-06,Sophie da Rocha,Peixoto das Flores
4051,Fogão,Mondial,2,2098.01,Linha Branca,2023-12-14,Gabriela Cavalcanti,Costela
4052,Fogão,Mondial,4,2761.22,Linha Branca,2024-03-07,Isis Viana,Cardoso de Cardoso
4053,Cafeteira,Consul,2,1288.81,Eletroportáteis,2024-11-16,Lucas Oliveira,Campos de Costela
4054,Aspirador de Pó,Britânia,5,5262.09,Eletroportáteis,2024-03-10,Ana Julia da Paz,Gonçalves
4055,Cafeteira,Electrolux,5,3211.71,Eletroportáteis,2023-11-05,Gabriela Pereira,Ribeiro
4056,Aspirador de Pó,Midea,3,670.23,Eletroportáteis,2024-07-05,Clara Cavalcanti,da Rosa Verde
4057,Fogão,LG,4,5875.75,Linha Branca,2024-08-05,Isabel Costela,Correia
4058,Secadora,LG,3,5835.16,Linha Branca,2024-04-27,Davi Duarte,Araújo de Barbosa
4059,Secadora,LG,1,1732.77,Linha Branca,2025-05-20,Dr. Breno Souza,da Paz
4060,Máquina de Lavar,Philco,2,5416.32,Linha Branca,2024-10-09,Davi Lucca da Rocha,Freitas
4061,Secadora,Mondial,5,5351.48,Linha Branca,2025-01-02,Otávio Rezende,Alves dos Dourados
4062,Cafeteira,Samsung,3,1863.26,Eletroportáteis,2023-10-09,Sabrina Caldeira,Caldeira da Mata
4063,Liquidificador,Philco,2,815.35,Eletroportáteis,2024-10-10,Sarah Caldeira,da Mota
4064,Micro-ondas,LG,1,4204.43,Eletroportáteis,2023-12-20,André da Rosa,Caldeira
4065,Liquidificador,Brastemp,4,3271.01,Eletroportáteis,2025-03-11,Raquel Mendes,Fernandes do Amparo
4066,Fogão,LG,2,2191.28,Linha Branca,2024-07-19,Ana Vitória Costela,Costela
4067,Liquidificador,Panasonic,1,5457.32,Eletroportáteis,2024-01-24,Isaac Costela,Melo de Goiás
4068,Cafeteira,Philco,1,4990.27,Eletroportáteis,2024-04-02,Sra. Maria da Cruz,Nunes do Amparo
4069,Secadora,Britânia,4,2600.83,Linha Branca,2025-06-11,Stella Cavalcanti,Teixeira
4070,Liquidificador,Philco,3,4061.04,Eletroportáteis,2025-03-23,Igor Barros,Rocha dos Dourados
4071,Fogão,Britânia,5,1787.12,Linha Branca,2024-01-19,Lavínia Ramos,Peixoto de Carvalho
4072,Cafeteira,Midea,4,4628.33,Eletroportáteis,2024-11-27,Lorenzo Santos,das Neves
4073,Geladeira,Brastemp,5,580.95,Linha Branca,2023-12-23,Rafaela Teixeira,Farias
4074,Micro-ondas,Midea,3,4223.96,Eletroportáteis,2024-11-25,Dr. Davi Rezende,Ramos
4075,Geladeira,LG,5,633.99,Linha Branca,2025-05-08,Thales Campos,Novaes do Amparo
4076,Cafeteira,Samsung,1,3318.32,Eletroportáteis,2025-02-24,Lívia Lopes,Martins Verde
4077,Liquidificador,Panasonic,4,1434.92,Eletroportáteis,2024-05-24,Yuri da Cunha,Pinto de Castro
4078,Micro-ondas,Midea,5,3658.81,Eletroportáteis,2024-08-22,Evelyn Viana,Carvalho
4079,Cafeteira,Brastemp,1,5322.78,Eletroportáteis,2023-12-01,Dra. Sophie Nogueira,Cavalcanti do Norte
4080,Televisão,LG,2,4784.69,Eletrônicos,2024-02-23,Emilly Araújo,Cunha Alegre
4081,Cafeteira,Britânia,4,3709.84,Eletroportáteis,2023-07-27,Maysa Cavalcanti,das Neves da Mata
4082,Ar-Condicionado,Electrolux,3,3052.69,Climatização,2023-07-11,Ana Julia Silva,Martins
4083,Aspirador de Pó,Consul,5,4920.29,Eletroportáteis,2024-10-28,Sofia Martins,Ferreira de Minas
4084,Micro-ondas,Brastemp,2,726.25,Eletroportáteis,2023-12-03,Ryan Ramos,Pinto Grande
4085,Cafeteira,Consul,5,2891.78,Eletroportáteis,2025-01-15,Sra. Eloah da Rosa,Sales da Mata
4086,Secadora,LG,5,2941.16,Linha Branca,2024-10-04,Caroline Pereira,da Costa do Galho
4087,Televisão,Samsung,4,5720.3,Eletrônicos,2024-07-06,Maria Eduarda da Rocha,Carvalho
4088,Cafeteira,LG,2,3584.0,Eletroportáteis,2025-02-13,Caroline Barros,Cunha do Sul
4089,Aspirador de Pó,Panasonic,3,1393.57,Eletroportáteis,2024-12-20,Raul das Neves,Almeida Paulista
4090,Televisão,Midea,5,3638.86,Eletrônicos,2024-10-17,Nicole Silveira,Silva da Serra
4091,Secadora,Midea,1,729.31,Linha Branca,2025-05-19,Pedro Henrique Caldeira,Nogueira
4092,Televisão,Midea,3,2898.53,Eletrônicos,2025-01-17,Srta. Valentina Freitas,Cunha
4093,Micro-ondas,Electrolux,4,4048.66,Eletroportáteis,2024-12-17,Ian Araújo,Freitas
4094,Ar-Condicionado,Mondial,1,2095.18,Climatização,2023-09-29,Melissa Moreira,Pereira
4095,Máquina de Lavar,Consul,1,484.52,Linha Branca,2025-04-05,Isadora Gonçalves,Aragão
4096,Liquidificador,Consul,3,1611.99,Eletroportáteis,2024-05-31,Dr. Davi Lucca Almeida,Moura
4097,Máquina de Lavar,Mondial,2,3262.96,Linha Branca,2024-06-14,Yuri da Conceição,Teixeira
4098,Liquidificador,Britânia,5,966.06,Eletroportáteis,2023-12-01,Maria Fernanda Porto,da Cunha
4099,Micro-ondas,LG,4,5477.84,Eletroportáteis,2024-04-25,Bianca Carvalho,Cardoso
4100,Aspirador de Pó,Brastemp,3,1405.89,Eletroportáteis,2023-11-12,Antônio Gonçalves,da Rosa de Ramos
4101,Máquina de Lavar,LG,1,3532.31,Linha Branca,2024-11-13,Dra. Maria Luiza Rezende,Pereira do Galho
4102,Fogão,Electrolux,4,3062.59,Linha Branca,2024-06-23,Alícia Carvalho,Moraes das Flores
4103,Aspirador de Pó,Philco,2,2291.91,Eletroportáteis,2024-12-17,Maria Alice da Luz,Souza
4104,Aspirador de Pó,Consul,2,2138.52,Eletroportáteis,2023-11-26,Dr. Ryan Santos,Rodrigues do Oeste
4105,Aspirador de Pó,Philco,5,5155.8,Eletroportáteis,2024-03-08,Larissa Teixeira,Porto do Oeste
4106,Liquidificador,Mondial,3,4082.71,Eletroportáteis,2024-11-23,Matheus Barbosa,Cardoso
4107,Liquidificador,Brastemp,1,1351.44,Eletroportáteis,2025-05-23,Alexia Rezende,Rocha
4108,Televisão,Panasonic,2,1964.88,Eletrônicos,2023-11-12,Alice Novaes,Costela
4109,Fogão,Midea,2,3445.72,Linha Branca,2025-05-19,Ana Carolina Martins,Pereira de Goiás
4110,Geladeira,Mondial,1,1757.35,Linha Branca,2023-07-14,Theo da Rocha,Melo da Praia
4111,Televisão,LG,4,3575.15,Eletrônicos,2024-03-16,Henrique da Rocha,Araújo
4112,Fogão,Midea,3,3949.0,Linha Branca,2024-09-09,Davi Lucca Vieira,Pereira da Serra
4113,Máquina de Lavar,Brastemp,3,5802.66,Linha Branca,2024-02-23,Anthony Mendes,Fogaça dos Dourados
4114,Geladeira,Samsung,2,4335.48,Linha Branca,2024-03-21,Lorena Carvalho,da Cruz do Galho
4115,Liquidificador,Philco,3,786.08,Eletroportáteis,2023-10-08,Miguel Aragão,das Neves do Oeste
4116,Ar-Condicionado,LG,5,735.89,Climatização,2025-03-17,Dr. Anthony Ribeiro,da Cunha
4117,Máquina de Lavar,Philco,3,3726.59,Linha Branca,2025-04-19,Renan Gonçalves,da Conceição
4118,Aspirador de Pó,Mondial,4,1514.81,Eletroportáteis,2023-08-15,Evelyn Sales,Teixeira de Cavalcanti
4119,Cafeteira,Midea,2,2044.31,Eletroportáteis,2025-02-09,Diogo Pereira,Pires de Souza
4120,Fogão,Midea,2,3429.88,Linha Branca,2025-01-09,Emanuella Carvalho,Costela de Goiás
4121,Geladeira,Samsung,1,3836.04,Linha Branca,2024-06-29,Isabel Costela,Moraes do Sul
4122,Micro-ondas,Brastemp,2,1881.14,Eletroportáteis,2024-11-13,Yuri da Luz,Oliveira
4123,Geladeira,Panasonic,4,3622.19,Linha Branca,2023-12-08,Sr. João Vitor Castro,Porto de da Luz
4124,Fogão,Philco,5,2170.71,Linha Branca,2025-03-03,Levi Correia,Caldeira de Sales
4125,Geladeira,LG,3,2757.05,Linha Branca,2025-05-11,Bárbara Moraes,Oliveira
4126,Liquidificador,Brastemp,4,4638.05,Eletroportáteis,2023-08-15,Lorenzo Alves,Sales da Praia
4127,Aspirador de Pó,LG,2,5987.99,Eletroportáteis,2024-11-15,Maria Alice Gomes,Cavalcanti de Ramos
4128,Fogão,Electrolux,3,1030.26,Linha Branca,2023-10-18,Kevin Porto,Fernandes do Campo
4129,Liquidificador,Consul,2,2331.73,Eletroportáteis,2023-12-15,Isadora Costela,Novaes do Galho
4130,Micro-ondas,Samsung,1,5118.28,Eletroportáteis,2024-06-03,Vitor Correia,Porto de Fernandes
4131,Televisão,LG,4,1707.2,Eletrônicos,2024-02-09,Maria Cecília Vieira,Cardoso
4132,Cafeteira,Philco,4,4828.42,Eletroportáteis,2024-04-08,Caio Carvalho,Souza
4133,Ar-Condicionado,Brastemp,5,1364.49,Climatização,2024-04-15,Sr. Rafael Gomes,Pires
4134,Micro-ondas,Mondial,4,933.48,Eletroportáteis,2025-07-07,Kaique da Mota,Sales da Mata
4135,Liquidificador,Samsung,2,4770.85,Eletroportáteis,2024-11-29,Sr. Augusto Pereira,Gonçalves do Oeste
4136,Secadora,Philco,4,4868.92,Linha Branca,2024-06-04,André Moreira,Monteiro
4137,Liquidificador,Brastemp,4,4514.99,Eletroportáteis,2024-12-11,Sr. Carlos Eduardo Sales,Cardoso do Oeste
4138,Máquina de Lavar,Electrolux,1,5736.99,Linha Branca,2024-04-14,Milena da Costa,Gonçalves
4139,Ar-Condicionado,LG,1,4029.95,Climatização,2024-06-26,Mariane Rocha,Santos
4140,Ar-Condicionado,Panasonic,4,4211.91,Climatização,2024-01-03,Bárbara Fernandes,Lopes dos Dourados
4141,Televisão,LG,4,2587.84,Eletrônicos,2023-11-08,João Pedro Dias,Duarte
4142,Aspirador de Pó,Samsung,1,4577.95,Eletroportáteis,2024-04-16,Yasmin da Rosa,Monteiro
4143,Ar-Condicionado,Consul,2,3186.52,Climatização,2024-06-09,Pedro Miguel Gomes,da Costa Verde
4144,Aspirador de Pó,Consul,4,1741.11,Eletroportáteis,2023-09-07,Yago Oliveira,Moreira Alegre
4145,Secadora,Midea,2,4990.61,Linha Branca,2024-02-29,Maria Julia da Rosa,Gonçalves
4146,Cafeteira,Electrolux,5,5694.8,Eletroportáteis,2024-04-18,Maria Santos,Santos de Minas
4147,Liquidificador,Midea,1,3655.5,Eletroportáteis,2024-07-30,Gustavo Barbosa,da Cruz
4148,Liquidificador,LG,3,5663.73,Eletroportáteis,2024-07-24,Heitor Souza,Mendes
4149,Liquidificador,Mondial,2,3797.6,Eletroportáteis,2024-06-27,Vitor Gabriel Cardoso,Gomes de Moreira
4150,Liquidificador,Philco,2,3559.35,Eletroportáteis,2024-12-08,Sr. Luiz Miguel Pires,Mendes do Galho
4151,Fogão,Mondial,2,1189.34,Linha Branca,2024-09-03,Eloah Moraes,Costa de Minas
4152,Televisão,Midea,1,3957.86,Eletrônicos,2024-01-03,Carlos Eduardo Correia,Carvalho de Jesus
4153,Liquidificador,Consul,1,5489.54,Eletroportáteis,2024-05-22,Davi Lucca da Rosa,Campos
4154,Fogão,Britânia,1,2472.02,Linha Branca,2025-05-13,Mariana Azevedo,da Mata
4155,Ar-Condicionado,Midea,2,1909.86,Climatização,2025-03-06,Manuela Nascimento,Correia
4156,Secadora,LG,1,3417.95,Linha Branca,2025-04-07,Emanuel Moura,Carvalho
4157,Ar-Condicionado,LG,3,4960.81,Climatização,2024-10-27,Marcelo Barbosa,Caldeira dos Dourados
4158,Liquidificador,Electrolux,4,2368.52,Eletroportáteis,2024-05-02,Clara Ferreira,Peixoto
4159,Máquina de Lavar,LG,4,5639.67,Linha Branca,2024-02-10,Bruno Cardoso,Pinto
4160,Aspirador de Pó,Consul,3,4586.38,Eletroportáteis,2025-06-19,Dra. Alice Barbosa,da Cunha Verde
4161,Aspirador de Pó,Britânia,5,1950.26,Eletroportáteis,2025-07-10,Sr. Calebe Moreira,Teixeira de Barros
4162,Cafeteira,Britânia,4,466.27,Eletroportáteis,2024-11-25,Maria Luiza Alves,das Neves das Pedras
4163,Micro-ondas,Britânia,4,2566.07,Eletroportáteis,2024-07-04,Dr. Davi Lucca Sales,Cardoso
4164,Ar-Condicionado,Midea,5,5604.08,Climatização,2025-07-08,Emanuella Lopes,Melo de da Luz
4165,Fogão,Brastemp,4,4371.92,Linha Branca,2023-10-21,Augusto da Rocha,Gonçalves do Campo
4166,Micro-ondas,LG,3,4858.36,Eletroportáteis,2024-06-29,Dr. Calebe Ramos,Castro
4167,Máquina de Lavar,Philco,3,490.35,Linha Branca,2024-11-28,João Vitor Souza,Fogaça de Cavalcanti
4168,Geladeira,LG,5,4206.48,Linha Branca,2024-09-12,Sabrina Peixoto,da Mota de Sales
4169,Fogão,Mondial,2,2375.84,Linha Branca,2023-10-07,Ryan da Mota,Moura do Sul
4170,Micro-ondas,Britânia,4,4814.99,Eletroportáteis,2024-12-29,Rebeca da Rocha,Moraes
4171,Liquidificador,Consul,5,4165.14,Eletroportáteis,2023-07-22,Mirella Silveira,Novaes
4172,Geladeira,Panasonic,1,3895.14,Linha Branca,2024-06-25,Ana Vitória da Costa,Rodrigues
4173,Liquidificador,LG,5,3597.83,Eletroportáteis,2024-10-09,Lucas Nunes,Caldeira do Oeste
4174,Geladeira,Electrolux,2,5017.46,Linha Branca,2024-05-06,Bryan da Cunha,Moraes
4175,Liquidificador,Panasonic,5,5224.42,Eletroportáteis,2025-06-21,Marcelo Lopes,Ferreira do Galho
4176,Cafeteira,Britânia,3,4522.71,Eletroportáteis,2023-10-22,Clarice da Conceição,Caldeira
4177,Secadora,Panasonic,4,2615.08,Linha Branca,2023-07-20,Maria Clara Cavalcanti,Barros Verde
4178,Máquina de Lavar,Britânia,1,1923.75,Linha Branca,2024-04-21,Gustavo Rocha,Silva do Amparo
4179,Máquina de Lavar,Samsung,3,1314.66,Linha Branca,2025-02-05,Leandro Ribeiro,da Rosa
4180,Cafeteira,Consul,2,5997.54,Eletroportáteis,2024-07-29,Maria Sophia Gomes,Fogaça do Campo
4181,Cafeteira,Mondial,4,5033.87,Eletroportáteis,2025-06-26,Sofia Nunes,Pires
4182,Liquidificador,Samsung,1,1345.3,Eletroportáteis,2024-10-16,Lucas Gabriel Melo,Pinto de Campos
4183,Liquidificador,Brastemp,2,5713.04,Eletroportáteis,2024-05-18,Rebeca Cavalcanti,Porto das Flores
4184,Fogão,Philco,1,5950.91,Linha Branca,2025-07-04,Davi das Neves,Araújo Verde
4185,Micro-ondas,Philco,1,5429.8,Eletroportáteis,2023-07-16,Davi da Paz,da Costa da Mata
4186,Fogão,Panasonic,1,3142.04,Linha Branca,2024-05-03,Juan Nogueira,Cavalcanti
4187,Fogão,Samsung,2,5524.62,Linha Branca,2024-11-24,Júlia Rodrigues,Ramos de Martins
4188,Fogão,Brastemp,5,2477.7,Linha Branca,2023-12-14,Nina Aragão,Rodrigues
4189,Geladeira,Brastemp,3,4093.97,Linha Branca,2024-02-21,Amanda Oliveira,Azevedo
4190,Secadora,Mondial,3,1339.17,Linha Branca,2024-07-12,João Martins,Viana
4191,Ar-Condicionado,Samsung,3,5851.07,Climatização,2025-02-09,Maria Luiza Viana,Lima
4192,Geladeira,LG,4,5266.23,Linha Branca,2024-10-01,Carolina Martins,da Mata
4193,Secadora,LG,2,1015.01,Linha Branca,2024-07-17,Emilly Nunes,da Paz da Praia
4194,Ar-Condicionado,Mondial,4,3658.26,Climatização,2023-10-15,Luiz Otávio Cardoso,Ramos das Pedras
4195,Fogão,LG,5,473.41,Linha Branca,2023-12-16,Alícia Nunes,Cardoso de Ramos
4196,Aspirador de Pó,Mondial,5,4577.06,Eletroportáteis,2023-11-11,Sofia da Rosa,da Mata Paulista
4197,Máquina de Lavar,Mondial,2,4549.0,Linha Branca,2023-10-15,Maria Julia Silva,Santos de Martins
4198,Geladeira,Brastemp,3,344.4,Linha Branca,2024-02-22,Maria Ramos,Moraes
4199,Fogão,LG,5,3688.02,Linha Branca,2024-06-16,Carlos Eduardo Porto,Silva do Galho
4200,Cafeteira,Philco,2,5030.91,Eletroportáteis,2024-01-24,Maria Luiza Martins,da Costa
4201,Ar-Condicionado,Panasonic,1,2785.23,Climatização,2024-10-13,Marina Dias,Dias de Lopes
4202,Aspirador de Pó,Britânia,5,670.47,Eletroportáteis,2024-10-15,Murilo Cunha,da Rosa
4203,Micro-ondas,Philco,2,990.27,Eletroportáteis,2025-03-18,Arthur Viana,Mendes do Norte
4204,Aspirador de Pó,Mondial,1,4191.77,Eletroportáteis,2025-05-13,Dr. Gustavo Henrique Viana,Moreira
4205,Televisão,Consul,3,1813.28,Eletrônicos,2024-04-02,Dr. André das Neves,Aragão
4206,Micro-ondas,Panasonic,3,1710.76,Eletroportáteis,2024-04-14,João Vitor da Cruz,Barbosa do Sul
4207,Máquina de Lavar,Mondial,4,3508.2,Linha Branca,2024-02-16,Dra. Maria Luiza Ribeiro,Pires das Flores
4208,Televisão,LG,5,5188.73,Eletrônicos,2023-12-03,Gabriel Campos,da Mata
4209,Aspirador de Pó,LG,2,3545.79,Eletroportáteis,2025-06-23,Eloah Aragão,Monteiro das Pedras
4210,Cafeteira,Britânia,5,2016.13,Eletroportáteis,2024-05-21,Nathan Almeida,Rodrigues
4211,Cafeteira,Panasonic,2,1055.44,Eletroportáteis,2024-12-31,Dr. Joaquim Nascimento,Nascimento dos Dourados
4212,Geladeira,Midea,1,2966.2,Linha Branca,2024-03-20,João Pedro Teixeira,Rezende
4213,Geladeira,Panasonic,1,4888.44,Linha Branca,2025-06-18,Srta. Luiza Moura,Cardoso
4214,Fogão,Brastemp,4,638.51,Linha Branca,2023-11-25,Ryan Vieira,Aragão
4215,Fogão,Midea,4,3435.88,Linha Branca,2025-02-03,Gabrielly da Cunha,Duarte de Minas
4216,Micro-ondas,Britânia,5,5071.01,Eletroportáteis,2025-01-18,Yuri Rezende,Martins Paulista
4217,Micro-ondas,Samsung,3,3038.22,Eletroportáteis,2024-09-20,Caio Oliveira,Viana do Galho
4218,Ar-Condicionado,LG,5,4014.69,Climatização,2024-06-08,Nina Araújo,Carvalho Verde
4219,Geladeira,Midea,4,927.28,Linha Branca,2025-01-20,Nicolas Nascimento,Peixoto do Oeste
4220,Micro-ondas,Brastemp,4,1947.02,Eletroportáteis,2025-06-07,Juan Freitas,Melo
4221,Ar-Condicionado,Panasonic,4,2131.9,Climatização,2025-06-27,Dr. João Gabriel Moraes,Gonçalves Paulista
4222,Liquidificador,LG,5,1068.98,Eletroportáteis,2024-12-28,Camila Mendes,da Rosa do Norte
4223,Secadora,Consul,5,5821.79,Linha Branca,2023-11-10,Cecília Rodrigues,Freitas da Mata
4224,Micro-ondas,Samsung,1,5164.64,Eletroportáteis,2024-04-25,Emanuelly Viana,Martins
4225,Ar-Condicionado,LG,1,551.9,Climatização,2024-06-14,Beatriz da Luz,Farias da Praia
4226,Televisão,LG,2,3955.99,Eletrônicos,2024-06-10,Giovanna Mendes,Sales
4227,Micro-ondas,Brastemp,1,221.57,Eletroportáteis,2024-06-26,Vitor Gabriel Vieira,Moraes do Campo
4228,Cafeteira,Mondial,5,455.44,Eletroportáteis,2023-12-25,Sarah Caldeira,da Rocha do Galho
4229,Geladeira,Midea,1,3257.38,Linha Branca,2025-03-10,Cauã Pinto,Duarte do Oeste
4230,Geladeira,Samsung,5,4089.32,Linha Branca,2024-10-31,Caio Teixeira,Ferreira
4231,Secadora,Consul,3,2865.72,Linha Branca,2025-03-02,Isadora Novaes,Pereira
4232,Micro-ondas,Mondial,4,1257.93,Eletroportáteis,2024-06-26,Dra. Luana Almeida,da Costa da Prata
4233,Liquidificador,Electrolux,2,4222.63,Eletroportáteis,2024-10-23,Yasmin Azevedo,Campos
4234,Cafeteira,Mondial,3,4417.96,Eletroportáteis,2024-06-29,Sr. Francisco Vieira,Nascimento de Minas
4235,Máquina de Lavar,Panasonic,1,1344.01,Linha Branca,2024-05-22,Ana Beatriz Ribeiro,Fogaça de Pinto
4236,Secadora,Panasonic,2,4715.62,Linha Branca,2023-10-19,Miguel Santos,Correia do Oeste
4237,Secadora,Samsung,4,2035.65,Linha Branca,2024-09-26,Sabrina Monteiro,Moura da Serra
4238,Micro-ondas,Brastemp,4,2174.89,Eletroportáteis,2025-06-29,Heloísa Lopes,Barbosa
4239,Geladeira,Britânia,2,3597.34,Linha Branca,2024-12-15,Isabel da Rocha,Cardoso da Praia
4240,Fogão,LG,1,3231.96,Linha Branca,2023-12-16,Stephany Cardoso,da Paz
4241,Ar-Condicionado,Philco,2,4555.33,Climatização,2023-11-22,Dr. João Felipe da Cruz,Nascimento da Mata
4242,Liquidificador,Samsung,1,2658.86,Eletroportáteis,2023-09-02,Larissa da Rosa,Melo da Mata
4243,Ar-Condicionado,Brastemp,1,4075.62,Climatização,2024-08-15,Sophie Campos,Ferreira da Mata
4244,Fogão,Midea,3,5915.3,Linha Branca,2023-09-19,João Gabriel da Conceição,Pires
4245,Aspirador de Pó,Britânia,5,1642.04,Eletroportáteis,2025-01-03,Erick Mendes,Viana
4246,Aspirador de Pó,Panasonic,1,4320.97,Eletroportáteis,2023-09-21,Davi Alves,Lopes
4247,Ar-Condicionado,Electrolux,3,1016.57,Climatização,2025-01-21,Cauê Fogaça,Lima
4248,Aspirador de Pó,Midea,2,2010.08,Eletroportáteis,2025-01-06,Mariane da Cruz,Porto
4249,Secadora,Mondial,1,2268.13,Linha Branca,2024-01-17,Renan Gonçalves,Nunes
4250,Ar-Condicionado,LG,3,668.33,Climatização,2025-05-19,Marcela Sales,Costela
4251,Liquidificador,Panasonic,5,5595.6,Eletroportáteis,2023-11-28,Marcela da Costa,Barros
4252,Liquidificador,Philco,4,5664.14,Eletroportáteis,2025-03-21,Pedro Henrique da Mata,Fernandes
4253,Liquidificador,Samsung,1,5838.34,Eletroportáteis,2024-02-28,Pietro Cavalcanti,Fernandes
4254,Aspirador de Pó,Consul,2,2589.75,Eletroportáteis,2025-01-08,Nicolas Novaes,Almeida da Praia
4255,Cafeteira,Panasonic,5,2786.52,Eletroportáteis,2024-09-19,Srta. Amanda Pereira,Mendes
4256,Fogão,Consul,3,3255.48,Linha Branca,2024-09-18,Ana Luiza da Conceição,Barbosa do Campo
4257,Televisão,Panasonic,2,2100.88,Eletrônicos,2024-03-15,Paulo Barbosa,Almeida da Mata
4258,Aspirador de Pó,Electrolux,3,3025.68,Eletroportáteis,2025-03-27,Maysa Viana,da Mata
4259,Ar-Condicionado,Midea,4,5900.72,Climatização,2024-11-25,Bruna Silveira,Pereira do Galho
4260,Televisão,Brastemp,5,1956.98,Eletrônicos,2025-06-08,Catarina Rocha,Jesus Grande
4261,Ar-Condicionado,Midea,5,2202.6,Climatização,2024-02-12,Alexia Gomes,Mendes
4262,Fogão,Consul,1,3066.2,Linha Branca,2023-07-26,Ana Júlia Lopes,Silva Verde
4263,Liquidificador,LG,4,4263.97,Eletroportáteis,2023-08-01,Luigi Moraes,Nunes de Minas
4264,Geladeira,Brastemp,3,1016.09,Linha Branca,2025-02-24,Guilherme Cardoso,da Mata
4265,Aspirador de Pó,Philco,2,1529.26,Eletroportáteis,2024-03-25,Emanuel Moura,Ferreira
4266,Geladeira,LG,3,4120.62,Linha Branca,2025-06-21,Dr. Matheus Novaes,Moura do Campo
4267,Cafeteira,Samsung,5,2545.74,Eletroportáteis,2024-06-08,Fernanda das Neves,Barbosa Grande
4268,Secadora,Electrolux,4,3077.23,Linha Branca,2024-06-20,Laís da Rosa,Ferreira das Flores
4269,Micro-ondas,Consul,4,5260.22,Eletroportáteis,2023-07-28,Pedro Porto,Barbosa Grande
4270,Cafeteira,Mondial,3,1285.73,Eletroportáteis,2024-05-16,Pedro Martins,Vieira
4271,Máquina de Lavar,Electrolux,1,1009.32,Linha Branca,2024-03-29,Dra. Ana Lívia Nogueira,Vieira
4272,Micro-ondas,LG,3,3689.35,Eletroportáteis,2023-10-22,Emanuel Costela,Rocha de Moraes
4273,Máquina de Lavar,Mondial,3,553.7,Linha Branca,2024-05-30,Raquel Nunes,Costela
4274,Cafeteira,Consul,2,2750.82,Eletroportáteis,2024-08-31,Srta. Emanuelly da Cruz,Freitas
4275,Ar-Condicionado,Mondial,2,1650.19,Climatização,2025-02-21,Milena da Luz,Monteiro de Goiás
4276,Televisão,LG,5,3861.81,Eletrônicos,2024-07-26,Pietro Porto,Viana de Rezende
4277,Fogão,Samsung,5,881.98,Linha Branca,2025-07-10,Ana Jesus,Novaes
4278,Secadora,Panasonic,2,2661.91,Linha Branca,2023-11-10,Yuri Rezende,Cardoso de Costa
4279,Ar-Condicionado,LG,5,2800.6,Climatização,2025-04-28,Raul Gonçalves,Oliveira Verde
4280,Fogão,Britânia,3,5673.27,Linha Branca,2024-10-05,Sr. Luiz Fernando Sales,Aragão de Silveira
4281,Micro-ondas,Philco,4,2517.85,Eletroportáteis,2025-05-26,Alana Ferreira,Dias de Minas
4282,Televisão,Panasonic,2,4254.45,Eletrônicos,2023-11-04,Raquel da Cruz,Rodrigues
4283,Aspirador de Pó,Mondial,3,2272.81,Eletroportáteis,2024-01-30,Natália Freitas,Fogaça de Nogueira
4284,Fogão,Midea,1,1239.05,Linha Branca,2024-07-29,Dr. Francisco Martins,Souza de da Cruz
4285,Micro-ondas,Philco,3,1856.45,Eletroportáteis,2024-08-25,Francisco Fogaça,da Rosa Grande
4286,Micro-ondas,Britânia,5,2970.17,Eletroportáteis,2023-12-23,Cauê Ferreira,Fogaça de Jesus
4287,Liquidificador,Midea,2,3376.41,Eletroportáteis,2024-04-26,Nicole Pereira,Moraes
4288,Liquidificador,Philco,2,1220.8,Eletroportáteis,2024-10-03,Luiz Gustavo Jesus,Novaes
4289,Geladeira,Philco,4,4636.41,Linha Branca,2025-01-04,Otávio Freitas,Silva de Minas
4290,Liquidificador,Consul,3,3282.83,Eletroportáteis,2025-05-26,Vitor Hugo Castro,Freitas
4291,Aspirador de Pó,Britânia,3,4174.17,Eletroportáteis,2023-10-23,Olivia Nascimento,Silveira Paulista
4292,Cafeteira,Consul,3,2955.35,Eletroportáteis,2024-06-29,Fernanda Lopes,Cardoso de Araújo
4293,Televisão,Philco,5,3807.38,Eletrônicos,2024-05-03,Lucas Fernandes,Mendes do Norte
4294,Liquidificador,Samsung,2,1909.35,Eletroportáteis,2024-01-08,Kaique Araújo,Santos
4295,Máquina de Lavar,Brastemp,1,1239.63,Linha Branca,2024-05-06,João Lucas Lopes,Cavalcanti do Amparo
4296,Máquina de Lavar,Brastemp,2,3712.07,Linha Branca,2025-03-28,Danilo Fernandes,Cardoso
4297,Máquina de Lavar,Philco,2,5877.01,Linha Branca,2024-03-17,Renan Costela,Alves do Campo
4298,Secadora,Panasonic,2,1743.51,Linha Branca,2023-11-22,Lorenzo Araújo,Jesus dos Dourados
4299,Micro-ondas,Midea,4,528.81,Eletroportáteis,2025-05-11,Guilherme Fernandes,Cunha
4300,Cafeteira,Panasonic,4,394.12,Eletroportáteis,2024-11-01,Thales Sales,Silveira
4301,Liquidificador,Midea,2,1148.97,Eletroportáteis,2023-08-02,Samuel Aragão,Cardoso do Galho
4302,Cafeteira,Mondial,3,2961.3,Eletroportáteis,2024-12-04,Gabrielly Oliveira,Rodrigues da Mata
4303,Ar-Condicionado,Mondial,5,2015.03,Climatização,2024-09-27,Yasmin Nunes,Barros
4304,Liquidificador,Midea,1,1922.82,Eletroportáteis,2024-11-29,Giovanna da Mata,Ferreira
4305,Fogão,Mondial,4,2819.3,Linha Branca,2024-03-26,Breno Rodrigues,Nunes
4306,Aspirador de Pó,Electrolux,3,2253.06,Eletroportáteis,2025-02-10,Kaique Ribeiro,Porto
4307,Fogão,LG,1,3745.3,Linha Branca,2024-11-28,Dr. Nicolas Pinto,da Conceição da Praia
4308,Fogão,Panasonic,2,4841.66,Linha Branca,2024-10-27,Erick Campos,Alves
4309,Máquina de Lavar,Midea,1,2676.75,Linha Branca,2025-02-09,Mariane Freitas,Ferreira
4310,Ar-Condicionado,Mondial,2,1897.95,Climatização,2024-08-03,Beatriz Barbosa,Lima
4311,Cafeteira,LG,4,4243.53,Eletroportáteis,2024-05-29,Júlia Cunha,Rocha
4312,Cafeteira,Midea,4,4432.15,Eletroportáteis,2023-12-02,Maria Sophia Almeida,Correia
4313,Televisão,Mondial,4,5293.4,Eletrônicos,2024-04-08,Luiz Felipe Fernandes,Nogueira
4314,Liquidificador,Electrolux,5,2591.46,Eletroportáteis,2023-10-13,Anthony Rezende,Lima
4315,Cafeteira,Electrolux,4,504.82,Eletroportáteis,2024-12-25,Alana da Cruz,Moreira de Goiás
4316,Liquidificador,Mondial,5,952.49,Eletroportáteis,2024-08-25,Stephany Almeida,da Mata
4317,Micro-ondas,Samsung,4,970.58,Eletroportáteis,2025-03-11,Lucas da Rosa,Alves
4318,Liquidificador,LG,3,5727.91,Eletroportáteis,2025-05-18,Beatriz Azevedo,da Luz
4319,Aspirador de Pó,Samsung,5,5801.56,Eletroportáteis,2024-01-14,Maysa Jesus,Ferreira de Cunha
4320,Geladeira,Philco,3,2640.34,Linha Branca,2024-01-08,Leandro Cavalcanti,Jesus
4321,Máquina de Lavar,Consul,2,4353.36,Linha Branca,2024-02-18,Maria Clara Araújo,Martins
4322,Micro-ondas,Britânia,1,459.06,Eletroportáteis,2023-07-23,Luigi Castro,da Cruz
4323,Ar-Condicionado,Consul,3,5554.04,Climatização,2025-01-28,Maitê Araújo,da Rosa de Aragão
4324,Aspirador de Pó,Mondial,4,5505.02,Eletroportáteis,2025-07-01,Clara da Cruz,Moraes
4325,Secadora,Midea,1,1462.0,Linha Branca,2024-07-24,Heloísa da Rosa,Costa de Pinto
4326,Fogão,Midea,3,724.78,Linha Branca,2025-05-08,Laís Lima,Farias de Minas
4327,Aspirador de Pó,Consul,2,5867.55,Eletroportáteis,2024-08-13,Dra. Gabrielly Moura,Rezende
4328,Máquina de Lavar,Brastemp,2,5266.05,Linha Branca,2025-02-12,Guilherme Oliveira,Souza Grande
4329,Fogão,Britânia,5,4751.61,Linha Branca,2024-10-01,Srta. Camila Fogaça,Pinto da Praia
4330,Televisão,Consul,2,5929.73,Eletrônicos,2024-03-06,Rafaela da Rosa,da Conceição Grande
4331,Geladeira,Consul,4,1696.79,Linha Branca,2024-06-11,Eloah Moreira,Lopes de Fernandes
4332,Cafeteira,Samsung,5,4284.4,Eletroportáteis,2023-12-17,Pietro Azevedo,da Mota
4333,Cafeteira,Britânia,5,4226.08,Eletroportáteis,2024-05-18,Valentina Teixeira,da Mota das Pedras
4334,Secadora,Mondial,3,2450.62,Linha Branca,2024-04-04,Amanda Azevedo,Rezende da Praia
4335,Máquina de Lavar,Brastemp,5,2438.7,Linha Branca,2025-06-25,Maysa Melo,Gomes
4336,Secadora,Electrolux,5,4274.38,Linha Branca,2025-01-27,João Pedro da Cruz,da Cunha
4337,Ar-Condicionado,Mondial,3,425.52,Climatização,2023-10-18,Ana Sophia Rezende,Santos de Rezende
4338,Máquina de Lavar,Electrolux,4,5356.03,Linha Branca,2025-01-03,Mariane Viana,da Cruz dos Dourados
4339,Máquina de Lavar,Consul,4,963.21,Linha Branca,2024-01-05,Gabrielly Campos,Nogueira de Nunes
4340,Fogão,Midea,1,1596.16,Linha Branca,2023-12-09,Rafaela Araújo,Santos
4341,Cafeteira,LG,3,3806.4,Eletroportáteis,2025-05-28,Maria Sophia Lopes,da Cunha do Norte
4342,Máquina de Lavar,LG,2,1181.18,Linha Branca,2024-02-03,Clara da Paz,Sales de Porto
4343,Aspirador de Pó,Consul,3,5697.14,Eletroportáteis,2024-05-28,Breno Cunha,Barbosa
4344,Televisão,Samsung,5,401.54,Eletrônicos,2024-03-06,Pedro Henrique Pereira,Dias das Pedras
4345,Aspirador de Pó,Mondial,4,5442.86,Eletroportáteis,2025-04-09,Davi Lima,Pires
4346,Máquina de Lavar,Panasonic,1,5941.7,Linha Branca,2024-11-30,Maria Sophia da Luz,da Rocha
4347,Micro-ondas,Midea,2,5205.46,Eletroportáteis,2025-04-18,Maria Luiza Martins,Ribeiro
4348,Liquidificador,Consul,5,847.17,Eletroportáteis,2023-09-21,Felipe Vieira,Moreira
4349,Geladeira,Philco,4,2806.56,Linha Branca,2024-05-13,Samuel da Costa,Ferreira da Serra
4350,Fogão,Panasonic,4,4215.51,Linha Branca,2025-05-14,Marina Fogaça,Aragão
4351,Televisão,Midea,1,1916.23,Eletrônicos,2025-03-06,Murilo Cardoso,Carvalho
4352,Secadora,Philco,5,5199.44,Linha Branca,2025-04-25,Luiz Otávio Rodrigues,da Conceição
4353,Micro-ondas,Samsung,2,2560.15,Eletroportáteis,2024-07-22,Samuel da Mata,Barros de Vieira
4354,Televisão,Britânia,1,3999.35,Eletrônicos,2023-10-03,Manuela Pereira,Ferreira
4355,Aspirador de Pó,Brastemp,1,2746.98,Eletroportáteis,2023-09-03,Sra. Gabrielly Pinto,da Mota Verde
4356,Liquidificador,Electrolux,5,2656.36,Eletroportáteis,2025-04-30,Fernanda Farias,Almeida Paulista
4357,Televisão,Electrolux,3,2480.66,Eletrônicos,2024-11-10,Rebeca Araújo,Cavalcanti do Galho
4358,Secadora,Samsung,1,2155.69,Linha Branca,2024-12-05,Ana Julia Farias,Moreira de da Luz
4359,Liquidificador,Philco,4,4946.04,Eletroportáteis,2024-11-22,Srta. Rebeca da Mota,Cardoso do Oeste
4360,Fogão,Brastemp,5,248.16,Linha Branca,2025-05-18,Thiago Jesus,Ribeiro
4361,Ar-Condicionado,Electrolux,5,5473.49,Climatização,2023-12-27,Maria Vitória da Cunha,Castro
4362,Aspirador de Pó,Electrolux,5,1069.83,Eletroportáteis,2024-09-19,Dr. Murilo Campos,Cardoso
4363,Televisão,Consul,1,3529.93,Eletrônicos,2024-04-19,Mariana Martins,Silva das Flores
4364,Liquidificador,LG,3,2732.18,Eletroportáteis,2023-08-04,Dra. Valentina Peixoto,Farias de da Cruz
4365,Cafeteira,Mondial,4,2599.36,Eletroportáteis,2025-02-01,Diogo Duarte,Souza
4366,Aspirador de Pó,Electrolux,4,2472.56,Eletroportáteis,2023-09-20,Diego da Luz,Campos
4367,Micro-ondas,Brastemp,4,5221.74,Eletroportáteis,2023-11-29,Leandro Moreira,Pinto
4368,Cafeteira,LG,3,683.82,Eletroportáteis,2025-01-28,Carlos Eduardo Souza,Gomes
4369,Televisão,LG,4,5296.32,Eletrônicos,2025-03-06,Nathan Nunes,Cunha Paulista
4370,Geladeira,Samsung,5,4115.51,Linha Branca,2024-02-24,Guilherme Cavalcanti,da Cruz Grande
4371,Liquidificador,Panasonic,3,5972.08,Eletroportáteis,2023-11-25,Lucas Souza,Monteiro Paulista
4372,Secadora,Britânia,1,2110.98,Linha Branca,2025-01-26,Antônio Fogaça,da Paz da Mata
4373,Televisão,Consul,4,4672.07,Eletrônicos,2024-11-30,Maria Alice Novaes,Silveira
4374,Aspirador de Pó,Mondial,5,5609.2,Eletroportáteis,2023-10-05,Gabrielly Nascimento,Araújo do Galho
4375,Televisão,Brastemp,4,3380.01,Eletrônicos,2025-01-30,Brenda da Luz,Freitas das Pedras
4376,Micro-ondas,Panasonic,3,1075.4,Eletroportáteis,2024-05-26,Pietro Barros,Novaes
4377,Ar-Condicionado,Brastemp,2,1198.53,Climatização,2024-02-11,João Gabriel Viana,Souza
4378,Televisão,Britânia,5,5419.88,Eletrônicos,2025-06-02,Bruno Costa,Almeida
4379,Aspirador de Pó,Britânia,5,2824.63,Eletroportáteis,2024-01-31,Sra. Natália Nascimento,Martins de Minas
4380,Televisão,Midea,1,4548.57,Eletrônicos,2025-01-03,Enzo Nascimento,Gomes da Mata
4381,Micro-ondas,Electrolux,2,5112.61,Eletroportáteis,2024-09-26,Mariana Barros,Araújo
4382,Ar-Condicionado,Brastemp,3,4600.25,Climatização,2025-01-08,Melissa da Mata,Ribeiro
4383,Fogão,Philco,4,4078.97,Linha Branca,2025-05-27,Catarina Gomes,da Cruz de Campos
4384,Fogão,Midea,1,792.6,Linha Branca,2023-08-24,Srta. Valentina Nascimento,Viana
4385,Geladeira,Electrolux,2,4934.68,Linha Branca,2024-04-01,Maria Eduarda Barros,Araújo do Galho
4386,Máquina de Lavar,LG,4,4102.73,Linha Branca,2023-09-23,Enzo Gabriel da Rosa,Freitas
4387,Aspirador de Pó,LG,5,2447.65,Eletroportáteis,2024-11-26,Alexia Lima,Carvalho
4388,Fogão,Mondial,1,434.34,Linha Branca,2024-08-31,Luiz Gustavo Monteiro,Mendes
4389,Fogão,Britânia,2,5003.24,Linha Branca,2024-03-19,Laís Santos,Almeida de Azevedo
4390,Aspirador de Pó,Mondial,2,1446.67,Eletroportáteis,2024-08-02,Emanuel Rodrigues,Peixoto dos Dourados
4391,Televisão,Britânia,3,236.81,Eletrônicos,2023-11-05,Maria Vitória Pires,Azevedo Alegre
4392,Micro-ondas,Philco,2,1374.8,Eletroportáteis,2025-04-28,Gabriela da Cruz,Lopes de Aragão
4393,Micro-ondas,Midea,4,3178.22,Eletroportáteis,2025-03-11,Thiago da Mata,da Rocha
4394,Fogão,Electrolux,1,1993.13,Linha Branca,2024-12-07,Alícia Ribeiro,da Costa do Sul
4395,Fogão,LG,5,5850.0,Linha Branca,2024-06-17,Vitor Moura,Silveira
4396,Fogão,Midea,3,2841.04,Linha Branca,2023-09-26,Lavínia Campos,Silveira
4397,Máquina de Lavar,Samsung,4,2849.88,Linha Branca,2024-01-17,Nicolas da Conceição,Melo
4398,Ar-Condicionado,Consul,4,2174.65,Climatização,2024-05-05,Alexandre da Rocha,Melo
4399,Ar-Condicionado,Electrolux,1,2208.92,Climatização,2025-06-26,Caroline Moura,da Conceição do Oeste
4400,Fogão,Brastemp,4,2899.85,Linha Branca,2023-12-15,Emanuel Rezende,Cunha de da Luz
4401,Geladeira,Consul,2,1891.42,Linha Branca,2024-03-12,Sr. Samuel Rodrigues,Nogueira do Campo
4402,Secadora,Britânia,5,1616.26,Linha Branca,2024-06-28,Marcela Viana,da Paz
4403,Geladeira,Britânia,2,1295.04,Linha Branca,2024-06-29,Ana Júlia das Neves,da Mata do Amparo
4404,Aspirador de Pó,Philco,1,4575.32,Eletroportáteis,2025-05-10,Ana Vitória Carvalho,Viana
4405,Secadora,Britânia,4,4484.73,Linha Branca,2025-01-25,Agatha da Cunha,Costa
4406,Cafeteira,Consul,1,3256.35,Eletroportáteis,2023-12-13,Danilo Rocha,Oliveira do Galho
4407,Liquidificador,LG,1,5075.1,Eletroportáteis,2025-03-26,Gabriel Cardoso,Costa
4408,Geladeira,Panasonic,1,4829.97,Linha Branca,2023-07-11,Kaique Azevedo,Porto de Pinto
4409,Televisão,Panasonic,3,5674.97,Eletrônicos,2024-07-08,Emanuelly da Cruz,Porto do Galho
4410,Liquidificador,Mondial,5,5961.74,Eletroportáteis,2024-04-25,Luna Correia,Fernandes
4411,Liquidificador,Samsung,3,5017.51,Eletroportáteis,2024-04-30,Eloah Peixoto,Barros
4412,Geladeira,Midea,3,1567.67,Linha Branca,2023-07-19,Maria Julia Moreira,Campos Verde
4413,Liquidificador,Britânia,3,2185.54,Eletroportáteis,2024-07-31,Thiago Nascimento,Ferreira Paulista
4414,Aspirador de Pó,Midea,2,5851.24,Eletroportáteis,2025-02-13,Gabrielly Nascimento,Campos de da Rosa
4415,Secadora,Brastemp,1,4900.79,Linha Branca,2024-05-20,Ana Laura Moraes,Mendes
4416,Liquidificador,Panasonic,3,1113.67,Eletroportáteis,2024-08-19,Ana Dias,Caldeira do Galho
4417,Ar-Condicionado,Electrolux,4,4182.47,Climatização,2024-08-22,Rodrigo da Costa,Nogueira
4418,Aspirador de Pó,Panasonic,4,821.13,Eletroportáteis,2024-08-16,Eduarda Fernandes,Moraes
4419,Secadora,LG,2,1778.67,Linha Branca,2025-06-14,Camila Carvalho,Silva
4420,Ar-Condicionado,Consul,1,4968.32,Climatização,2023-10-01,Maria Sophia Monteiro,Viana de Cavalcanti
4421,Secadora,Britânia,2,5416.91,Linha Branca,2025-01-23,Maitê Pereira,Freitas de Farias
4422,Secadora,Consul,5,974.13,Linha Branca,2024-07-04,Vitor Hugo da Conceição,Ramos
4423,Geladeira,Mondial,3,1467.89,Linha Branca,2024-10-17,Sra. Olivia Costa,Freitas da Prata
4424,Televisão,Midea,4,952.3,Eletrônicos,2024-05-03,Guilherme Caldeira,Moreira
4425,Geladeira,Mondial,2,4382.3,Linha Branca,2024-08-29,Sra. Laís Pereira,Moraes dos Dourados
4426,Fogão,Samsung,3,4879.72,Linha Branca,2024-05-03,Isabel Barros,Cavalcanti de Goiás
4427,Ar-Condicionado,Midea,3,3554.56,Climatização,2025-07-06,Ian Cunha,Costa do Sul
4428,Secadora,Brastemp,4,2693.01,Linha Branca,2023-07-16,Letícia Lopes,Vieira de Vieira
4429,Secadora,LG,3,915.06,Linha Branca,2024-09-25,Arthur Jesus,Nogueira das Pedras
4430,Geladeira,LG,3,3153.54,Linha Branca,2025-04-09,Sra. Camila Duarte,Rezende da Prata
4431,Aspirador de Pó,Brastemp,1,4367.72,Eletroportáteis,2024-04-01,Dra. Letícia Campos,Porto Paulista
4432,Geladeira,Mondial,1,374.47,Linha Branca,2024-10-10,Agatha Moreira,Porto de Correia
4433,Liquidificador,Panasonic,1,4297.67,Eletroportáteis,2025-04-24,Nathan Martins,Moreira do Oeste
4434,Fogão,Panasonic,3,3562.34,Linha Branca,2024-03-23,Dr. Cauê Costa,Gomes
4435,Aspirador de Pó,Consul,4,2184.62,Eletroportáteis,2024-12-28,Marina Barros,Ribeiro da Mata
4436,Geladeira,Mondial,2,5590.81,Linha Branca,2024-05-24,Isabel da Mota,Costa de Santos
4437,Cafeteira,Brastemp,3,2475.69,Eletroportáteis,2024-08-07,Kamilly Carvalho,da Luz de Dias
4438,Fogão,LG,5,1211.02,Linha Branca,2024-10-06,Sr. Fernando da Luz,Pinto
4439,Televisão,Philco,2,2368.09,Eletrônicos,2024-05-07,Valentina da Costa,Barbosa
4440,Liquidificador,Electrolux,4,3560.26,Eletroportáteis,2025-01-15,Sophie Vieira,Lopes
4441,Secadora,Mondial,2,2554.19,Linha Branca,2023-11-10,Marcela da Rocha,Cardoso
4442,Secadora,Britânia,2,3076.78,Linha Branca,2023-08-08,Manuela Sales,Farias de Goiás
4443,Cafeteira,Electrolux,3,482.54,Eletroportáteis,2023-07-21,Ian Gonçalves,Alves
4444,Cafeteira,Panasonic,1,3380.89,Eletroportáteis,2025-06-24,Fernanda Nunes,da Costa de da Cruz
4445,Cafeteira,Britânia,1,1339.4,Eletroportáteis,2024-03-21,Dr. Enrico da Cunha,Silva
4446,Ar-Condicionado,Brastemp,4,1545.22,Climatização,2024-01-30,Mariane Lima,Moraes
4447,Ar-Condicionado,Panasonic,1,970.39,Climatização,2023-07-12,Pedro Lucas Ramos,Nascimento
4448,Máquina de Lavar,Britânia,4,1484.72,Linha Branca,2023-11-09,Henrique da Conceição,Novaes
4449,Micro-ondas,LG,4,1542.21,Eletroportáteis,2023-08-20,Sophie Pinto,Sales
4450,Cafeteira,Brastemp,4,681.66,Eletroportáteis,2025-04-10,Laís Gonçalves,Teixeira
4451,Máquina de Lavar,LG,3,211.88,Linha Branca,2024-09-14,Rafael Lopes,Cavalcanti Paulista
4452,Micro-ondas,Consul,1,3182.96,Eletroportáteis,2024-06-05,Srta. Maria Cecília Porto,Castro
4453,Liquidificador,Electrolux,2,5944.32,Eletroportáteis,2024-06-11,Nathan Castro,Novaes do Oeste
4454,Fogão,Electrolux,1,2033.5,Linha Branca,2024-05-08,Juliana Silva,da Mata
4455,Micro-ondas,Mondial,4,3702.64,Eletroportáteis,2024-05-17,Lavínia Viana,Ribeiro
4456,Cafeteira,Consul,3,2558.23,Eletroportáteis,2024-07-03,Yago Almeida,Ferreira
4457,Máquina de Lavar,Panasonic,1,4569.65,Linha Branca,2024-09-21,Cauã Mendes,Fogaça Verde
4458,Máquina de Lavar,Philco,5,1116.01,Linha Branca,2025-03-11,Beatriz Peixoto,Novaes
4459,Liquidificador,Philco,4,4151.37,Eletroportáteis,2023-07-16,Leandro Cardoso,Freitas
4460,Aspirador de Pó,Midea,2,536.98,Eletroportáteis,2023-08-26,Lucas da Rosa,da Conceição de Barros
4461,Geladeira,LG,1,4016.38,Linha Branca,2024-04-02,Larissa da Luz,Pires do Oeste
4462,Secadora,Midea,2,1124.7,Linha Branca,2024-09-09,Davi Lucca Nascimento,Correia Alegre
4463,Televisão,Consul,2,5778.37,Eletrônicos,2025-05-07,Renan Correia,Monteiro
4464,Micro-ondas,Mondial,1,5858.02,Eletroportáteis,2023-08-30,Matheus Aragão,Nascimento
4465,Liquidificador,Electrolux,5,2668.24,Eletroportáteis,2024-09-07,Lavínia da Paz,Porto
4466,Aspirador de Pó,Brastemp,1,1098.22,Eletroportáteis,2023-12-21,Marcela Almeida,da Costa
4467,Máquina de Lavar,Britânia,1,921.35,Linha Branca,2024-01-23,Levi Correia,Fogaça de Goiás
4468,Cafeteira,Electrolux,3,3024.27,Eletroportáteis,2023-11-22,Sarah Duarte,Barbosa
4469,Secadora,Consul,3,2142.8,Linha Branca,2024-02-27,Luna Pires,Vieira
4470,Ar-Condicionado,Philco,1,3590.3,Climatização,2024-07-19,Dr. Breno Campos,Teixeira do Galho
4471,Máquina de Lavar,Midea,2,298.06,Linha Branca,2025-01-18,Ana Laura Teixeira,Silva da Praia
4472,Micro-ondas,Midea,2,725.49,Eletroportáteis,2023-11-21,Natália Nogueira,Gonçalves
4473,Liquidificador,Philco,4,3848.89,Eletroportáteis,2024-10-08,Gustavo Henrique Oliveira,da Costa de Barbosa
4474,Secadora,Brastemp,2,5051.68,Linha Branca,2025-04-11,Erick Campos,Moreira de Minas
4475,Secadora,Midea,5,2011.2,Linha Branca,2024-10-22,Sra. Maria Vitória Santos,Ferreira do Sul
4476,Aspirador de Pó,Consul,1,4254.43,Eletroportáteis,2024-07-07,Sr. Alexandre Souza,Lopes da Serra
4477,Aspirador de Pó,LG,3,531.39,Eletroportáteis,2024-10-08,Thiago Moreira,das Neves de Goiás
4478,Máquina de Lavar,LG,5,2358.19,Linha Branca,2025-01-23,Davi Luiz Rodrigues,da Luz
4479,Secadora,LG,4,5907.09,Linha Branca,2025-05-27,Dra. Isabella Moura,Dias
4480,Aspirador de Pó,Britânia,4,2659.66,Eletroportáteis,2024-02-08,Lorena Nunes,Correia dos Dourados
4481,Ar-Condicionado,Panasonic,1,4326.56,Climatização,2024-03-10,Sra. Mariana Oliveira,Freitas
4482,Geladeira,Consul,4,4223.65,Linha Branca,2024-08-12,Isadora Carvalho,Azevedo da Serra
4483,Televisão,Samsung,3,4604.83,Eletrônicos,2024-01-08,Paulo Rodrigues,da Costa do Galho
4484,Geladeira,Brastemp,4,1499.08,Linha Branca,2025-03-28,Yago Peixoto,Pinto do Galho
4485,Cafeteira,Consul,1,3955.52,Eletroportáteis,2023-11-11,Nathan Rezende,Carvalho
4486,Máquina de Lavar,Philco,4,3483.68,Linha Branca,2024-11-17,Brenda Barbosa,Fernandes
4487,Micro-ondas,Samsung,1,1299.82,Eletroportáteis,2024-04-27,Maysa Correia,Ferreira da Mata
4488,Geladeira,LG,1,867.53,Linha Branca,2023-11-10,João Pedro Silveira,Martins
4489,Cafeteira,Panasonic,2,4246.97,Eletroportáteis,2025-02-24,Sra. Larissa Carvalho,da Paz do Oeste
4490,Micro-ondas,Consul,5,1961.44,Eletroportáteis,2024-02-01,João Miguel Sales,Moraes
4491,Liquidificador,Panasonic,5,3264.36,Eletroportáteis,2025-01-12,Dra. Eloah Araújo,Alves
4492,Televisão,LG,5,5269.83,Eletrônicos,2025-01-08,Kaique da Paz,Moraes
4493,Ar-Condicionado,Brastemp,3,1402.48,Climatização,2023-10-13,Luiza Cardoso,Martins
4494,Liquidificador,Britânia,4,3209.82,Eletroportáteis,2023-09-02,Lara Moura,Fogaça do Campo
4495,Ar-Condicionado,Philco,5,2696.49,Climatização,2024-08-21,Daniela Gomes,Costela Verde
4496,Aspirador de Pó,Electrolux,2,1039.9,Eletroportáteis,2024-07-30,Davi Lucas Aragão,Duarte de Goiás
4497,Liquidificador,LG,5,1426.65,Eletroportáteis,2023-11-10,Rafael Cavalcanti,Fernandes
4498,Secadora,Britânia,3,4760.32,Linha Branca,2024-12-16,Vitor Lima,da Cruz do Amparo
4499,Ar-Condicionado,Philco,1,2467.89,Climatização,2024-01-23,Juliana Freitas,Gomes
4500,Ar-Condicionado,Samsung,1,4009.7,Climatização,2025-01-31,Cecília Rodrigues,da Cunha de Goiás
4501,Micro-ondas,Brastemp,2,4504.77,Eletroportáteis,2025-02-20,Breno Vieira,Pires
4502,Secadora,Brastemp,2,4768.09,Linha Branca,2023-10-17,Carolina da Paz,da Cruz
4503,Secadora,Panasonic,5,1460.43,Linha Branca,2024-03-27,Sabrina Costa,da Rosa de Goiás
4504,Geladeira,LG,4,864.36,Linha Branca,2024-01-04,Carolina Correia,Araújo
4505,Secadora,Electrolux,4,1499.28,Linha Branca,2023-12-19,Dra. Luana Monteiro,da Mota Verde
4506,Liquidificador,LG,5,5508.44,Eletroportáteis,2024-02-13,Ana Júlia Caldeira,Silva Verde
4507,Aspirador de Pó,Mondial,2,2260.9,Eletroportáteis,2025-02-06,Maria Eduarda da Rosa,Ramos
4508,Televisão,Brastemp,2,912.38,Eletrônicos,2024-04-06,Dra. Daniela Alves,Campos de Novaes
4509,Ar-Condicionado,Philco,1,1599.06,Climatização,2024-05-19,Pedro Cardoso,da Cunha do Oeste
4510,Secadora,Britânia,4,4565.46,Linha Branca,2024-11-23,Melissa Caldeira,Teixeira
4511,Televisão,Midea,1,3459.9,Eletrônicos,2024-04-26,Dra. Catarina Barbosa,Souza
4512,Micro-ondas,Philco,2,5999.01,Eletroportáteis,2024-04-05,Clarice das Neves,das Neves de Ribeiro
4513,Máquina de Lavar,Midea,3,1568.98,Linha Branca,2024-02-14,Otávio Souza,Melo de da Cunha
4514,Liquidificador,Britânia,2,5338.1,Eletroportáteis,2023-08-17,Sophie da Rosa,Martins de da Costa
4515,Geladeira,Midea,3,3467.72,Linha Branca,2025-04-15,Samuel Moreira,da Cruz da Serra
4516,Máquina de Lavar,Electrolux,3,4292.65,Linha Branca,2024-03-19,Ana Carolina Correia,Viana
4517,Ar-Condicionado,Consul,2,1761.54,Climatização,2024-08-05,Larissa Caldeira,Moreira de Barros
4518,Liquidificador,Consul,2,2184.06,Eletroportáteis,2023-08-30,Yasmin da Rocha,Nogueira da Prata
4519,Televisão,Britânia,1,1869.45,Eletrônicos,2024-11-26,Davi Luiz Pires,Nascimento
4520,Micro-ondas,Panasonic,2,4593.38,Eletroportáteis,2023-11-04,Dra. Alícia Cavalcanti,Monteiro da Prata
4521,Secadora,LG,4,5146.56,Linha Branca,2023-11-28,Pedro Lucas Caldeira,Fogaça
4522,Aspirador de Pó,Brastemp,4,2873.47,Eletroportáteis,2024-11-30,Sra. Alexia Vieira,das Neves
4523,Ar-Condicionado,Midea,1,693.22,Climatização,2025-05-30,Bárbara Caldeira,Viana de Goiás
4524,Cafeteira,LG,2,395.29,Eletroportáteis,2025-02-25,Sra. Agatha Costela,Alves Alegre
4525,Televisão,Mondial,1,997.69,Eletrônicos,2024-11-05,Matheus Silveira,Pires
4526,Liquidificador,LG,3,1734.56,Eletroportáteis,2024-02-26,Noah Moura,Correia
4527,Geladeira,Electrolux,1,4909.16,Linha Branca,2025-04-15,Sophie Nascimento,Moura
4528,Secadora,Samsung,2,2545.96,Linha Branca,2024-10-14,Letícia Caldeira,Lopes de Minas
4529,Aspirador de Pó,Samsung,4,5332.45,Eletroportáteis,2023-07-12,Sr. Davi Souza,Moreira dos Dourados
4530,Geladeira,Brastemp,3,4092.58,Linha Branca,2025-06-03,Breno Gonçalves,Melo
4531,Liquidificador,Samsung,4,2424.67,Eletroportáteis,2025-01-11,Francisco Santos,Castro
4532,Máquina de Lavar,Philco,1,3046.87,Linha Branca,2025-03-08,Lara Cunha,Caldeira de da Luz
4533,Fogão,Electrolux,5,2055.79,Linha Branca,2024-06-16,Luiz Fernando Farias,Azevedo
4534,Secadora,Britânia,4,2823.71,Linha Branca,2024-04-28,Cauê Gomes,Moraes
4535,Micro-ondas,Philco,1,4270.55,Eletroportáteis,2025-06-08,Lucca Moraes,Pinto
4536,Liquidificador,Philco,1,3894.65,Eletroportáteis,2023-12-28,Ana Carolina Azevedo,Teixeira
4537,Geladeira,Samsung,2,1345.84,Linha Branca,2024-03-12,Diego Duarte,Nascimento
4538,Ar-Condicionado,Consul,4,698.88,Climatização,2024-10-27,Brenda Rezende,Souza dos Dourados
4539,Máquina de Lavar,Mondial,1,4513.62,Linha Branca,2024-10-26,Dr. Luiz Felipe Carvalho,Rezende do Amparo
4540,Máquina de Lavar,Brastemp,2,1994.36,Linha Branca,2024-09-21,Henrique da Mota,Gonçalves
4541,Ar-Condicionado,LG,5,975.03,Climatização,2024-08-26,Srta. Maria Luiza Ferreira,Nascimento de Costela
4542,Fogão,Electrolux,4,2210.46,Linha Branca,2025-06-07,Ana Julia Martins,da Paz
4543,Aspirador de Pó,Brastemp,3,3645.31,Eletroportáteis,2025-05-20,Esther Cardoso,Cardoso
4544,Cafeteira,Samsung,5,4580.68,Eletroportáteis,2024-09-03,Ryan das Neves,Costela
4545,Máquina de Lavar,Brastemp,4,5044.85,Linha Branca,2024-05-24,Samuel Barbosa,Alves da Mata
4546,Máquina de Lavar,Mondial,1,5386.8,Linha Branca,2024-07-31,Henrique Pires,Costela da Prata
4547,Micro-ondas,Electrolux,3,4488.78,Eletroportáteis,2025-02-10,Laís Ribeiro,Cardoso
4548,Geladeira,Midea,1,802.22,Linha Branca,2024-10-24,Thomas Moura,Silveira
4549,Micro-ondas,Electrolux,3,2738.15,Eletroportáteis,2025-02-09,Kevin Jesus,Correia
4550,Aspirador de Pó,Samsung,2,3044.6,Eletroportáteis,2025-03-19,João Guilherme Azevedo,Fogaça
4551,Televisão,Panasonic,2,294.5,Eletrônicos,2024-08-22,Levi Nascimento,da Conceição
4552,Aspirador de Pó,Britânia,2,4455.77,Eletroportáteis,2024-06-25,Davi Luiz Ribeiro,Monteiro
4553,Cafeteira,Midea,3,2767.29,Eletroportáteis,2023-08-13,Nicolas Jesus,Melo Alegre
4554,Aspirador de Pó,Philco,2,5103.99,Eletroportáteis,2024-05-18,Beatriz Alves,Pereira
4555,Secadora,Brastemp,1,5540.21,Linha Branca,2023-12-10,Isabella Vieira,Gomes do Galho
4556,Televisão,Philco,5,2957.43,Eletrônicos,2025-02-10,Cauê Azevedo,Costa
4557,Ar-Condicionado,Samsung,2,636.77,Climatização,2024-03-31,Mariane da Costa,Gomes
4558,Secadora,Panasonic,3,1545.67,Linha Branca,2024-01-05,João Silveira,Pires
4559,Liquidificador,Brastemp,5,5717.87,Eletroportáteis,2025-01-31,Dr. Antônio Moraes,Jesus do Oeste
4560,Cafeteira,Midea,4,1194.07,Eletroportáteis,2023-12-31,Sra. Valentina Farias,Almeida
4561,Televisão,Britânia,5,1326.47,Eletrônicos,2023-08-22,Srta. Esther Nogueira,Pereira
4562,Micro-ondas,Brastemp,2,993.82,Eletroportáteis,2025-03-20,Dra. Agatha Cavalcanti,das Neves de Minas
4563,Fogão,Brastemp,1,2825.36,Linha Branca,2023-10-13,Otávio Moura,Pinto
4564,Liquidificador,LG,3,5164.55,Eletroportáteis,2025-04-23,Ana Vitória Melo,Cunha
4565,Cafeteira,Britânia,2,3998.97,Eletroportáteis,2025-02-26,Caroline da Mata,Ramos
4566,Secadora,Brastemp,5,5450.88,Linha Branca,2024-03-26,Luiz Fernando Campos,Ferreira de Rodrigues
4567,Fogão,Electrolux,5,4840.41,Linha Branca,2025-02-23,Maria Fernanda Rocha,Silveira da Mata
4568,Máquina de Lavar,Mondial,2,2113.9,Linha Branca,2024-10-05,Stephany Barbosa,Teixeira
4569,Fogão,Panasonic,3,2989.5,Linha Branca,2024-01-27,Noah Viana,Pinto
4570,Geladeira,Panasonic,4,5601.38,Linha Branca,2024-10-28,Caio Nogueira,Cardoso
4571,Cafeteira,Philco,3,4339.29,Eletroportáteis,2024-10-17,Lavínia Caldeira,Dias
4572,Micro-ondas,Philco,4,1102.68,Eletroportáteis,2024-05-17,Maria Vitória Viana,Moreira do Sul
4573,Aspirador de Pó,Britânia,3,5969.62,Eletroportáteis,2024-03-28,Luana Costa,Porto de Novaes
4574,Liquidificador,Panasonic,3,5624.58,Eletroportáteis,2025-03-13,Benício Farias,Alves
4575,Televisão,Midea,3,3528.12,Eletrônicos,2024-06-19,Olivia Fernandes,Gonçalves da Mata
4576,Aspirador de Pó,Mondial,5,1558.13,Eletroportáteis,2025-06-19,Juliana Rocha,Novaes
4577,Fogão,Midea,3,1743.4,Linha Branca,2025-04-05,Dra. Eloah Rocha,Fernandes
4578,Liquidificador,Electrolux,3,3530.17,Eletroportáteis,2025-01-24,Maria Fernanda da Rocha,da Paz
4579,Secadora,Britânia,2,5680.31,Linha Branca,2024-03-25,Luiz Henrique Silveira,Ferreira
4580,Liquidificador,Samsung,3,3761.36,Eletroportáteis,2025-03-09,Sra. Maria Julia Melo,da Mata
4581,Micro-ondas,Philco,5,3759.7,Eletroportáteis,2024-12-12,Dr. Heitor Nogueira,Lima da Prata
4582,Micro-ondas,Midea,2,3308.61,Eletroportáteis,2024-10-21,Vitor Nascimento,Vieira
4583,Televisão,Philco,1,3750.92,Eletrônicos,2025-04-03,Sra. Sophia Fogaça,Sales de Silva
4584,Cafeteira,LG,4,5075.23,Eletroportáteis,2023-10-04,Ana Julia Caldeira,Alves dos Dourados
4585,Cafeteira,LG,1,4873.58,Eletroportáteis,2024-05-28,Nina da Rosa,Cardoso
4586,Máquina de Lavar,LG,2,1251.78,Linha Branca,2023-09-22,Emanuelly Pires,da Rosa da Mata
4587,Secadora,LG,5,1596.36,Linha Branca,2023-10-16,Pedro Farias,Duarte do Galho
4588,Fogão,Philco,4,1230.38,Linha Branca,2023-10-29,Thiago Araújo,Farias de Nascimento
4589,Máquina de Lavar,Britânia,5,1306.1,Linha Branca,2024-02-29,Rebeca Pereira,da Paz
4590,Ar-Condicionado,Philco,4,3547.51,Climatização,2024-04-02,Dra. Cecília Moura,Almeida
4591,Micro-ondas,Samsung,1,5906.92,Eletroportáteis,2023-07-23,Evelyn Aragão,Teixeira das Pedras
4592,Liquidificador,LG,3,1179.96,Eletroportáteis,2024-04-15,Pedro Lucas Gonçalves,da Cunha
4593,Secadora,Consul,4,2826.25,Linha Branca,2023-09-15,Mariana da Cruz,Nunes
4594,Fogão,Samsung,3,3026.68,Linha Branca,2024-05-19,Leonardo Fernandes,Vieira do Norte
4595,Liquidificador,Samsung,1,3595.57,Eletroportáteis,2024-09-10,Sr. Vinicius Lima,Ferreira do Sul
4596,Micro-ondas,Philco,5,1974.9,Eletroportáteis,2024-07-04,Sr. Igor Cunha,Farias
4597,Cafeteira,Philco,5,5812.1,Eletroportáteis,2023-07-16,Vitor Gabriel Caldeira,Rodrigues
4598,Máquina de Lavar,Midea,3,2501.44,Linha Branca,2023-09-05,Nicole Ferreira,Barbosa
4599,Geladeira,Midea,2,1007.41,Linha Branca,2024-04-15,Lucas Gabriel Farias,das Neves
4600,Ar-Condicionado,Panasonic,4,475.63,Climatização,2024-09-11,Maria Alice Correia,Gonçalves
4601,Liquidificador,Britânia,1,4334.23,Eletroportáteis,2024-12-08,Dr. Bryan Gonçalves,Cunha
4602,Aspirador de Pó,Consul,4,3724.86,Eletroportáteis,2025-04-13,Pietra Sales,Gomes da Prata
4603,Fogão,Philco,1,4903.86,Linha Branca,2025-06-02,Enzo Cardoso,Novaes de Silva
4604,Máquina de Lavar,Mondial,5,1926.41,Linha Branca,2023-11-24,Antônio Vieira,Souza Paulista
4605,Micro-ondas,Samsung,3,5592.97,Eletroportáteis,2025-02-04,Augusto Freitas,da Paz Alegre
4606,Liquidificador,LG,5,4844.01,Eletroportáteis,2025-01-09,Sra. Ana Júlia Cardoso,Lopes do Norte
4607,Máquina de Lavar,Electrolux,5,3760.12,Linha Branca,2023-07-30,Helena Alves,da Cruz de Rocha
4608,Ar-Condicionado,Midea,1,2626.49,Climatização,2024-08-11,Gustavo Henrique Farias,da Costa do Campo
4609,Ar-Condicionado,Philco,3,261.34,Climatização,2024-10-05,Kevin Aragão,Alves
4610,Secadora,Panasonic,3,5005.54,Linha Branca,2023-10-14,Alícia Fernandes,Ribeiro
4611,Máquina de Lavar,Mondial,4,4348.58,Linha Branca,2024-03-01,Natália Cunha,da Rosa do Norte
4612,Aspirador de Pó,Philco,1,579.68,Eletroportáteis,2024-09-20,Theo Ferreira,Porto
4613,Liquidificador,Panasonic,2,5404.06,Eletroportáteis,2024-06-16,João Vitor Cardoso,Fernandes do Galho
4614,Máquina de Lavar,Mondial,2,5069.16,Linha Branca,2024-02-01,Igor Pires,Ferreira
4615,Ar-Condicionado,Electrolux,5,4051.45,Climatização,2025-04-25,Maria Cecília da Rocha,Freitas do Norte
4616,Aspirador de Pó,LG,5,3259.92,Eletroportáteis,2025-02-12,Sr. Vitor Gabriel da Conceição,Martins
4617,Micro-ondas,Electrolux,4,961.39,Eletroportáteis,2023-11-02,Daniel Alves,Cunha Grande
4618,Ar-Condicionado,Britânia,5,408.77,Climatização,2025-01-03,Alícia Dias,da Rosa
4619,Televisão,Consul,2,765.53,Eletrônicos,2024-07-23,Thomas Lima,Gonçalves
4620,Fogão,Consul,1,3583.64,Linha Branca,2023-10-01,Lívia Mendes,da Luz do Sul
4621,Liquidificador,Britânia,1,1519.03,Eletroportáteis,2023-08-09,Ryan Porto,da Mata
4622,Televisão,Brastemp,3,4334.71,Eletrônicos,2023-07-15,Sabrina da Paz,Gonçalves
4623,Cafeteira,Electrolux,2,2093.68,Eletroportáteis,2024-09-06,Maria Sophia Azevedo,Azevedo
4624,Geladeira,Electrolux,2,2820.64,Linha Branca,2023-08-18,Raul Gomes,Teixeira das Pedras
4625,Geladeira,Consul,5,1939.85,Linha Branca,2025-05-07,Agatha Costela,Azevedo Alegre
4626,Geladeira,Philco,2,5998.57,Linha Branca,2025-01-12,Natália Ferreira,Barros
4627,Fogão,Panasonic,5,616.14,Linha Branca,2025-05-21,Pedro Lucas Ferreira,Campos
4628,Máquina de Lavar,LG,4,1683.54,Linha Branca,2023-11-07,Cecília Oliveira,Cardoso da Prata
4629,Televisão,Electrolux,4,1464.14,Eletrônicos,2024-05-12,Ana Carolina Cardoso,da Paz Verde
4630,Televisão,Britânia,4,2155.87,Eletrônicos,2025-01-24,Maria Eduarda Rodrigues,Ramos
4631,Máquina de Lavar,Electrolux,3,2691.05,Linha Branca,2024-04-13,Dr. Renan Costa,Sales
4632,Geladeira,Panasonic,2,1664.68,Linha Branca,2023-10-08,Sophie Moreira,Costela da Praia
4633,Cafeteira,Midea,1,3874.28,Eletroportáteis,2023-10-07,Danilo Ribeiro,Moraes Grande
4634,Cafeteira,Mondial,1,342.57,Eletroportáteis,2023-09-02,Raquel Barbosa,Rocha das Flores
4635,Geladeira,Brastemp,3,259.23,Linha Branca,2023-09-14,Samuel Rezende,Caldeira
4636,Geladeira,Consul,3,3736.23,Linha Branca,2024-04-01,Rebeca da Rosa,Costela de Minas
4637,Aspirador de Pó,Midea,1,3317.5,Eletroportáteis,2025-01-10,Thiago Novaes,Farias
4638,Liquidificador,LG,1,547.61,Eletroportáteis,2025-01-06,Isis Costa,Ferreira das Pedras
4639,Aspirador de Pó,LG,5,4418.44,Eletroportáteis,2024-11-25,Srta. Valentina Martins,Santos
4640,Aspirador de Pó,Panasonic,1,3987.75,Eletroportáteis,2024-04-21,Laís Silva,Alves
4641,Ar-Condicionado,Mondial,3,5885.17,Climatização,2024-11-13,Sr. Henrique Nogueira,Nascimento
4642,Secadora,Britânia,2,5153.58,Linha Branca,2024-03-26,Yasmin Barbosa,Aragão
4643,Fogão,Philco,4,2177.89,Linha Branca,2024-01-28,Eduarda Carvalho,Santos
4644,Secadora,Britânia,1,3007.41,Linha Branca,2024-03-11,Pedro Lucas da Costa,Costela do Campo
4645,Micro-ondas,Consul,5,2092.64,Eletroportáteis,2024-12-26,Thales Ferreira,Almeida
4646,Televisão,Brastemp,3,2541.4,Eletrônicos,2024-11-20,Sarah Araújo,Sales de Fogaça
4647,Cafeteira,Mondial,3,4319.91,Eletroportáteis,2024-10-05,Esther Aragão,Almeida
4648,Aspirador de Pó,Brastemp,3,2406.99,Eletroportáteis,2023-11-14,Ana Júlia Correia,Rodrigues
4649,Máquina de Lavar,Brastemp,1,5204.72,Linha Branca,2023-12-01,Giovanna Fernandes,Santos
4650,Fogão,Midea,2,4202.55,Linha Branca,2025-06-03,João Lucas Moura,Pires de Ramos
4651,Micro-ondas,Britânia,5,4199.19,Eletroportáteis,2023-07-11,Paulo Costela,Farias das Pedras
4652,Máquina de Lavar,LG,3,4172.86,Linha Branca,2024-06-21,Enzo Rodrigues,da Cruz do Norte
4653,Ar-Condicionado,Britânia,1,2008.28,Climatização,2025-04-21,Isabel Nunes,Costa de Goiás
4654,Liquidificador,Midea,1,1395.91,Eletroportáteis,2024-05-05,Natália Pinto,Nascimento
4655,Cafeteira,Midea,2,5872.49,Eletroportáteis,2024-02-02,Natália Ferreira,Cardoso
4656,Secadora,Mondial,2,1123.77,Linha Branca,2025-05-11,Nicolas Cavalcanti,Cardoso
4657,Máquina de Lavar,Mondial,2,3600.64,Linha Branca,2023-11-21,Luiza da Rocha,Campos da Prata
4658,Secadora,LG,3,3129.93,Linha Branca,2024-09-13,Ana Sophia Campos,Nunes
4659,Liquidificador,LG,3,2176.32,Eletroportáteis,2024-07-05,Alana Peixoto,Nunes
4660,Ar-Condicionado,Mondial,2,3402.36,Climatização,2023-09-04,Elisa Nunes,Barros
4661,Aspirador de Pó,LG,3,4139.29,Eletroportáteis,2024-02-22,Pedro Miguel Lima,Almeida
4662,Secadora,Brastemp,5,983.35,Linha Branca,2024-09-09,Calebe Teixeira,das Neves da Prata
4663,Micro-ondas,Britânia,5,1685.19,Eletroportáteis,2025-06-21,Stella Porto,Dias Verde
4664,Secadora,Panasonic,4,2033.11,Linha Branca,2024-08-25,Sra. Maria Alice Nascimento,Castro
4665,Fogão,Samsung,3,4476.66,Linha Branca,2023-09-21,Dra. Ana Laura Lopes,Vieira de Nascimento
4666,Micro-ondas,Panasonic,5,3473.66,Eletroportáteis,2023-12-25,Lucas Gabriel Melo,Cavalcanti do Oeste
4667,Máquina de Lavar,Electrolux,2,2749.79,Linha Branca,2024-02-10,Srta. Vitória da Mata,da Rocha
4668,Aspirador de Pó,Britânia,2,4877.45,Eletroportáteis,2025-01-06,Ana Laura Santos,Moreira
4669,Liquidificador,Electrolux,5,1337.82,Eletroportáteis,2025-02-16,Francisco da Cruz,Gonçalves de Moura
4670,Aspirador de Pó,Philco,2,2466.8,Eletroportáteis,2023-09-13,Luna Pinto,Moreira do Norte
4671,Televisão,Philco,3,3860.06,Eletrônicos,2024-11-09,Ana Laura Cunha,Almeida do Amparo
4672,Liquidificador,Consul,3,5433.51,Eletroportáteis,2024-12-06,Mirella da Cunha,da Conceição Paulista
4673,Televisão,Mondial,3,5014.45,Eletrônicos,2025-07-04,Sr. Marcelo da Mota,da Paz
4674,Liquidificador,Mondial,1,4802.3,Eletroportáteis,2025-01-07,Marcos Vinicius Souza,Costela
4675,Geladeira,Mondial,3,5004.31,Linha Branca,2023-10-16,Enrico Moreira,da Paz
4676,Micro-ondas,Panasonic,3,5527.3,Eletroportáteis,2024-05-26,Caroline da Mota,Farias de Viana
4677,Secadora,Electrolux,3,3360.64,Linha Branca,2024-09-21,Sarah Silveira,Farias
4678,Aspirador de Pó,Philco,1,1845.93,Eletroportáteis,2025-04-17,Olivia Gonçalves,da Costa da Serra
4679,Liquidificador,Electrolux,2,3281.55,Eletroportáteis,2025-03-05,Agatha Souza,Nogueira das Flores
4680,Liquidificador,Mondial,1,2363.6,Eletroportáteis,2025-01-16,Srta. Ana Beatriz Campos,Porto dos Dourados
4681,Secadora,Mondial,1,3244.18,Linha Branca,2025-04-29,Nathan Pinto,Costela de Cardoso
4682,Geladeira,Britânia,2,2497.41,Linha Branca,2024-07-08,Davi Lucas Silveira,da Mata
4683,Cafeteira,LG,2,4023.86,Eletroportáteis,2024-06-26,Dra. Gabriela Ferreira,Lima
4684,Máquina de Lavar,Britânia,2,3638.92,Linha Branca,2024-06-07,Lucas Gabriel da Cunha,Souza de Lima
4685,Micro-ondas,Panasonic,3,4336.88,Eletroportáteis,2023-11-13,Lavínia Cunha,Vieira das Pedras
4686,Televisão,Consul,4,4078.36,Eletrônicos,2023-11-29,Nathan Martins,da Paz
4687,Secadora,Mondial,4,5120.22,Linha Branca,2024-12-17,Alícia Rocha,Correia do Oeste
4688,Máquina de Lavar,Consul,1,5726.49,Linha Branca,2025-06-01,Dr. Murilo Cunha,Cunha
4689,Micro-ondas,Electrolux,5,538.16,Eletroportáteis,2023-11-05,Kaique Cavalcanti,Silva
4690,Fogão,Electrolux,5,4618.89,Linha Branca,2023-09-09,Laura da Cruz,Lima de Carvalho
4691,Máquina de Lavar,Samsung,3,5288.56,Linha Branca,2023-11-07,Luana Moreira,Fernandes
4692,Fogão,Brastemp,1,5942.2,Linha Branca,2025-04-20,Sr. Guilherme Novaes,Barbosa do Galho
4693,Secadora,Brastemp,4,746.5,Linha Branca,2024-08-09,Natália Cardoso,Dias do Norte
4694,Liquidificador,Electrolux,1,3205.51,Eletroportáteis,2024-10-25,Enzo Gabriel da Luz,Moraes
4695,Liquidificador,Electrolux,1,4403.96,Eletroportáteis,2025-05-11,João Pedro Rezende,Monteiro do Amparo
4696,Liquidificador,Electrolux,5,5933.7,Eletroportáteis,2023-11-23,Renan da Rocha,Moura
4697,Aspirador de Pó,Samsung,5,5008.06,Eletroportáteis,2025-05-30,Brenda Cardoso,Viana
4698,Fogão,LG,4,5867.46,Linha Branca,2024-08-28,Samuel Melo,Costa
4699,Televisão,Samsung,2,5579.45,Eletrônicos,2024-09-11,Alexia Cardoso,Farias
4700,Fogão,Philco,2,2362.95,Linha Branca,2024-11-15,Carlos Eduardo Mendes,Lopes de da Mota
4701,Fogão,Brastemp,3,2903.72,Linha Branca,2024-11-08,Julia Oliveira,Nascimento de Rodrigues
4702,Fogão,LG,5,3176.73,Linha Branca,2025-03-20,Gabriela Ramos,Porto Grande
4703,Aspirador de Pó,Mondial,2,4412.21,Eletroportáteis,2024-03-21,Lucas Gabriel da Mota,Alves
4704,Secadora,Mondial,3,787.87,Linha Branca,2025-07-03,André Nascimento,Santos do Amparo
4705,Televisão,Midea,1,975.97,Eletrônicos,2024-09-19,Dr. Luiz Felipe Monteiro,da Mota
4706,Fogão,Britânia,2,3918.26,Linha Branca,2025-01-11,Luiz Felipe da Luz,Farias
4707,Liquidificador,LG,4,4459.12,Eletroportáteis,2024-01-09,Maria Luiza Cavalcanti,Moraes de Gomes
4708,Ar-Condicionado,LG,3,1484.77,Climatização,2024-07-25,Yuri Alves,Peixoto
4709,Ar-Condicionado,Mondial,3,1081.89,Climatização,2024-09-06,Srta. Maria Fernanda Lopes,Nogueira
4710,Cafeteira,Mondial,5,3587.5,Eletroportáteis,2025-06-25,Srta. Maria Fernanda Peixoto,da Rosa de Santos
4711,Liquidificador,Electrolux,3,1144.06,Eletroportáteis,2023-09-21,Sarah Fernandes,Silva Paulista
4712,Secadora,Mondial,3,381.29,Linha Branca,2025-01-18,Pedro Rocha,Almeida de Pereira
4713,Fogão,Brastemp,3,1245.53,Linha Branca,2024-10-31,Emanuella Rodrigues,Cavalcanti do Norte
4714,Televisão,LG,5,1975.45,Eletrônicos,2023-09-21,Caio Cavalcanti,Moreira
4715,Geladeira,Consul,1,5101.92,Linha Branca,2024-01-08,Igor Lopes,Nunes
4716,Aspirador de Pó,Electrolux,3,2446.23,Eletroportáteis,2024-02-29,Ana Sophia das Neves,Pinto
4717,Geladeira,Midea,5,4254.31,Linha Branca,2025-01-01,Brenda Melo,Barbosa
4718,Ar-Condicionado,Consul,1,3021.44,Climatização,2024-06-20,Kamilly Moraes,Fogaça de Freitas
4719,Geladeira,LG,3,5501.48,Linha Branca,2023-11-24,Alícia Fogaça,Lima do Oeste
4720,Aspirador de Pó,Samsung,5,4840.02,Eletroportáteis,2024-10-18,Isabelly Nunes,Lopes
4721,Geladeira,Britânia,2,4900.64,Linha Branca,2024-09-17,Sophia Silveira,Dias
4722,Secadora,Electrolux,2,5762.18,Linha Branca,2024-09-28,Pedro Henrique Duarte,Souza das Flores
4723,Liquidificador,Britânia,1,5497.69,Eletroportáteis,2025-04-17,Alícia Jesus,da Mata
4724,Ar-Condicionado,Consul,2,442.76,Climatização,2025-04-28,Paulo Monteiro,Rocha
4725,Ar-Condicionado,Samsung,1,3289.11,Climatização,2025-02-15,Enzo Barbosa,Castro
4726,Secadora,Brastemp,3,1153.84,Linha Branca,2023-12-11,Ana Clara Lopes,Peixoto
4727,Televisão,Samsung,4,3072.37,Eletrônicos,2024-01-08,Caio Araújo,Sales de Barbosa
4728,Liquidificador,Philco,2,2809.81,Eletroportáteis,2024-01-11,Alexandre Almeida,Fogaça
4729,Máquina de Lavar,Consul,4,615.41,Linha Branca,2024-10-25,Sr. Nicolas Cunha,Moraes
4730,Micro-ondas,Mondial,1,4930.17,Eletroportáteis,2023-09-20,Diego Silveira,da Mota
4731,Aspirador de Pó,Philco,5,3697.47,Eletroportáteis,2024-05-27,Elisa Mendes,Pinto
4732,Máquina de Lavar,Samsung,5,1124.92,Linha Branca,2025-04-28,Matheus Barbosa,Moura
4733,Liquidificador,Panasonic,5,3398.42,Eletroportáteis,2023-12-26,André Cardoso,Jesus de Freitas
4734,Liquidificador,Brastemp,1,3408.9,Eletroportáteis,2025-03-26,Luiz Miguel Silva,Jesus
4735,Liquidificador,Mondial,3,1815.78,Eletroportáteis,2024-09-20,Dra. Lorena Nunes,Nogueira das Flores
4736,Máquina de Lavar,Electrolux,5,1823.14,Linha Branca,2023-07-18,Maria Luiza Cardoso,Martins da Mata
4737,Máquina de Lavar,Samsung,4,664.82,Linha Branca,2024-06-04,Calebe Barbosa,Freitas
4738,Aspirador de Pó,Brastemp,5,2400.24,Eletroportáteis,2024-04-18,Calebe Teixeira,Dias de Lima
4739,Geladeira,Consul,3,5909.03,Linha Branca,2025-05-08,Beatriz das Neves,Cunha
4740,Fogão,Philco,2,5935.61,Linha Branca,2023-09-20,Esther Rocha,Oliveira
4741,Micro-ondas,Midea,5,2655.85,Eletroportáteis,2023-08-23,Joana Cunha,da Mata da Prata
4742,Fogão,Electrolux,5,4315.98,Linha Branca,2025-03-13,Kaique Aragão,Cardoso
4743,Fogão,Brastemp,4,5578.91,Linha Branca,2024-05-29,João Lucas Silveira,Cardoso das Flores
4744,Liquidificador,Samsung,4,4945.1,Eletroportáteis,2024-04-28,Rafaela Mendes,Dias do Galho
4745,Secadora,Electrolux,4,257.84,Linha Branca,2023-07-22,Cauã Rodrigues,Farias
4746,Liquidificador,Midea,1,3492.39,Eletroportáteis,2024-10-29,Milena Sales,da Mota Verde
4747,Liquidificador,Panasonic,5,4678.85,Eletroportáteis,2024-01-04,Dra. Daniela Pires,Ferreira
4748,Ar-Condicionado,Mondial,2,4840.43,Climatização,2023-12-31,Benjamin Martins,Rocha
4749,Máquina de Lavar,Mondial,4,726.67,Linha Branca,2024-02-17,Srta. Fernanda Silva,Santos da Mata
4750,Máquina de Lavar,Consul,3,4377.8,Linha Branca,2025-01-28,João Gabriel Ferreira,da Costa Grande
4751,Ar-Condicionado,LG,3,1549.04,Climatização,2024-07-20,Alexia Novaes,Cavalcanti de Novaes
4752,Geladeira,Midea,1,3951.41,Linha Branca,2024-04-14,João Miguel Nogueira,Ribeiro
4753,Geladeira,Britânia,1,2003.17,Linha Branca,2024-05-01,Ana Carolina Alves,Teixeira
4754,Televisão,Midea,4,4243.94,Eletrônicos,2024-12-04,Luiz Henrique Lopes,Freitas da Mata
4755,Liquidificador,Mondial,1,3518.3,Eletroportáteis,2024-12-29,Cauã da Rosa,Sales de Minas
4756,Micro-ondas,Consul,3,5983.56,Eletroportáteis,2023-09-24,Gustavo Henrique Aragão,Costa da Serra
4757,Televisão,Samsung,5,3725.07,Eletrônicos,2025-02-26,Dra. Lívia Alves,Caldeira de da Paz
4758,Cafeteira,Samsung,5,1228.59,Eletroportáteis,2024-07-04,Ana Julia Araújo,da Mota
4759,Aspirador de Pó,Britânia,1,4344.94,Eletroportáteis,2024-11-16,Pedro Henrique da Rocha,Nogueira da Prata
4760,Aspirador de Pó,Consul,2,271.57,Eletroportáteis,2024-04-17,Thiago Azevedo,da Rocha
4761,Geladeira,Electrolux,4,967.19,Linha Branca,2025-03-05,Sr. Lucas Gabriel Santos,Freitas
4762,Geladeira,Consul,4,3447.72,Linha Branca,2025-04-25,Lívia Caldeira,Lopes do Amparo
4763,Televisão,Britânia,4,3115.09,Eletrônicos,2024-09-09,Alice da Cruz,Rocha de Goiás
4764,Máquina de Lavar,Consul,2,4010.01,Linha Branca,2024-08-17,Lucas Gabriel Campos,Rocha do Galho
4765,Máquina de Lavar,Consul,3,510.03,Linha Branca,2025-04-30,Isabel Aragão,Farias de Cardoso
4766,Cafeteira,Electrolux,5,5638.88,Eletroportáteis,2025-01-14,Pietro Moura,Silveira Paulista
4767,Secadora,Mondial,4,4240.34,Linha Branca,2025-05-31,Lorenzo Cavalcanti,Santos
4768,Cafeteira,Consul,5,1661.68,Eletroportáteis,2025-01-15,Antônio da Rocha,Nogueira Paulista
4769,Aspirador de Pó,Midea,1,5717.79,Eletroportáteis,2024-04-18,Srta. Lara Lopes,da Paz de da Paz
4770,Máquina de Lavar,Britânia,1,4337.74,Linha Branca,2024-05-05,Thales Gonçalves,Moraes da Mata
4771,Aspirador de Pó,Midea,1,2300.6,Eletroportáteis,2024-12-19,Sr. João Guilherme Alves,Farias
4772,Aspirador de Pó,Brastemp,1,399.19,Eletroportáteis,2023-11-26,Sr. Enrico das Neves,Ramos
4773,Liquidificador,Consul,1,2378.96,Eletroportáteis,2024-08-08,Isabelly da Rosa,Santos
4774,Fogão,Panasonic,4,1862.85,Linha Branca,2025-03-08,Enzo Peixoto,Costa da Mata
4775,Máquina de Lavar,LG,3,422.44,Linha Branca,2024-06-04,Isabelly Caldeira,Costa Grande
4776,Micro-ondas,Britânia,5,1224.5,Eletroportáteis,2024-06-30,Camila da Rocha,Rodrigues
4777,Televisão,Britânia,3,907.71,Eletrônicos,2024-04-04,Emanuel Azevedo,Melo Verde
4778,Ar-Condicionado,Philco,3,3489.99,Climatização,2023-12-07,Dr. Juan Lopes,Silva de Goiás
4779,Geladeira,LG,5,5047.92,Linha Branca,2024-03-20,Caio da Costa,Freitas
4780,Secadora,Midea,5,2253.68,Linha Branca,2025-01-02,Sra. Sophia Cardoso,Cardoso Paulista
4781,Fogão,Philco,4,5458.29,Linha Branca,2025-05-30,Mariane Cardoso,Pinto
4782,Ar-Condicionado,Britânia,5,1240.86,Climatização,2024-10-03,Carlos Eduardo Dias,Monteiro de Moura
4783,Fogão,Philco,4,2537.46,Linha Branca,2024-02-24,Esther Campos,da Conceição Verde
4784,Geladeira,Britânia,5,5535.44,Linha Branca,2025-05-15,Raquel Silveira,Castro
4785,Aspirador de Pó,Brastemp,5,4487.68,Eletroportáteis,2023-09-03,Maria Luiza Melo,Oliveira Alegre
4786,Máquina de Lavar,Consul,1,5404.99,Linha Branca,2023-10-14,Lorena Caldeira,Gonçalves Verde
4787,Cafeteira,Electrolux,1,1213.16,Eletroportáteis,2024-02-27,Samuel da Paz,Barbosa
4788,Televisão,Brastemp,3,5220.74,Eletrônicos,2023-09-07,Erick Porto,Teixeira
4789,Secadora,Mondial,1,1747.27,Linha Branca,2024-08-20,Ana Beatriz Mendes,Cardoso de Lopes
4790,Máquina de Lavar,LG,1,2836.5,Linha Branca,2025-04-09,Mirella Dias,Moura
4791,Secadora,Britânia,1,5710.05,Linha Branca,2024-08-24,Sr. Davi Lucas Duarte,da Cruz
4792,Geladeira,Electrolux,2,664.54,Linha Branca,2023-09-24,Sr. Rafael Vieira,Peixoto
4793,Televisão,Philco,2,2191.71,Eletrônicos,2024-12-17,Ana Vitória Nascimento,Monteiro
4794,Secadora,Midea,2,3911.43,Linha Branca,2024-07-12,Guilherme Aragão,Barros
4795,Fogão,Samsung,3,1248.84,Linha Branca,2023-11-07,Eduarda da Rosa,Oliveira
4796,Cafeteira,LG,3,2742.92,Eletroportáteis,2024-01-12,Srta. Rebeca Souza,Cunha
4797,Micro-ondas,Britânia,3,3717.52,Eletroportáteis,2023-11-26,Sabrina da Cruz,Barbosa da Mata
4798,Ar-Condicionado,Midea,3,2262.1,Climatização,2024-11-15,Luiza Pires,Caldeira
4799,Aspirador de Pó,Britânia,4,4839.71,Eletroportáteis,2024-12-26,Sr. Luiz Felipe Sales,Pereira de Moraes
4800,Ar-Condicionado,Britânia,5,3715.3,Climatização,2025-07-03,Dra. Caroline Castro,Correia
4801,Micro-ondas,Brastemp,5,1378.13,Eletroportáteis,2025-03-13,Thiago Duarte,Freitas do Norte
4802,Televisão,Brastemp,5,1321.17,Eletrônicos,2023-07-16,Olivia Oliveira,Fernandes das Flores
4803,Secadora,Brastemp,1,5846.92,Linha Branca,2023-09-03,Theo Araújo,Jesus
4804,Geladeira,Samsung,2,4130.89,Linha Branca,2025-02-01,Murilo Dias,Aragão
4805,Televisão,Mondial,2,1238.49,Eletrônicos,2025-05-14,João Vitor da Mata,Porto da Prata
4806,Fogão,Midea,1,4817.55,Linha Branca,2024-09-10,Kevin da Luz,Fernandes dos Dourados
4807,Cafeteira,Consul,4,1518.69,Eletroportáteis,2025-05-01,Sabrina da Luz,Lopes da Mata
4808,Micro-ondas,Mondial,5,4599.32,Eletroportáteis,2024-08-18,Luiz Fernando Nunes,Lima
4809,Geladeira,Britânia,3,5428.05,Linha Branca,2025-04-17,Yasmin da Mota,Moreira da Mata
4810,Geladeira,Philco,1,570.94,Linha Branca,2024-03-30,Gustavo Henrique Costa,da Rocha da Praia
4811,Aspirador de Pó,Brastemp,5,3761.0,Eletroportáteis,2024-03-26,Maria Fernanda Pinto,da Mata
4812,Aspirador de Pó,Consul,1,1710.46,Eletroportáteis,2023-11-24,Benjamin Jesus,Ramos dos Dourados
4813,Aspirador de Pó,Consul,1,5534.86,Eletroportáteis,2025-04-01,Benício Costela,Monteiro de Dias
4814,Secadora,Consul,1,2683.96,Linha Branca,2024-08-12,Dr. Theo Rodrigues,Vieira
4815,Secadora,Samsung,2,5865.0,Linha Branca,2024-12-09,Bianca Araújo,Farias de Goiás
4816,Geladeira,Britânia,3,343.31,Linha Branca,2023-11-20,Juliana Ramos,Araújo
4817,Micro-ondas,Philco,2,4005.34,Eletroportáteis,2025-01-29,Clara Silveira,Porto de Freitas
4818,Televisão,Mondial,5,5237.35,Eletrônicos,2024-03-08,Maitê Rodrigues,Fernandes
4819,Ar-Condicionado,Brastemp,2,2270.95,Climatização,2024-03-09,Maria Clara Vieira,Carvalho Alegre
4820,Fogão,Midea,5,5246.67,Linha Branca,2023-12-04,Nina da Rocha,Viana do Galho
4821,Micro-ondas,LG,3,3758.88,Eletroportáteis,2024-01-14,Maria Julia Costa,Sales de Goiás
4822,Geladeira,Philco,4,5224.34,Linha Branca,2025-06-21,Luiz Otávio Azevedo,Freitas das Pedras
4823,Geladeira,Brastemp,3,4582.99,Linha Branca,2025-02-08,Sr. Renan Gonçalves,Rezende
4824,Aspirador de Pó,Mondial,3,3757.25,Eletroportáteis,2024-02-21,Carolina da Paz,das Neves da Serra
4825,Televisão,Philco,2,4281.36,Eletrônicos,2024-08-07,Eloah Lima,Ribeiro Paulista
4826,Cafeteira,Midea,3,3832.43,Eletroportáteis,2025-06-16,Esther Gomes,Freitas da Prata
4827,Geladeira,Samsung,4,3639.03,Linha Branca,2025-01-13,Clara Castro,Moraes
4828,Cafeteira,Mondial,2,1664.5,Eletroportáteis,2024-02-02,Davi Lucas Correia,Castro das Flores
4829,Aspirador de Pó,Brastemp,4,3934.77,Eletroportáteis,2024-07-25,Lavínia Fernandes,Peixoto do Galho
4830,Aspirador de Pó,LG,4,2216.39,Eletroportáteis,2023-08-16,Nathan Fernandes,Nascimento de Azevedo
4831,Máquina de Lavar,LG,4,5926.11,Linha Branca,2024-07-31,Srta. Joana Azevedo,Caldeira do Campo
4832,Liquidificador,Britânia,2,2035.9,Eletroportáteis,2024-04-13,João Miguel Ramos,da Conceição Paulista
4833,Secadora,Mondial,2,4782.87,Linha Branca,2025-03-16,Manuela da Cunha,Gonçalves do Amparo
4834,Micro-ondas,Britânia,5,3776.5,Eletroportáteis,2024-12-07,Sr. Ryan Cardoso,Almeida Alegre
4835,Liquidificador,Samsung,3,4567.6,Eletroportáteis,2025-04-15,Lavínia Rezende,da Mota
4836,Micro-ondas,Mondial,2,5967.38,Eletroportáteis,2025-07-01,Diego Ribeiro,Rocha de Ramos
4837,Micro-ondas,Electrolux,5,4939.26,Eletroportáteis,2024-01-29,Sr. Eduardo Farias,Silva
4838,Aspirador de Pó,Britânia,4,1738.87,Eletroportáteis,2024-06-10,Sra. Marina Aragão,Jesus
4839,Televisão,Samsung,5,4032.85,Eletrônicos,2024-09-12,Marcelo Porto,Lopes do Oeste
4840,Fogão,Brastemp,1,5123.24,Linha Branca,2024-05-01,Dr. Thomas Barros,da Conceição
4841,Micro-ondas,Britânia,5,5981.31,Eletroportáteis,2024-01-21,Dr. Otávio Almeida,Duarte de Moraes
4842,Fogão,Philco,5,3255.73,Linha Branca,2024-04-27,Dr. João Miguel Mendes,Cardoso do Campo
4843,Liquidificador,Samsung,4,4383.62,Eletroportáteis,2025-03-06,Davi Luiz Novaes,Campos
4844,Micro-ondas,Britânia,3,351.11,Eletroportáteis,2025-06-29,Sr. Lucca Rodrigues,Azevedo
4845,Cafeteira,Electrolux,1,3015.83,Eletroportáteis,2024-05-24,Caio Ramos,Silva
4846,Micro-ondas,LG,3,5934.49,Eletroportáteis,2023-07-30,Dr. Luiz Fernando Barros,Moraes Paulista
4847,Liquidificador,Britânia,4,512.67,Eletroportáteis,2024-11-06,Dr. Miguel da Cunha,Castro da Prata
4848,Televisão,LG,2,4043.91,Eletrônicos,2025-03-17,Nina Barros,Farias
4849,Fogão,LG,5,3815.38,Linha Branca,2023-12-28,Dra. Maitê Rocha,Vieira
4850,Geladeira,Midea,5,2524.38,Linha Branca,2024-06-15,Sr. Alexandre Cardoso,Cardoso de Rezende
4851,Fogão,Mondial,5,2657.49,Linha Branca,2025-05-09,Gustavo da Paz,Carvalho
4852,Geladeira,Britânia,1,5353.6,Linha Branca,2023-09-11,Danilo Monteiro,Silva
4853,Cafeteira,Panasonic,3,2170.41,Eletroportáteis,2025-01-20,Esther da Cunha,Cardoso Grande
4854,Máquina de Lavar,Philco,5,2727.59,Linha Branca,2024-02-17,João Felipe Oliveira,Campos do Campo
4855,Liquidificador,Consul,2,4093.0,Eletroportáteis,2025-02-07,Dr. Marcos Vinicius Silva,Sales
4856,Televisão,Mondial,1,5989.73,Eletrônicos,2024-03-04,Luana Nogueira,Cardoso das Pedras
4857,Cafeteira,Mondial,3,5535.76,Eletroportáteis,2024-01-05,Esther Cardoso,Caldeira
4858,Secadora,Electrolux,5,5692.39,Linha Branca,2023-10-20,Vitor Hugo Melo,Lopes
4859,Secadora,LG,1,4926.76,Linha Branca,2023-12-18,Davi Gomes,Ramos de Goiás
4860,Máquina de Lavar,Midea,4,5716.84,Linha Branca,2023-10-20,João Miguel Castro,Rocha
4861,Liquidificador,LG,2,3662.17,Eletroportáteis,2024-11-11,Sr. Cauê Rodrigues,Martins
4862,Máquina de Lavar,Midea,2,442.26,Linha Branca,2023-12-06,Yago Carvalho,Barros
4863,Aspirador de Pó,Midea,2,2261.25,Eletroportáteis,2025-01-29,Erick Gonçalves,Monteiro
4864,Máquina de Lavar,Brastemp,5,2344.09,Linha Branca,2023-12-14,Vitor Campos,Gomes de Duarte
4865,Fogão,LG,2,2674.15,Linha Branca,2023-12-11,Marina Duarte,Rodrigues
4866,Liquidificador,LG,5,5004.73,Eletroportáteis,2023-11-01,Heitor Silva,Moura
4867,Fogão,Philco,5,4363.12,Linha Branca,2025-01-12,Pedro Lucas Rezende,Monteiro do Amparo
4868,Micro-ondas,Samsung,2,5937.18,Eletroportáteis,2025-01-23,Amanda Nunes,Pereira do Sul
4869,Secadora,Electrolux,5,5642.41,Linha Branca,2025-07-05,Augusto Pereira,Pinto Grande
4870,Geladeira,Mondial,5,4965.57,Linha Branca,2024-04-15,Dra. Olivia Araújo,Ribeiro
4871,Micro-ondas,Philco,1,4341.28,Eletroportáteis,2024-09-27,Dra. Helena Barros,Peixoto
4872,Cafeteira,LG,4,1493.76,Eletroportáteis,2025-04-30,Lucas Moraes,Sales
4873,Geladeira,Consul,3,3288.53,Linha Branca,2024-08-11,Davi Lucca Rocha,Vieira
4874,Geladeira,Mondial,3,1156.53,Linha Branca,2025-02-28,Ana Luiza Cunha,da Rocha do Oeste
4875,Máquina de Lavar,Midea,5,2655.81,Linha Branca,2024-04-11,Sr. Davi Lucca Gonçalves,Cardoso
4876,Aspirador de Pó,Brastemp,4,2636.3,Eletroportáteis,2024-07-28,Ana Azevedo,Novaes do Amparo
4877,Secadora,Panasonic,5,4829.31,Linha Branca,2024-10-19,Ana Júlia Vieira,Nogueira da Prata
4878,Geladeira,Electrolux,5,3814.03,Linha Branca,2023-07-15,Dr. Lucca Fogaça,Barros
4879,Ar-Condicionado,Panasonic,5,3513.27,Climatização,2024-02-22,Nathan Barbosa,Santos do Norte
4880,Ar-Condicionado,Midea,3,841.13,Climatização,2023-08-26,Yuri da Mota,Souza
4881,Aspirador de Pó,Samsung,4,5719.64,Eletroportáteis,2023-12-22,Bianca Farias,Gonçalves de Teixeira
4882,Aspirador de Pó,Electrolux,3,5871.82,Eletroportáteis,2024-04-25,Nina Gomes,Sales de Viana
4883,Máquina de Lavar,Mondial,2,4137.41,Linha Branca,2025-04-06,Heloísa Sales,da Costa da Praia
4884,Ar-Condicionado,Consul,3,3457.61,Climatização,2025-01-24,Dra. Larissa da Conceição,Cunha das Flores
4885,Liquidificador,Brastemp,4,1491.36,Eletroportáteis,2024-04-23,Carlos Eduardo Melo,Barbosa do Galho
4886,Ar-Condicionado,Philco,4,1240.68,Climatização,2024-09-14,Luiz Gustavo Moura,Oliveira
4887,Aspirador de Pó,Panasonic,2,5941.82,Eletroportáteis,2023-07-18,Sra. Amanda da Rocha,Barros do Galho
4888,Micro-ondas,Philco,1,2551.5,Eletroportáteis,2024-10-14,Yago Cardoso,da Conceição
4889,Máquina de Lavar,Midea,2,679.08,Linha Branca,2023-08-16,Nicolas Viana,Jesus
4890,Micro-ondas,Electrolux,2,4120.96,Eletroportáteis,2025-07-10,Sra. Camila Ribeiro,Souza de da Conceição
4891,Aspirador de Pó,LG,3,784.68,Eletroportáteis,2025-06-13,Kamilly Moraes,Pires de Fernandes
4892,Ar-Condicionado,Consul,3,2407.83,Climatização,2024-08-12,Sra. Júlia Cardoso,Barros
4893,Máquina de Lavar,Brastemp,3,1171.81,Linha Branca,2025-05-27,Larissa Costela,das Neves do Galho
4894,Ar-Condicionado,LG,3,4566.25,Climatização,2025-04-03,Ana Sales,Fernandes do Amparo
4895,Televisão,Midea,3,2303.21,Eletrônicos,2024-04-04,Dr. Davi Almeida,Duarte de Correia
4896,Fogão,Consul,4,3610.27,Linha Branca,2023-08-27,Kaique da Costa,Rocha de Alves
4897,Fogão,Mondial,2,2593.82,Linha Branca,2024-04-04,Igor Viana,Cardoso
4898,Geladeira,Electrolux,2,2647.11,Linha Branca,2023-12-17,Enzo da Rosa,Nunes das Pedras
4899,Ar-Condicionado,Panasonic,5,3312.7,Climatização,2025-01-03,Laís Porto,Rodrigues da Prata
4900,Fogão,Electrolux,4,4076.34,Linha Branca,2025-02-06,Dra. Camila Barros,Lopes
4901,Aspirador de Pó,Philco,1,995.92,Eletroportáteis,2024-11-28,Srta. Ana Sophia da Mota,Ribeiro da Prata
4902,Fogão,Brastemp,4,866.15,Linha Branca,2024-03-16,Sr. Rafael Cardoso,Farias da Mata
4903,Aspirador de Pó,Philco,2,1927.78,Eletroportáteis,2023-10-10,Lucas Gabriel Ribeiro,Costela do Amparo
4904,Liquidificador,Consul,3,1709.17,Eletroportáteis,2025-01-26,Emilly Moreira,Fernandes
4905,Ar-Condicionado,Britânia,3,3790.25,Climatização,2024-01-23,Vitor Gabriel Fernandes,Santos de das Neves
4906,Cafeteira,Samsung,2,489.64,Eletroportáteis,2024-02-06,João Pedro da Mota,Araújo da Serra
4907,Aspirador de Pó,LG,4,3696.42,Eletroportáteis,2023-08-30,Sr. Lucas Gabriel Costela,da Mata
4908,Ar-Condicionado,Consul,5,2585.32,Climatização,2025-01-02,Sra. Maria Cecília Farias,Azevedo
4909,Fogão,Samsung,1,3402.15,Linha Branca,2024-02-02,Alexandre Cardoso,Costa das Flores
4910,Máquina de Lavar,Samsung,2,4838.62,Linha Branca,2025-03-16,Sr. Enzo Gabriel Moura,Lopes do Norte
4911,Ar-Condicionado,Consul,2,964.17,Climatização,2025-03-14,Maria Vitória Nogueira,Viana do Sul
4912,Fogão,Panasonic,3,2160.19,Linha Branca,2023-12-19,Matheus Santos,das Neves
4913,Ar-Condicionado,LG,1,3192.74,Climatização,2024-07-24,Calebe da Mota,Novaes
4914,Máquina de Lavar,Samsung,4,1364.19,Linha Branca,2025-01-04,Pedro Henrique Ferreira,Cunha do Sul
4915,Fogão,Panasonic,4,3447.64,Linha Branca,2024-09-10,Otávio Costela,Santos
4916,Fogão,Britânia,2,3975.26,Linha Branca,2024-02-03,Vitor Gabriel Carvalho,Monteiro
4917,Geladeira,Electrolux,5,2773.59,Linha Branca,2024-07-13,Sra. Maria Luiza Costela,Mendes
4918,Liquidificador,LG,2,3110.27,Eletroportáteis,2023-10-06,Gustavo Almeida,da Rocha de Goiás
4919,Secadora,Mondial,2,5179.02,Linha Branca,2025-04-30,Ana Luiza da Cunha,das Neves da Praia
4920,Fogão,Midea,4,4012.57,Linha Branca,2024-02-07,Ana Lívia Ferreira,Gonçalves da Praia
4921,Geladeira,Midea,2,331.18,Linha Branca,2024-11-23,Pietro Ramos,da Rocha
4922,Ar-Condicionado,LG,5,3705.76,Climatização,2024-04-29,Maria Eduarda Cavalcanti,Jesus
4923,Secadora,LG,3,5411.34,Linha Branca,2024-07-04,Isabella da Conceição,da Costa Grande
4924,Televisão,Mondial,1,2742.89,Eletrônicos,2024-05-06,Marcos Vinicius da Rocha,Moreira do Oeste
4925,Ar-Condicionado,Samsung,5,1531.83,Climatização,2024-08-31,Erick Barros,Ribeiro de Nunes
4926,Aspirador de Pó,Britânia,1,4742.99,Eletroportáteis,2024-01-21,Dr. Luiz Henrique Peixoto,Melo
4927,Ar-Condicionado,Samsung,2,4900.86,Climatização,2025-03-26,Joana Nascimento,da Mota de Fernandes
4928,Aspirador de Pó,Samsung,1,2949.63,Eletroportáteis,2024-11-17,Sr. Murilo Gonçalves,Ferreira
4929,Micro-ondas,Brastemp,5,3880.18,Eletroportáteis,2024-01-01,Srta. Rafaela da Costa,da Luz
4930,Micro-ondas,Midea,3,3368.88,Eletroportáteis,2024-04-29,Henrique da Cunha,Carvalho
4931,Ar-Condicionado,Panasonic,4,1637.26,Climatização,2023-10-16,Leonardo Lima,Peixoto
4932,Máquina de Lavar,Consul,2,3189.35,Linha Branca,2023-10-26,Isaac Gomes,da Cruz
4933,Cafeteira,Panasonic,4,2928.0,Eletroportáteis,2024-06-22,Caio Gonçalves,da Cruz Paulista
4934,Cafeteira,Midea,1,5897.86,Eletroportáteis,2025-02-07,Sra. Alícia Pires,Pinto da Serra
4935,Fogão,Samsung,5,1679.66,Linha Branca,2023-09-03,Dra. Catarina Dias,da Costa do Campo
4936,Micro-ondas,Philco,5,1575.16,Eletroportáteis,2023-08-06,Rebeca Alves,da Conceição
4937,Secadora,Samsung,1,1348.34,Linha Branca,2025-06-15,Sra. Clara Ferreira,Lopes do Amparo
4938,Máquina de Lavar,Britânia,3,3213.06,Linha Branca,2024-12-28,Danilo da Paz,Araújo
4939,Ar-Condicionado,Samsung,2,283.02,Climatização,2025-03-30,Vitor Hugo Rocha,da Costa
4940,Televisão,Mondial,3,2045.12,Eletrônicos,2024-02-18,Mariane Rezende,Melo do Campo
4941,Geladeira,Samsung,3,1957.58,Linha Branca,2025-03-23,Davi Luiz Carvalho,Ramos
4942,Ar-Condicionado,Midea,2,2295.65,Climatização,2024-02-07,João Gabriel Ribeiro,Fernandes
4943,Geladeira,Panasonic,5,3764.91,Linha Branca,2024-04-28,Laís Fogaça,Barbosa
4944,Liquidificador,Britânia,2,2352.58,Eletroportáteis,2025-06-20,Sr. João Pedro Aragão,Aragão de Pereira
4945,Cafeteira,Electrolux,2,561.06,Eletroportáteis,2025-07-04,Ana Vitória da Rocha,da Costa dos Dourados
4946,Secadora,Samsung,4,4320.4,Linha Branca,2023-12-07,Cauã Nascimento,Moraes de Dias
4947,Aspirador de Pó,Midea,2,2053.69,Eletroportáteis,2025-03-02,Isadora Ramos,Novaes de Mendes
4948,Secadora,Samsung,3,844.1,Linha Branca,2025-06-03,Isabelly Moraes,Moura
4949,Ar-Condicionado,Consul,1,5814.44,Climatização,2024-09-10,Larissa Santos,Rezende da Mata
4950,Micro-ondas,Electrolux,3,5755.74,Eletroportáteis,2024-12-13,João Vitor da Luz,da Costa do Amparo
4951,Televisão,Samsung,5,5347.87,Eletrônicos,2023-09-20,Sra. Sophie Pires,Farias
4952,Ar-Condicionado,LG,5,4877.29,Climatização,2023-08-23,Milena Fogaça,Nascimento do Oeste
4953,Televisão,Consul,2,5144.51,Eletrônicos,2024-12-03,Ana Júlia Rocha,Novaes do Oeste
4954,Secadora,LG,3,5140.07,Linha Branca,2024-02-09,Bianca Rocha,Rodrigues
4955,Aspirador de Pó,Consul,3,3817.15,Eletroportáteis,2024-12-31,Camila Gonçalves,Alves
4956,Liquidificador,Mondial,5,827.97,Eletroportáteis,2025-02-26,Kaique Correia,Pereira de Cardoso
4957,Liquidificador,Consul,5,4171.83,Eletroportáteis,2023-11-16,Yuri Campos,Farias
4958,Televisão,Britânia,2,3854.76,Eletrônicos,2024-05-11,Stephany das Neves,Pinto das Pedras
4959,Ar-Condicionado,Consul,3,4589.35,Climatização,2024-08-15,Camila da Cunha,Pires de Alves
4960,Fogão,Samsung,4,973.2,Linha Branca,2023-11-01,Isabel da Conceição,Barros
4961,Televisão,Midea,1,3183.94,Eletrônicos,2023-11-09,Pedro Jesus,Fernandes
4962,Cafeteira,Mondial,5,4365.49,Eletroportáteis,2024-03-16,Fernanda Melo,Castro
4963,Ar-Condicionado,Britânia,1,1811.54,Climatização,2025-01-30,Emanuella Vieira,Duarte
4964,Fogão,Philco,1,4777.3,Linha Branca,2024-09-05,Elisa Nogueira,Rezende
4965,Geladeira,Philco,3,5596.68,Linha Branca,2024-12-11,Maria Sophia Mendes,das Neves do Norte
4966,Fogão,Brastemp,1,1412.43,Linha Branca,2024-07-28,Daniela da Costa,Cunha de Gonçalves
4967,Máquina de Lavar,Panasonic,4,1215.31,Linha Branca,2023-10-16,Ana Lívia da Rocha,Freitas
4968,Fogão,LG,2,5083.66,Linha Branca,2024-07-15,Dr. Lucca Cunha,da Mota das Flores
4969,Secadora,Mondial,2,5683.17,Linha Branca,2025-06-18,Dr. Davi Luiz Nunes,Teixeira de Peixoto
4970,Fogão,Consul,4,3380.07,Linha Branca,2025-03-28,Rafaela Gomes,Lima de da Rocha
4971,Fogão,Brastemp,1,5887.7,Linha Branca,2024-08-14,Carolina Pereira,Barbosa de Fogaça
4972,Secadora,Philco,2,2881.14,Linha Branca,2024-06-01,Sarah Azevedo,Sales
4973,Máquina de Lavar,Mondial,5,5084.78,Linha Branca,2024-12-21,Murilo Teixeira,Fogaça do Campo
4974,Secadora,LG,4,3896.53,Linha Branca,2025-06-25,Mirella Cardoso,Moura da Mata
4975,Geladeira,Brastemp,5,1804.95,Linha Branca,2024-08-05,Marcos Vinicius Cardoso,Nascimento
4976,Secadora,Consul,4,2329.14,Linha Branca,2024-04-16,Juan Porto,Fernandes de Costa
4977,Fogão,Electrolux,1,4966.67,Linha Branca,2024-12-20,Sra. Pietra Castro,Barros Paulista
4978,Micro-ondas,Brastemp,1,5711.61,Eletroportáteis,2023-11-06,Igor Santos,Gomes
4979,Secadora,Brastemp,5,3489.87,Linha Branca,2023-08-23,Lucas Aragão,da Mota
4980,Micro-ondas,Philco,3,1269.2,Eletroportáteis,2024-03-14,Clarice Moura,Dias
4981,Geladeira,Electrolux,4,5829.88,Linha Branca,2024-11-12,Laís Moreira,Novaes do Amparo
4982,Aspirador de Pó,Panasonic,2,3344.08,Eletroportáteis,2024-12-28,Davi Luiz Nunes,Viana do Oeste
4983,Ar-Condicionado,Samsung,1,2766.29,Climatização,2023-10-20,Sr. Enrico Gomes,Peixoto
4984,Geladeira,Panasonic,4,605.16,Linha Branca,2025-02-26,Dra. Maria Fernanda Azevedo,Rodrigues do Galho
4985,Geladeira,Britânia,3,4605.53,Linha Branca,2024-12-10,Pietro Fernandes,Farias
4986,Micro-ondas,Brastemp,5,5811.43,Eletroportáteis,2025-04-16,Stephany Souza,Duarte do Campo
4987,Cafeteira,Electrolux,4,4505.71,Eletroportáteis,2024-03-05,Davi Lucas Fernandes,Farias da Serra
4988,Liquidificador,Electrolux,1,4042.74,Eletroportáteis,2024-01-02,Srta. Lorena da Costa,Silveira
4989,Ar-Condicionado,Consul,1,771.28,Climatização,2023-07-26,Gustavo Fernandes,Jesus do Galho
4990,Micro-ondas,Electrolux,2,4759.34,Eletroportáteis,2024-04-07,Ana Clara Barros,da Rosa do Amparo
4991,Cafeteira,Britânia,3,633.38,Eletroportáteis,2023-11-07,Dr. Marcelo da Cunha,Sales
4992,Geladeira,Samsung,3,2841.84,Linha Branca,2023-07-13,Evelyn Ramos,Sales da Praia
4993,Máquina de Lavar,Brastemp,4,4637.1,Linha Branca,2024-10-29,Gabriela Cardoso,Dias
4994,Máquina de Lavar,Panasonic,1,576.68,Linha Branca,2024-08-01,Marcos Vinicius Costela,Ramos Grande
4995,Liquidificador,Brastemp,3,3701.59,Eletroportáteis,2024-05-14,Maria Eduarda Ferreira,Cavalcanti da Mata
4996,Geladeira,Panasonic,1,5508.63,Linha Branca,2023-11-03,Maria Sophia da Cruz,Gomes
4997,Ar-Condicionado,Panasonic,3,1278.85,Climatização,2023-09-15,Bernardo da Mota,Almeida Alegre
4998,Cafeteira,Consul,1,3542.03,Eletroportáteis,2025-04-21,Theo Cunha,Moraes de Goiás
4999,Secadora,Electrolux,1,2876.09,Linha Branca,2023-10-06,Benício Nogueira,Caldeira
5000,Secadora,LG,3,3314.55,Linha Branca,2025-06-06,Vitor Gabriel Teixeira,Azevedo
